snapnum scale logmstar logmgas sfr_inst sfr_20Myr sfr_100Myr sfr_1Gyr logmcgm avg_Zstars avg_Zism avg_Zcgm cgm_cold_frac galaxy_size logmvir logrvir num_gas_inner num_gas_outer mdot_in_inner mdot_out_inner mdot_in_outer mdot_out_outer zdot_in_inner zdot_out_inner zdot_in_outer zdot_out_outer mdot_in_outer_dm mdot_out_outer_dm logmgas_dense logmgas_warmionized logmgas_denseSF logmgas_densez logmgas_cold cosmic_age redshift Vvir_DM halo_conc mdot_out_ism_0 mdot_out_halo_0 zdot_out_ism_0 zdot_out_halo_0 edot_out_ism_0 edot_out_halo_0 mdot_out_ism_half zdot_out_ism_half edot_out_ism_half mdot_out_halo_esc zdot_out_halo_esc edot_out_halo_esc vcirc_halo mdot_in_ism_tracked mdot_out_ism_tracked mdot_in_halo_tracked mdot_out_halo_tracked mdot_in_halo_dm_tracked zdot_in_ism_tracked zdot_out_ism_tracked zdot_in_halo_tracked zdot_out_halo_tracked edot_out_ism_tracked edot_out_halo_tracked f_fountain logmcgm_new logmism_new vcirc_ism vcirc_half TE_cgm KE_cgm edot_in_halo edot_in_halo_th edot_in_halo_kin edot_out_halo edot_out_halo_th edot_out_halo_kin edot_out_ism edot_out_ism_th edot_out_ism_kin TE_inner KE_inner
2 0.0625 -inf 4.326373309531103 0.0 0.0 0.0 0.0 6.436963007424937 nan 2.0000000348713333e-06 2.000000455671139e-06 0.12919898533318988 nan 7.508731094219045 1.0221309868911814 15.0 47.0 0.006552197254292509 0.0018410460632290006 0.040870736154887344 0.0010328987095158614 1.3104394475499603e-08 3.682092117161612e-09 8.17414721033973e-08 2.065797413816085e-09 0.2572539643265434 0.13982943108281826 -inf 4.150282070479155 -inf -inf 3.849252074815173 0.2689010660009527 15.0 14.525817698519871 2.839362859725952 0.001697005762844916 0.00014520718231397756 3.3940115171207767e-09 2.9041436389472937e-10 1.9015915336059715e+35 1.7316235387135676e+34 0.001697005762844916 3.3940115171207767e-09 1.9015915336059715e+35 0.00014520718231397756 2.9041436389472937e-10 1.7316235387135676e+34 15.143184809956978 0.004661767506677143 0.003995800720008979 0.0832458483335204 0.0019979003600044897 0.4243452256201885 9.323534989814621e-09 7.991601419841105e-09 1.6649169624668968e-07 3.9958007099205525e-09 4.643469790067096e+35 2.8859079853276834e+35 0.0 6.431315437726882 4.752342061807116 6.302501727017327 13.489612940302981 1.1993913819248502e+52 5.190239439769963e+51 1.677478379737462e+37 9.582160313836421e+36 7.192623408161998e+36 2.8858130759988374e+35 2.2968981186919048e+35 5.889149985264386e+34 2.4856405601166326e+35 2.1616705276448085e+35 3.239700242061193e+34 4.544323323039265e+50 1.0504660874508338e+50
3 0.06408 -inf 4.326373309531103 0.0 0.0 0.0 0.0 6.555969812703559 nan 2.0000000348713333e-06 2.0000004819405347e-06 0.22396855235996574 nan 7.582068221416795 1.0352187176635064 20.0 75.0 0.003907861209033673 0.0038549643751086835 0.07360778613472534 0.000364638785822719 7.815722398334544e-09 7.709928730751666e-09 1.4721557189776712e-07 7.292775698041891e-10 0.3776396099143272 0.14183689294248825 -inf 3.849252074815173 -inf -inf 4.150282070479155 0.2792000946506273 14.605493133583021 15.376023877279 2.5701446533203125 0.0034507867007056766 0.0 6.901573383986556e-09 0.0 3.742221749929812e+35 0.0 0.002993115829444127 5.9862316437744725e-09 3.3153777505813052e+35 0.0 0.0 0.0 15.585610277527962 0.009209528045647777 0.001315646863663968 0.15129938932135634 0.0 1.1428560882194945 1.841905604479191e-08 2.631293720684558e-09 3.025987778787242e-07 0.0 1.6293410739727576e+35 0.0 0.0 6.550820059871101 4.803494584254498 7.3550043391474 13.267088608093033 1.5477556906582756e+52 6.776628287377763e+51 2.968423825282463e+37 1.7417029875372243e+37 1.2267208334548825e+37 0.0 0.0 0.0 1.681004424218318e+35 1.4292035954924277e+35 2.5180087431737557e+34 5.64266043846385e+50 1.1256998052775815e+50
4 0.06566 -inf 4.8034945909224085 0.0 0.0 0.0 0.0 6.714356011550183 nan 1.9999999706125725e-06 2.000000454584281e-06 0.2783083816965215 nan 7.695450493258409 1.0765958444254065 38.0 107.0 0.01026609795752302 0.0032149753313625426 0.11809697715269832 0.00012600992982337672 2.0532195863207224e-08 6.4299506464910216e-09 2.3619395370906427e-07 2.5201985901046443e-10 0.8138972526579225 0.04187071001436832 -inf 3.849252074815173 -inf -inf 4.752342061807116 0.2896271873383908 14.229972586049346 16.50279214175132 2.443978786468506 0.002980122198315287 0.0 5.960244381582403e-09 0.0 3.391738182845519e+35 0.0 0.0026829448343358943 5.3658896551242196e-09 3.0691203683503243e+35 0.0 0.0 0.0 17.05218724814185 0.0123494933163486 0.003249866662197 0.26908895962991164 0.0 1.8151611171080766 2.4698986570338254e-08 6.499733307983751e-09 5.381779179010545e-07 0.0 3.021368933248464e+35 0.0 0.4 6.707187339534602 5.171471369549092 7.65386792163043 13.503843166653722 2.138775916454195e+52 1.0353474245617777e+52 6.185735224485355e+37 3.068915440408203e+37 3.116819809789621e+37 0.0 0.0 0.0 3.9349609773181814e+35 3.402978503806307e+35 5.319826388506921e+34 9.790510542384327e+50 1.6868892611389304e+50
5 0.06724 -inf 4.928433300859066 0.0 0.0 0.0 0.0 6.907678144175659 nan 2.0000002105774224e-06 1.999999938700357e-06 0.3216782632948937 nan 7.844803638129997 1.1266983285571277 56.0 148.0 0.011965807675890854 0.002976541615056369 0.17363207006876807 0.0 2.393161529136019e-08 5.953083215082648e-09 3.4726413926077855e-07 0.0 1.3372695932780787 0.041386129017690954 -inf 4.326373309531103 -inf -inf 4.8034945909224085 0.3001807675421396 13.872099940511601 18.281816555349224 2.5078186988830566 0.0024614747075171767 0.0 4.922949402605101e-09 0.0 2.3309495515989504e+35 0.0 0.0008726210829766644 1.7452421615470157e-09 9.600597261313752e+34 0.0 0.0 0.0 18.98446288327922 0.11637265785970777 0.004525603361210858 0.3614017541309813 0.0 2.7227363625841328 2.327453151317901e-07 9.051206699569614e-09 7.228035064370593e-07 0.0 3.853154249012642e+35 0.0 0.2857142857142857 6.898857687410146 5.393320119165448 7.870438904174319 14.92528864863899 3.133426064983994e+52 2.2851238333908878e+52 1.023307566733669e+38 4.1234784177019443e+37 6.109597191435383e+37 0.0 0.0 0.0 2.5083248753913044e+35 2.3294698363423047e+35 1.7885500580183435e+34 1.0223366089608694e+51 3.3199379465722972e+50
6 0.06881 -inf 5.910142225165009 0.0 0.0 0.0 0.0 7.051265623938948 nan 2.9597998300159526e-05 1.1058699587608685e-05 0.12563968703312636 nan 7.973623151685092 1.1805636967604498 163.0 199.0 0.19653333081158297 0.01208570096385533 0.20092869089212723 0.0 8.904687139575403e-06 1.05530026584611e-06 4.018573807696621e-07 0.0 1.0489709407439127 0.02491035858007873 5.354807299643549 5.104733881865432 -inf -inf 5.836213035120113 0.31079133809411685 13.532771399505886 19.700828615291904 2.908356189727783 0.011863339406967 0.0 1.0441760575390329e-06 0.0 2.4028963547206825e+37 0.0 0.010443748284179582 9.760654115002247e-07 2.254808769978413e+37 0.0 0.0 0.0 21.22631615955766 0.0 0.12454904152329334 0.3258224084968846 0.12073812779423022 2.1025290742035203 0.0 4.155251299215023e-06 6.516448153485242e-07 3.855684267831693e-06 8.105295768480072e+37 3.135634939809376e+38 0.0 7.025114229060787 6.167524829654778 10.0472957210715 19.685979889345674 8.459755938447826e+52 2.0434686538669265e+53 9.279692237705626e+37 3.7254426284533873e+37 5.554249636671958e+37 3.1409840366554208e+38 7.689278786913925e+37 2.3720561298265042e+38 4.111716849989486e+37 1.8527767750630903e+36 3.926439226618852e+37 3.8424651000444275e+51 1.8140812454420452e+52
7 0.07039 -inf -inf 0.0 0.0 0.0 0.0 7.142616105249804 nan nan 5.2288451897025176e-05 0.18796754064219467 nan 8.085188389318876 1.2116331195809 0.0 262.0 0.0 0.0 0.21085042910294066 0.15316550973052911 0.0 0.0 4.2170085714118897e-07 1.7813171460643667e-05 1.8469119991217757 0.003322896496450359 -inf -inf -inf -inf -inf 0.3215926032351987 13.206563432305726 21.369910174262348 4.054783344268799 0.0 0.1455630482648897 0.0 1.7501518204567548e-05 0.0 8.312925022107374e+38 0.0 0.0 0.0 0.135363481970551 1.7481119072030374e-05 8.287232371857375e+38 22.45664320981169 0.0 0.0 0.34920265738579953 0.47207114731542804 2.695049798332769 0.0 0.0 6.984053130082952e-07 3.922362584490151e-05 0.0 7.769609414551901e+38 0.0 7.142616073152321 -inf 12.365095343499705 22.497051502305844 6.593468681000103e+52 3.5658905520869754e+53 1.1314078047132423e+38 4.095026341362239e+37 7.219051637027725e+37 7.767350786859504e+38 7.608112604403439e+37 7.006539532565003e+38 0.0 0.0 0.0 0.0 0.0
8 0.07197 -inf -inf 0.0 0.0 0.0 0.0 7.094697615464992 nan nan 5.785867385666942e-05 0.30362970756043267 nan 8.163920430868496 1.243744505909016 0.0 315.0 0.0 0.0 0.16756663868917118 0.36071175911167275 0.0 0.0 3.3766937042652526e-07 3.700033594401374e-05 0.9645116876208528 0.06473759135375068 -inf -inf -inf -inf -inf 0.3325159522183013 12.894678338196469 22.299378316302974 5.541419982910156 0.0 0.33986159141253436 0.0 3.572505790661134e-05 0.0 7.629625114568316e+38 0.0 0.0 0.0 0.32349817942455306 3.565328712747438e-05 7.593190366035682e+38 23.578956200883624 0.0 0.0 0.08262308240307893 0.646403808698169 1.7874511193881046 0.0 0.0 1.6979467045235462e-07 4.572860246118863e-05 0.0 6.240786857182785e+38 0.0 7.094697609190124 -inf 10.236799828449053 24.43865066630262 4.974064118334273e+52 2.4835664195551373e+53 3.6928938010388253e+37 9.631019693423514e+36 2.7297918182856127e+37 6.237517501225243e+38 6.848950270965874e+37 5.5526224831098584e+38 0.0 0.0 0.0 0.0 0.0
9 0.07355 4.713105501811112 -inf 0.0 0.0 0.0005165418359375 5.165418359375e-05 6.778356984847577 5.438352931897748e-06 nan 7.070601434545005e-05 0.5335954979998644 nan 8.22774757689844 1.261754123451415 0.0 828.0 0.0 0.0 0.06276819387527505 1.415501684291066 0.0 0.0 1.4122675508233974e-07 0.00011703018607637727 1.288465133502541 0.02146840056014384 -inf -inf -inf -inf -inf 0.3435600096674508 12.596193065941536 23.253371637067584 7.921880722045898 0.0 1.3124904965451298 0.0 0.00011066472265118758 0.0 2.1137670755675845e+39 0.0 0.0 0.0 1.1975830770516276 0.00010740230468583098 2.0831585406124647e+39 23.803975160035854 0.0 0.0 0.0258141440091234 0.41077106135829256 1.8051288722226595 0.0 0.0 1.4057597705917904e-07 3.252464946205638e-05 0.0 3.916602904191086e+38 0.0 6.778357008834091 -inf 15.831692392035718 26.53265796097617 2.0882476326738624e+52 1.4379556974848322e+53 5.994015014099436e+36 2.7883291498156605e+36 3.205685813502457e+36 3.922720237445019e+38 3.810501571487888e+37 3.541670073072973e+38 0.0 0.0 0.0 0.0 0.0
10 0.07513 -inf -inf 0.0 0.0 0.0 0.0 6.189804774695906 nan nan 4.5902017085454405e-05 0.9086824936870277 nan 8.280011875102016 1.2778083129318485 0.0 543.0 0.0 0.0 0.008649447677036471 0.4197028245110348 0.0 0.0 9.057923849790227e-08 2.58440948535338e-05 1.254579519738799 0.053631291842145816 -inf -inf -inf -inf -inf 0.3547234436943497 12.31026221216558 23.98698320561895 8.113067626953125 0.0 0.3576933294119986 0.0 2.3032847716985088e-05 0.0 2.2462313571122913e+38 0.0 0.0 0.0 0.1910980172928725 1.546107961130937e-05 1.7627436452669684e+38 24.159639800069233 0.0 0.0 0.17213334637150224 0.10464057343558521 2.1042126809784536 0.0 0.0 2.1714077833714994e-06 5.428868370917325e-06 0.0 4.117382165464762e+37 0.0 6.189804786339002 -inf 13.94880305618874 27.499626166601633 3.479415531986611e+51 1.4122908457591711e+52 3.274479019088913e+37 1.2301812398831384e+37 2.0442977745550665e+37 4.117246374303251e+37 5.24628891250121e+36 3.592617505091288e+37 0.0 0.0 0.0 0.0 0.0
11 0.07671 3.7553728814484586 -inf 0.0 0.0 5.69341552734375e-05 5.69341552734375e-06 6.367896123114806 3.2297578140678444e-05 nan 2.4285284376996742e-05 0.7907996485061511 nan 8.349213858275444 1.2959897710244577 0.0 656.0 0.0 0.0 0.067710042700278 0.13357090426027868 0.0 0.0 4.287797530293988e-07 5.004076178340759e-06 1.168588523983792 0.07183202285697025 -inf -inf -inf -inf -inf 0.3660049635504479 12.03611002476861 25.174832904657634 6.413538455963135 0.0 0.09404604117710161 0.0 3.86761139916923e-06 0.0 8.184948272137569e+37 0.0 0.0 0.0 0.022899997731740958 1.1827924749641523e-06 6.488179377212538e+37 24.902996979967746 0.0 0.0 0.10663217939347197 0.053954627480839075 1.866853369515793 0.0 0.0 7.741703380962541e-07 1.8532240143772358e-06 0.0 9.456770409752354e+37 0.0 6.367896151747933 -inf 16.079133828929123 27.060252710622567 7.161314209499161e+51 5.551901656253941e+52 1.640481878478626e+37 8.351567533472593e+36 8.053251144716989e+36 9.456451137018641e+37 4.612422071671896e+36 8.995208829096333e+37 0.0 0.0 0.0 0.0 0.0
12 0.07828 3.7553728814484586 -inf 0.0 0.0 5.69341552734375e-05 5.69341552734375e-06 6.4696111617554735 3.2297578140678444e-05 nan 6.375614601528739e-05 0.29488192369836635 nan 8.37438013051484 1.309454240227812 0.0 334.0 0.0 0.0 0.07030151991370004 0.1275477449098088 0.0 0.0 1.7370408609036364e-06 1.1020766783909367e-05 1.3885515006020452 0.1164866015334041 -inf -inf -inf -inf -inf 0.3773308111386617 11.774655084312723 25.259112142913274 5.01710319519043 0.0 0.10448573191885652 0.0 9.666783069800469e-06 0.0 6.241382304830104e+38 0.0 0.0 0.0 0.044190424309396285 6.1068392047360285e-06 5.91621480711626e+38 25.44238506255583 0.0 0.0 0.17821899216455114 0.030446705542763453 2.257847012496713 0.0 0.0 2.3969744457476417e-06 6.189533257794248e-06 0.0 4.8081639560716356e+38 0.0 6.469611161467798 -inf 16.265826889098303 25.67279438806884 7.387467682807404e+52 2.0276532104877842e+53 8.360784997333459e+37 4.235064115439236e+37 4.125720881217703e+37 4.808005588879861e+38 2.160292211308676e+38 2.6477134633184786e+38 0.0 0.0 0.0 0.0 0.0
13 0.07986 3.7553728814484586 -inf 0.0 0.0 5.69341552734375e-05 5.69341552734375e-06 6.672242537059376 3.2297578140678444e-05 nan 5.754643231837541e-05 0.0947237978792598 nan 8.415479872134242 1.325008984557372 0.0 326.0 0.0 0.0 0.0989261882153068 0.16306869802312368 0.0 0.0 1.4497265465773485e-06 4.044223509518246e-05 1.3568119114431196 0.12758518816117304 -inf -inf -inf -inf -inf 0.38884405621280466 11.521913348359629 25.75439399138576 3.6873104572296143 0.0 0.14776379375802323 0.0 3.914857621525713e-05 0.0 2.0604658521682685e+39 0.0 0.0 0.0 0.12465124671644762 3.751079959862327e-05 2.0367604290701658e+39 26.142758093476107 0.0 0.0 0.11272897842156479 0.08504452678876752 2.147575258741082 0.0 0.0 1.3280276191620534e-06 8.01523023786703e-06 0.0 3.0178817478338554e+38 0.0 6.672242521182886 -inf 15.966731429182069 23.875429776202854 4.450460747364274e+52 2.5291310332886825e+53 3.5910053521330647e+37 1.6406049982863368e+37 1.9504003848716325e+37 3.0177823328523298e+38 5.382573288900155e+37 2.479525005615473e+38 0.0 0.0 0.0 0.0 0.0
14 0.08144 4.6014326105546015 -inf 0.0 0.0 0.000399422578125 3.99422578125e-05 6.698806179276916 1.9999999646391632e-06 nan 5.137022724751499e-05 0.10466945733583422 nan 8.457074958466936 1.3371604984295473 1.0 375.0 0.0030543516453114625 0.0 0.06942327684962732 0.20301858234109454 2.0622962000506842e-07 0.0 4.2113684681947835e-07 1.653169039661287e-05 1.8037325347541575 0.33506158420190435 -inf -inf -inf -inf -inf 0.4004717480550176 11.278978388998036 26.38267890993842 3.1878819465637207 0.0 0.17867031946619943 0.0 1.5006044153709431e-05 0.0 4.1971715983041695e+38 0.0 0.0 0.0 0.1283733173425866 1.199706847478911e-05 3.698013344444055e+38 26.623370955262015 0.0 0.0 0.16369825350058143 0.18068669197560808 2.8426984964734783 0.0 0.0 6.758700836488219e-06 1.2922911361759528e-05 0.0 3.783384942010953e+38 0.0 6.698806188738264 -inf 15.503855276796203 23.74064380317044 3.480532887166964e+52 1.772544473740956e+53 6.0169592806308995e+37 1.5912636291410817e+37 4.4256956726063475e+37 3.7832602796945986e+38 2.655104568158602e+37 3.517749810363775e+38 0.0 0.0 0.0 8.963133581376088e+50 6.436767270444782e+50
15 0.08302 4.057886870204126 -inf 0.0 0.0 0.0 1.1425806640625e-05 6.680646661417612 1.7097114325122546e-05 nan 4.650911444357507e-05 0.33925888814968314 nan 8.510898109912283 1.3511915433929658 0.0 544.0 0.0 0.0 0.27767863020072175 0.16321991046555356 0.0 0.0 2.3644771576221862e-05 1.0538778013452772e-05 3.684999228082869 0.6737597157261473 -inf -inf -inf -inf -inf 0.41221273997582253 11.045290291496025 27.355361802409792 2.4503333568573 0.0 0.1381127265376372 0.0 9.24050682432498e-06 0.0 1.615545501148892e+38 0.0 0.0 0.0 0.07227232949976477 6.1118457472298675e-06 1.0625628325646534e+38 27.19305984280589 0.0005806951805127409 0.0 0.33478977459643755 0.022589284743085202 5.389692210375784 1.1300348347281279e-07 0.0 1.6827171629517994e-05 1.4046110084737e-06 0.0 2.413461064138815e+37 0.0 6.680646618903696 -inf 17.253539939337916 24.14559189900323 2.6590451031798046e+52 1.124673170749096e+53 2.7050546700535596e+38 4.936927187037415e+37 2.2113619572002553e+38 2.4133815716892933e+37 2.1321286243448225e+36 2.2001687134068035e+37 0.0 0.0 0.0 0.0 0.0
16 0.0846 3.7553728814484586 -inf 0.0 0.0 0.0 5.69341552734375e-06 6.934746680900495 3.2297578140678444e-05 nan 5.655077095574874e-05 0.2744384704818892 nan 8.593910583671763 1.3771069076798101 7.0 525.0 0.008917882170019029 0.0024523272586474713 0.13101396850709218 0.10396939061666652 9.853741568695884e-07 4.028535527643073e-07 1.4053731133994672e-05 6.772872648138591e-06 3.1795433579036363 0.6421099605203957 -inf -inf -inf -inf -inf 0.4240659169647723 10.82033096926714 28.93991164582486 2.7097339630126953 0.0023923560970577308 0.0792926362396973 3.9478017746632954e-07 5.282183854775194e-06 1.4655906632820607e+37 1.0360195335848247e+38 0.0023923560970577308 3.9478017746632954e-07 1.4655906632820607e+37 0.02359298622465648 1.7794688716338326e-06 4.904204179216428e+37 28.729605423820313 0.0011547822464647295 0.0005790050199460063 0.27256957074700433 0.03986145005982598 3.868134132546758 2.137206287564283e-08 1.1267457764049514e-07 1.152923417490323e-05 3.888777556909198e-06 1.9570069529196265e+36 7.795239312454068e+37 0.0 6.934388804356675 3.85053471851508 17.53475302990375 25.499933357370104 5.576489678566115e+52 2.070829097164868e+53 2.3005629358373172e+38 5.943460878642609e+37 1.7062168389091213e+38 7.794976109539369e+37 1.7195435833120426e+37 6.075432470769241e+37 0.0 0.0 0.0 9.957296468479852e+50 5.3437275060608683e+51
17 0.08617 3.7553728814484586 3.849750301922718 0.0 0.0 0.0 5.69341552734375e-06 7.058741901558143 3.2297578140678444e-05 3.8994632614390336e-05 6.658079927788302e-05 0.21308175126043646 nan 8.628946088131793 1.3923110629279996 3.0 565.0 0.001196143910459477 0.0011185143031018471 0.3005029525873196 0.10248208820732804 2.1888592855410666e-08 1.5894755771972864e-07 3.410224372759245e-05 8.81422341717265e-06 3.107627657044149 0.7033982162364278 -inf -inf -inf -inf 3.849750301922718 0.4359541237521342 10.604966925844261 29.33729112431771 2.7086269855499268 0.001090535342790549 0.08164011775553236 1.562441814515091e-07 7.532483736807772e-06 1.9787123629265035e+36 1.0881044193306136e+38 0.001090535342790549 1.562441814515091e-07 1.9787123629265035e+36 0.043227180694189876 5.683351177629572e-06 8.48161454480646e+37 29.531183612850395 0.011376045413237477 0.0005685473334584238 0.44982767615836144 0.044385815581066114 5.854783905671697 5.90424406042161e-07 1.0404016600578135e-08 2.3075580237445963e-05 6.1435231153577366e-06 7.261124998953318e+35 2.7580116090572144e+38 0.0 7.058473647537066 4.150567749812296 17.1865079041579 26.9483913828319 1.1571544703510239e+53 3.787991762522437e+53 5.80906120804368e+38 6.637951596728892e+37 5.14526602757851e+38 2.757920747281541e+38 1.1437349394724534e+38 1.614185775705485e+38 4.8989079974057326e+35 9.33970101142953e+34 3.9649376512088386e+35 9.428534563848888e+49 7.82567177001701e+50
18 0.08775 4.225120458704791 4.1505023157221865 0.0 0.0 0.0 1.6792697265625e-05 7.217058097297043 1.2272125643406304e-05 4.1340779190001496e-05 7.187339807637162e-05 0.16298833153380451 nan 8.713330166258253 1.4144733789371735 46.0 793.0 0.03650802155564422 0.00343395957919894 0.5451523382216266 0.11210073326842511 2.4872888932578908e-06 3.8249939384369284e-07 5.087811643743754e-05 9.688112440039165e-06 5.826406651096864 0.5428691174710001 -inf 4.1505023157221865 -inf -inf -inf 0.448027751798017 10.396011396011398 31.230962976738383 2.1930580139160156 0.0032692897917540923 0.0880239691578056 3.6424634675223787e-07 8.076933159263066e-06 6.85208056814309e+36 1.4064517352081274e+38 0.00020097904013069415 3.048756806733102e-08 2.866053952964444e+36 0.039238196862197636 4.663833458487646e-06 1.0645269920503718e+38 30.904344913017958 0.03382428029720073 0.005076056256948977 1.3699703068491453 0.044010552302698895 14.064763905681758 2.448834648542054e-06 2.448742668810966e-07 5.081587247635901e-05 7.069880748813621e-06 8.013306036394398e+36 2.0731574631342453e+38 0.0 7.213502612636934 5.17184591218728 19.349975091787552 29.298541937905654 1.7602091135446004e+53 6.188946913460383e+53 1.8019595498532568e+39 1.9350513509850992e+38 1.6084544124984075e+39 2.0730892078569776e+38 4.839204940392024e+37 1.5891687025509564e+38 0.0 0.0 0.0 2.9327212767895928e+51 1.0144391605355153e+52
19 0.08933 4.529646469252859 5.462522477029408 0.0 0.0 0.0 3.385684375e-05 7.516572244394881 7.034770889744813e-06 0.00010035055492516674 6.719899048361142e-05 0.15021384866289433 nan 8.80850432514561 1.45649147613045 79.0 1100.0 0.028469152477335898 0.024866818965350066 0.6555052251860345 0.24208633466570806 2.458899272474347e-06 9.430078165172539e-07 1.8372187010190858e-05 3.40759299233047e-05 5.719404008063588 0.3560382974080366 -inf 5.381261734731106 -inf -inf 4.694621794820927 0.460210401578641 10.194447554013209 32.90700081141944 2.8011560440063477 0.021041655607345836 0.20689180195385298 8.377006493809478e-07 3.079535919087403e-05 3.087900610846678e+37 5.452829155212024e+38 0.010705180087117737 5.152453430910461e-07 2.13450097919451e+37 0.13623023508012538 2.597381805131214e-05 4.796323572444955e+38 34.339902636416795 0.01453398372632013 0.03074710484019035 0.7121303856708391 0.1325136819107878 5.762910448971917 1.0872293068185296e-06 2.380686436622883e-06 1.5089378452980631e-05 2.0034242272910702e-05 3.065676908908095e+37 3.441895702599042e+38 0.03636363636363636 7.513570171519048 5.712983648977622 20.419360072738034 30.42556038839264 2.2208796291653936e+53 1.5377079607674204e+54 7.199796243285568e+38 8.4461538082263865e+37 6.3551808674644894e+38 3.4417832219676165e+38 4.045881879873002e+37 3.037195036267359e+38 1.5403186157400674e+37 2.632320609257828e+36 1.2770865949483453e+37 4.5806375975834434e+51 1.4213150659358824e+52
20 0.09091 4.232219309155002 4.963786868474207 0.0 0.0 0.0 1.706944140625e-05 7.606275699912218 2.667550704552633e-05 9.323874617770471e-05 6.746475194403749e-05 0.2316102965382909 nan 8.851734711666294 1.4660518372407867 83.0 998.0 0.030744442667318718 0.03187534936651746 0.43156580658853394 0.2033433374937338 3.68360996585269e-06 2.7235081668935025e-06 8.344855507278199e-06 2.0489751388249597e-05 3.903154373092302 0.333846324691508 -inf 4.963786868474207 -inf -inf -inf 0.47250107029581284 9.999890001099988 33.90909138365235 4.499519348144531 0.02894634497756845 0.17054702745508007 2.3407123169470325e-06 1.7962218469554335e-05 3.017279880590597e+37 3.120284848297025e+38 0.0017857211761557758 2.8576042867663216e-07 9.984161727865881e+36 0.09995050161819007 1.3370243532534166e-05 2.5779720940014425e+38 35.525689587170106 0.0005824703446673689 0.02552980349392553 0.7093520370865193 0.13228598129016175 5.180359570270271 4.912081695742309e-07 2.3640866154414755e-06 1.7983582943574004e-05 2.2145236179851486e-05 4.69570354510994e+37 3.9135127875884035e+38 0.0 7.603910296674515 5.493302753996464 20.353379021103443 33.78857841842029 2.760483586860203e+53 1.550925775762442e+54 5.536107846984403e+38 8.340067920022596e+37 4.702101064994144e+38 3.9133994352705554e+38 4.700974181471826e+37 3.443302020034958e+38 1.34064339282027e+37 1.0539539656514571e+36 1.235248015710275e+37 3.9260301816771355e+51 3.064283997797843e+52
21 0.09242 3.75021827212992 -inf 0.0 0.0 0.0 5.626240234375e-06 7.676906873560244 3.229757904805494e-05 nan 6.337533852459556e-05 0.30842420326134123 nan 8.887154666909591 1.485049688845018 2.0 1163.0 0.001806967686611412 0.000717888844269184 0.44097963065382706 0.26473584492062296 1.7001696996668141e-06 2.896123492724604e-08 9.206853071907964e-06 3.285260295039239e-05 2.6515267328663414 0.23820907593386148 -inf -inf -inf -inf -inf 0.4843472616162803 9.820168794633195 34.27283667330477 4.9736223220825195 0.0006992001999522854 0.23050877746068185 2.8207293390399295e-08 2.9675181659879257e-05 6.93296266849829e+35 5.11494598234024e+38 0.0 0.0 0.0 0.1670445431569179 2.442395262778089e-05 4.774779336225039e+38 35.98485341700535 0.0 0.0 0.5938800944139958 0.37720138354292904 3.763031291327872 0.0 0.0 1.2947406898071035e-05 4.944038365527691e-05 0.0 1.1728153389169943e+39 0.0 7.676841628136514 3.8537641407258185 20.829251613665864 36.513376913544235 2.753362608779919e+53 1.4800812822465335e+54 4.075796814241598e+38 6.818773179489897e+37 3.393919495715068e+38 1.1727763863922284e+39 1.3449288867079838e+38 1.0382834970360495e+39 0.0 0.0 0.0 7.451619423266652e+51 6.799185639146839e+50
22 0.09394 4.452209475910997 -inf 0.0 0.0 0.000118343798828125 2.8327580078125e-05 7.700760881070735 3.9323270230748026e-05 nan 5.361259503866005e-05 0.39460128435683206 nan 8.918710471789733 1.4921193814747995 2.0 1278.0 0.0009728957836160014 0.0009629670063957615 0.4028659987113422 0.3707342544876721 4.2597954645787965e-08 1.1961436091674677e-06 6.904408743196162e-06 4.5183356808426695e-05 2.6880485552405533 0.35342510318808307 -inf -inf -inf -inf -inf 0.4963698009471401 9.645092612305728 34.966391162513176 4.959471225738525 0.0009492770688103521 0.3275756620716306 1.1791387364730452e-06 4.112943789029214e-05 4.38890807719149e+37 6.257842984380158e+38 0.0009492770688103521 1.1791387364730452e-06 4.38890807719149e+37 0.2487722860385143 3.5165617229737894e-05 5.813515677662445e+38 36.3098209073487 0.061586829847094154 0.0005873549686082109 0.5417052635187876 0.24196224992156246 3.5420289317486335 1.872836598572946e-06 7.29579401316197e-07 1.0477417054653687e-05 2.8410949238762386e-05 2.71567914686079e+37 3.7757432524005616e+38 0.0 7.700697914168463 3.862171982998182 21.565440947971123 37.15774753675497 2.2546244396946816e+53 1.0316988728771323e+54 3.408563302476444e+38 6.21501885694527e+37 2.7870614149469105e+38 3.775614573154307e+38 4.402656474430953e+37 3.335348929270912e+38 0.0 0.0 0.0 6.262342514480553e+51 3.582932799073958e+50
23 0.09545 4.217304956211832 5.380869493260229 0.0 0.0 0.0 1.6493201171875002e-05 7.729832002646001 1.233525566655719e-05 4.390362101627416e-05 4.6228765071207754e-05 0.5074314915604176 nan 8.938327957399279 1.4985069072073152 252.0 1336.0 0.15160293474597947 0.026809309596344314 0.3994280145117957 0.22775924921343882 4.473580138018757e-06 6.582136391209778e-07 6.20986125335848e-06 2.359503417038899e-05 2.5216123707843914 0.3132647348487021 -inf 4.752426316853795 -inf -inf 5.264380616319514 0.5084096784167872 9.476689366160294 35.221115223537716 5.031876564025879 0.025289226449890127 0.18878697439267897 6.311430859961857e-07 2.012839732118526e-05 4.399220225182712e+37 1.411116346217865e+38 0.0021495500445325006 1.679752384020642e-07 3.9863002738349687e+36 0.0962961355042144 1.199997425203484e-05 1.0128293528625888e+38 36.624303587377106 0.14332693959720666 0.06070293973757462 0.5912511256350275 0.17769191233931395 3.3344525564867875 4.6238880600678755e-06 1.8904481502078268e-06 1.1557041144733667e-05 1.5411471511544617e-05 8.805161895279047e+37 1.1135012235537286e+38 0.0 7.725579602586424 5.882770291541958 21.52580831887261 36.111410866884775 2.2039311167394624e+53 8.453594801444807e+53 3.058978439023614e+38 6.783435770502147e+37 2.3806348637236154e+38 1.1134642070753656e+38 2.408214892185023e+37 8.726427160513917e+37 2.8387515054347398e+37 1.8436742466562175e+36 2.6543840799046255e+37 5.7955739437048616e+51 7.120066816098907e+52
24 0.09697 4.437086639569833 5.822475459561197 0.0 0.0 0.0 2.735814453125e-05 7.766858840737084 1.999999863135317e-06 3.4321817512016096e-05 4.164091615525719e-05 0.48118128763727075 nan 8.958529171924486 1.5046857404543186 356.0 1527.0 0.08132724016644474 0.17766147567197502 0.41768389515710935 0.1620298750577357 1.7929836745075196e-06 5.2837942193485604e-06 8.516595627624504e-06 1.4254595632372108e-05 2.5995830948410514 0.20757533460787436 -inf 5.340652659970359 -inf -inf 5.648716053567136 0.5206255553894205 9.312467773538208 35.512689348165495 4.387045383453369 0.157506492050833 0.12391915689206343 4.4208775025106925e-06 1.110936285559821e-05 2.0470793427319433e+38 5.248020348958164e+37 0.09237607131415707 2.0562744856513694e-06 1.250330922077333e+38 0.015251603402833007 1.8560161384735054e-06 1.1344056289648885e+37 36.90674638513362 0.06357930608148471 0.12493023877624845 0.6485964029020744 0.02175919730621081 3.985875334084412 1.4159825206994413e-06 4.361423642223541e-06 1.7365213431948697e-05 1.8565647684439349e-06 1.5520470260811548e+38 1.240613387494132e+37 0.0 7.758320664931543 6.255891114088858 20.293760478995168 33.99695326007453 2.4131097053613393e+53 8.755479838184555e+53 2.9069901960060593e+38 8.296238940256094e+37 2.077366294926114e+38 1.2405722135585308e+37 3.972254467471163e+36 8.433467805970636e+36 6.53339020260549e+37 3.4002803607268656e+36 6.193362115927372e+37 8.048918381518292e+51 8.789152414226076e+52
25 0.09849 4.524559398142446 5.472549671538952 0.0 0.0 0.0 3.3462578125e-05 7.8243747168543365 1.768671636696689e-05 1.3241448208091458e-05 3.993371310741371e-05 0.4422538219657742 nan 8.977679971772526 1.51222586453125 257.0 1485.0 0.06467653946978379 0.11435806161865454 0.4435426245148384 0.0787392208251632 1.9582441165113225e-06 3.7976213269301675e-06 8.418462443746783e-06 6.412665668627337e-06 3.089980127705358 0.38382656633420853 -inf 5.380771899915816 -inf -inf 4.752421869364054 0.532937223325987 9.15331505736623 35.711782615413014 4.177048683166504 0.10627341166810232 0.05449775255523782 3.6377241520538394e-06 4.574319386646946e-06 1.2328202877739354e+38 1.9979611434191756e+37 0.06117287001123174 1.7647470853974152e-06 7.103233201014832e+37 0.003955382336572242 2.888909182213767e-07 2.913136191311828e+36 37.32673706379037 0.07242952324610041 0.06685776584897037 0.8585592949277383 0.008918345221982881 3.8126220179854617 2.020560940998371e-06 1.484952171240328e-06 2.9268671957113854e-05 8.755860028396809e-07 8.786441667010447e+37 5.548027052703447e+36 0.025 7.819842895912531 5.995479527805652 21.719815975953832 34.681175014057516 2.7712850996380394e+53 9.674523417106555e+53 5.291619257564989e+38 1.1534622498209988e+38 4.138157009184211e+38 5.54783799114577e+36 2.9872659826356586e+36 2.560571977697723e+36 3.450709698784702e+37 2.6574302268857602e+36 3.184966663325713e+37 7.176219753031347e+51 6.173966808853806e+52
26 0.1 4.2157241332648985 5.502612901603581 0.0 0.0 0.0 1.6433275390625e-05 7.889310671295227 1.2372944144472875e-05 2.3644693444580087e-05 4.3967917005773745e-05 0.39571337510837923 nan 8.995627070793887 1.5176695015758657 296.0 2253.0 0.0938602743609517 0.08185365311956913 1.2236769987588996 0.02802941662609116 2.0919463180089903e-06 3.0386756733844703e-06 5.089780646183868e-05 2.5018492570324513e-06 2.5781879396247405 1.0362775716042956 -inf 5.393496233457222 -inf -inf 4.849303069335275 0.5452619740163716 9.0 35.95500297361682 3.942387819290161 0.07560001232971204 0.01621902487753025 2.7625963123876313e-06 1.5436510730643768e-06 7.983297688984372e+37 6.891131926661734e+36 0.02957276492120089 4.0561636135692543e-07 3.512145200434852e+37 0.0012658027406112693 9.925141827350321e-08 1.3414943470918697e+36 37.68186731466199 0.13074856745173138 0.05986468077267151 1.317435376972569 0.0052530378460443625 3.532965857680998 3.981168798627494e-06 1.7846229524499084e-06 5.2854542708410823e-05 5.61027115974201e-07 7.719861236539369e+37 4.4852281354484514e+36 0.03508771929824561 7.885130825028448 6.025497965992201 21.14883618527072 35.55194324723126 3.1791872126944524e+53 1.1902719581016215e+54 8.322215511912167e+38 1.6992150164948852e+38 6.623000497029059e+38 4.485084130499614e+36 3.533447778220706e+36 9.516364631594447e+35 3.3640336829780477e+37 2.7309492130595903e+36 3.0909387164505237e+37 9.306616652698483e+51 5.902797593159368e+52
27 0.10159 4.2157241332648985 5.822535147083217 0.0 0.0 0.0 1.6433275390625e-05 7.9765260595756695 1.2372945051240444e-05 3.3751116217150225e-05 4.9679951256557096e-05 0.4008310798209254 nan 9.011055698791097 1.5227116768105322 593.0 1744.0 0.19298982213460059 0.13496837970644035 0.8543957525459945 0.017462678877864745 7.259551819388966e-06 4.160608470326574e-06 2.9931745693804165e-05 1.6828960957107603e-06 2.66242925503957 1.7811671660188035 -inf 5.817891928170278 -inf -inf 3.849252074815173 0.558340224129908 8.84348853233586 36.10165197422447 3.9856326580047607 0.12542588408224942 0.010082876469820404 3.951509735699034e-06 1.0266698599741138e-06 1.3653092489272454e+38 5.318885628454041e+36 0.04132433161230149 1.341676131713031e-06 5.288060507594466e+37 0.00037383233448415684 8.032915668363094e-08 1.2625601187860902e+36 38.03415033440177 0.5286403239026488 0.0576783165657651 0.9039396299792287 0.11390966991027371 3.614039410363786 2.5532992367602757e-05 1.5240537416767033e-06 3.24773877333886e-05 1.2146908690834457e-05 7.978560601362079e+37 4.136904494257738e+38 0.34545454545454546 7.9702914185188245 6.304250932673123 24.111306842571484 36.46882112332234 3.873691031221489e+53 2.0311236530644446e+54 5.549297831987206e+38 1.3598499507175116e+38 4.189447886070956e+38 4.1367685257730335e+38 1.6685929786311134e+37 3.969909236678202e+38 5.752785729908498e+37 4.400866319243562e+36 5.312699144915057e+37 1.8851042087585852e+52 1.1319797667120567e+53
28 0.10317 4.216242197737664 6.53338567970245 0.0 0.0 0.0 1.645289013671875e-05 8.011347228866578 1.2042707864857429e-05 4.0310638999515456e-05 5.6786487038037485e-05 0.43437445455632917 nan 9.025274931507722 1.5276409153270616 1479.0 1654.0 0.6144788313048984 0.11302946890546045 0.5675549666926817 0.45490100805034905 2.9624555815528845e-05 3.5304353671615696e-06 1.6411328362711637e-05 7.464747524732571e-05 2.9050955964199505 1.65444350305804 4.150591737843095 6.2241727552410975 -inf -inf 6.240387317045735 0.5714375499766474 8.69274013763691 36.20935903972735 3.6250805854797363 0.1016700136956492 0.43007974801906035 3.1224233569553058e-06 7.145000705464046e-05 5.045101471707545e+37 2.237464153760489e+39 0.0 0.0 0.0 0.42301693573743165 7.104234350603186e-05 2.2340414906872618e+39 38.253410863822594 0.9712972809698868 0.040861716039694455 0.7099342129420567 0.2609238247202425 3.919189597446031 5.0617200336143894e-05 1.4017748923439238e-06 2.3573863430895784e-05 4.011257730974642e-05 3.3499695276864445e+37 1.2491846416655058e+39 1.0 7.989883096702887 6.922454323941649 23.65715896091956 36.94319312563638 4.768693298690739e+53 2.3522375487678715e+54 4.284695277072881e+38 1.320871754101338e+38 2.963823532800864e+38 1.2491445848190407e+39 2.7418159019744336e+38 9.749629873004896e+38 4.2183152464719484e+37 4.6918277268325616e+36 3.749132494376526e+37 3.835033729949636e+52 1.704680871422732e+53
29 0.10476 4.717972024197735 7.0453737339882805 0.0 0.00070001318359375 0.00014000263671875 5.223625390625e-05 8.004412196331172 2.3109848646207116e-05 4.921134289723557e-05 5.810053859494958e-05 0.4379539520862983 nan 9.03990932420611 1.5318790376200726 2643.0 1568.0 1.086240634420737 0.07164612063167888 0.5387357525153569 0.17709615056091832 7.343494316199372e-05 5.996359134491549e-06 1.681880389639587e-05 2.9812265503702366e-05 3.557436115695103 2.168273127446274 6.031324829261621 6.358712448889355 -inf -inf 6.945331253797507 0.5847189118102099 8.545628102329133 36.36620167163414 3.376955270767212 0.05858919966140366 0.15607681068390464 5.0506520135206145e-06 2.7462234617506655e-05 4.695834556770366e+37 7.245060591727502e+38 0.006010904149426816 5.573778359545868e-07 1.237400865567473e+37 0.1314905465820597 2.576479316397026e-05 7.04873332587439e+38 38.36536409460316 0.5687611123213937 0.22896343466015207 0.7102850306282773 0.09247297650462663 4.707129869577309 3.104364136968225e-05 1.2392509688993052e-05 2.663018275098299e-05 1.4104160440089104e-05 1.2873246671309246e+38 2.0086059534283487e+38 0.06950672645739911 7.9592797175985535 7.323715375208337 27.477376760291925 37.71824762687244 4.278492978397076e+53 2.0781822737953004e+54 5.229744371378795e+38 2.148329282370027e+38 3.081415090725678e+38 2.008541490114729e+38 3.5956200305412746e+37 1.6489794930096243e+38 9.342418771547206e+37 4.531553662973925e+36 8.889263427577744e+37 5.517556187681772e+52 3.627755293306086e+53
30 0.10635 6.060970330695549 7.202767647621246 0.04876018036156893 0.054779927734375 0.010955985546874998 0.0011507217734375 8.014634440018956 0.00011965653446862294 0.00021679830430947932 8.804020472615671e-05 0.31508948880932797 0.07775067769692769 9.055665779220924 1.5372987562320743 2061.0 1627.0 0.2867879392113017 1.0159167070901436 0.6131164461139005 0.12804216583353717 1.1086364466235368e-05 0.0002940434138417223 1.8035021935686577e-05 1.5664631825335074e-05 3.641721074398381 2.532795795490281 6.6956690445875235 6.569969324622685 5.192959221557445 -inf 7.086838998867946 0.5981009204257829 8.402914903620122 36.52542759070034 2.7870495319366455 0.84160745251386 0.10678363100460958 0.00025087670324468555 1.3685531356739745e-05 7.890023639534387e+39 1.3851061184157092e+38 0.5381647604780768 0.000207464274532961 7.626054031972014e+39 0.07029136587840917 1.0645558370033968e-05 1.179634450385889e+38 38.564420081208105 0.0 1.7086607086051275 0.7982320021646421 0.3237091183088971 4.979170582519697 0.0 0.00030378813504732455 2.4909875673859387e-05 7.760807028710546e-05 2.1612600433286363e+39 4.415513272657853e+39 0.0 7.9764221335195185 7.3920219723928104 30.12806636204535 38.33582404641198 1.618685545577976e+54 5.0140982343406646e+54 5.496329456146955e+38 1.632149110078156e+38 3.864180328666515e+38 4.633355072322129e+39 1.6443821056105854e+39 2.9889729311243096e+39 1.5617806189732816e+39 6.467166024422175e+37 1.4971089539209788e+39 7.092485241791337e+52 5.96783484091103e+53
31 0.10794 5.825363630695857 -inf 0.0 0.019194070703125 0.006416106249999999 0.00066890375 8.097361437624 0.00010113328799943395 nan 0.00020506081035070824 0.22017093375163324 0.3068673499160699 9.072723712772994 1.5433073189496735 0.0 2335.0 0.0 0.0 0.7674943930554536 0.9926199336759325 0.0 0.0 2.095359278307029e-05 0.00043066434330818937 4.342186325091095 2.2468006461596737 -inf -inf -inf -inf -inf 0.6115827771614606 8.264406151565685 36.719565572817345 2.7337424755096436 0.0 0.9364382789031885 0.0 0.00042106614506119054 0.0 3.0924444415991595e+40 0.0 0.0 0.0 0.8834410332010264 0.00041627812498458937 3.0899621242112297e+40 38.807597359664875 0.0 0.0 0.7847246412299936 1.9048661276291632 5.316322356671238 0.0 0.0 2.2332494933516838e-05 0.0006903156366620013 0.0 2.6917131221051735e+40 0.0 8.097361423054663 -inf 23.84355861350644 37.467361833992044 2.8266445534514114e+54 1.9889639837592013e+55 5.71680618791844e+38 1.7205004980068673e+38 3.996305688732941e+38 2.6911556248206355e+40 5.3563848979544136e+39 2.1555171324677213e+40 0.0 0.0 0.0 0.0 0.0
32 0.10952 5.796015165042461 -inf 0.0 0.0 0.0059290171093749995 0.0006251945234375 8.037300869057871 0.00012356182979023504 nan 0.00020160561530851575 0.2670449683226728 0.3119390026590693 9.091080469347332 1.5489018889517463 0.0 3739.0 0.0 0.0 0.7226090292993664 2.8899818048440657 0.0 0.0 2.714253366303354e-05 0.0008116371469417803 4.325388259857885 2.3759397034638887 -inf -inf -inf -inf -inf 0.6250779769937408 8.130752373995616 36.99330362880236 2.556446075439453 0.0 2.729947491887705 0.0 0.0007802781464285151 0.0 2.6748634752655746e+40 0.0 0.0 0.0 2.5428435628050927 0.0007636102932936483 2.6632718518980096e+40 38.70509978491941 0.0 0.0 0.3620351790009779 4.673334643812419 6.247255506387549 0.0 0.0 1.2682860253708293e-05 0.0012416075925653597 0.0 4.1172510374400973e+40 0.0 8.03730086703398 -inf 22.068849966192865 35.72834512852415 7.476261187892113e+54 1.114378815165472e+55 4.387054146112374e+38 2.2433463853524356e+38 2.1437076629213193e+38 4.117217413901331e+40 2.0004158295399546e+40 2.1168015839963973e+40 0.0 0.0 0.0 0.0 0.0
33 0.11111 5.926144401753396 -inf 0.0 0.0 0.00789690828125 0.0008436152109374999 7.683585535755863 0.00012995480105547412 nan 0.0001305324403643948 0.2174817615289843 0.24104732870049536 9.111653066277025 1.5555973514624988 0.0 4854.0 0.0 0.0 0.2743047440916122 3.22226534576963 0.0 0.0 1.1428872588224048e-05 0.0006568864178023208 4.459945705493972 2.617194474959922 -inf -inf -inf -inf -inf 0.6387565823408929 8.000090000900009 37.31915726404424 2.5618741512298584 0.0 2.9364303415038555 0.0 0.0006142512199225976 0.0 2.4102097747260644e+40 0.0 0.0 0.0 2.35992087292357 0.0005590102988384739 2.3744416595179357e+40 38.13948120200478 0.0 0.0 0.38215328994400627 1.0934315573912337 6.441754369645474 0.0 0.0 1.5336197039120602e-05 0.00021102044667761568 0.0 9.619392828067793e+39 0.0 7.683585542184414 -inf 22.28190480791988 35.52660023020949 4.197237520260118e+54 1.863708694385202e+54 4.167144754741402e+38 2.4797484528182347e+38 1.687396355439271e+38 9.618611798812929e+39 7.18676279870295e+39 2.4318488773189102e+39 0.0 0.0 0.0 0.0 0.0
34 0.11285 6.014877623877638 -inf 0.0 0.0 0.00946195875 0.0010348505239257812 7.570794868505536 0.00011581180587855857 nan 9.601650624688428e-05 0.3609528199705518 0.1859637788461538 9.147143206940191 1.5637142854206465 0.0 3505.0 0.0 0.0 0.21036485277582917 1.1705563394506362 0.0 0.0 8.881993536416175e-06 0.00019629820814510447 8.758566267816331 2.7527423648948073 -inf -inf -inf -inf -inf 0.653837385660409 7.861320336730172 38.21591157999604 2.394378185272217 0.0 0.9970371726395604 0.0 0.00017581131039192118 0.0 4.3737942267731775e+39 0.0 0.0 0.0 0.5063687398728245 0.00012753077670765234 4.0853724002774457e+39 38.342212490787254 0.0 0.0 0.5774245489016356 0.30886645533101575 13.74224556650317 0.0 0.0 2.768007262464545e-05 3.4357487235781e-05 0.0 2.2225795723015655e+39 0.0 7.5707948703742085 -inf 24.701176021446706 35.993920427014295 1.670962046535661e+54 7.1007577026060565e+53 4.404382334738277e+38 2.4889292549385512e+38 1.9154530711074056e+38 2.2226225991900085e+39 1.696271166581481e+39 5.2635144203144955e+38 0.0 0.0 0.0 0.0 0.0
35 0.11458 5.990601494653175 -inf 0.0 0.0 0.0093478575 0.000978591625 7.616995408074039 0.0001179206691036404 nan 8.644463583428067e-05 0.5040164647039258 0.24232975067785736 9.198406420964618 1.5833021397317486 0.0 3237.0 0.0 0.0 0.19055026711368356 0.6993963237823039 0.0 0.0 6.5270672320610045e-06 6.506233971694709e-05 7.904900494736275 2.7853412027084232 -inf -inf -inf -inf -inf 0.6689463829776272 7.727526618956187 39.33492043718358 2.1933414936065674 0.0 0.5538462203092454 0.0 5.302700034827155e-05 0.0 1.36600624178117e+39 0.0 0.0 0.0 0.17807939606096823 2.3220346311414144e-05 1.1689268134407832e+39 39.77010662121033 0.00044943948364540236 0.0 0.5119678452826273 0.1603298642662815 11.447075296884039 3.2703890941350963e-07 0.0 2.449431625101127e-05 3.0317303096372326e-05 0.0 7.80276565575504e+38 0.0 7.616995440379934 -inf 25.618036622169726 36.539725219576056 9.040729515600808e+53 4.606380191170092e+53 2.6175067302020142e+38 1.2277267035304502e+38 1.389780026828084e+38 7.801806215719836e+38 6.259216512934893e+38 1.5425898279505286e+38 0.0 0.0 0.0 0.0 0.0
36 0.11632 6.002311963432777 3.8578977926862303 0.0 0.0 0.008819145 0.0010053376875 7.6714933800331835 0.0001237790188029871 0.001047032546304706 7.471113192950655e-05 0.49383254939189036 0.22420878389774385 9.235970630631707 1.5960015274958705 2.0 3056.0 0.000950130288689392 0.0003016105869508329 0.23373894300325407 0.4246717704293558 9.883712260736391e-08 1.8606553210724728e-07 8.747074154491734e-06 4.539880544840715e-05 9.664386393722328 3.277828208190332 -inf -inf -inf -inf -inf 0.6842573033901188 7.59697386519945 40.17333619415208 2.1749136447906494 0.000290608899974066 0.3138455082655326 1.7927851988030843e-07 3.53124345476216e-05 1.011116345505081e+37 7.033609936338287e+38 0.000290608899974066 1.7927851988030843e-07 1.011116345505081e+37 0.08839590831076054 1.401014017740918e-05 5.858398817390303e+38 40.69895231370243 0.0008928441268211859 0.00045416399250258256 0.698400739850687 0.07040346925805413 13.951454780264429 5.976264891956786e-08 4.755244768332538e-07 3.82694155309853e-05 8.8296896292317e-06 1.939740860859913e+37 2.855552901777914e+38 0.0 7.671493389525824 3.8578977926862303 24.936335909542496 36.61131510005291 5.987921913406679e+53 4.718454143345257e+53 3.791108638163954e+38 1.5227702731164314e+38 2.268338365017061e+38 2.8554569044603487e+38 2.311972221383925e+38 5.434847161199181e+37 1.9396757445936157e+37 1.8443172554415113e+37 9.53583239932604e+35 5.274183668108151e+51 9.567449146178458e+50
37 0.11806 6.007883260583849 -inf 0.0 0.0 0.0 0.001018317625 7.75523825076411 0.00011650943950091825 nan 7.16291303231085e-05 0.440384956589528 0.2107163718505685 9.272697613471083 1.6119833971882722 10.0 3047.0 0.0017762527663589926 0.00027785084243528874 0.3029736521973409 0.27772282924841163 3.78098945464007e-07 3.51127695046488e-07 1.0052165140951772e-05 3.1191534321772815e-05 6.9550884910377135 3.2705601797393253 -inf -inf -inf -inf -inf 0.6996822167727385 7.470269354565476 40.84004981004994 2.1826565265655518 0.00020435893923977834 0.19033718132134367 2.674304978519079e-07 2.291336897278807e-05 2.0551050247100773e+36 2.9534095637618808e+38 0.00020435893923977834 2.674304978519079e-07 2.0551050247100773e+36 0.04201480002299537 9.752626477635875e-06 2.178403168428357e+38 41.965357980161194 0.003570789564401228 0.0 0.6639612035230541 0.0756651137045406 9.376397404836487 3.8988092279927655e-07 0.0 2.8816637531955304e-05 8.96145260769157e-06 0.0 1.9456130204520497e+38 0.0 7.755125639794656 4.169024057432793 23.633415630630868 37.39876367492006 5.248745869879493e+53 6.208195810110716e+53 3.588997096803472e+38 1.3746084610713304e+38 2.214388638978217e+38 1.945546077090096e+38 1.4908576321464926e+38 4.546884623874199e+37 4.32806950576362e+36 4.2729435699168134e+36 5.512571861858375e+34 7.295949850678284e+51 9.366096791552529e+50
38 0.11979 5.9914065141501665 -inf 0.0 0.0 0.0 0.00098040725 7.821352587528398 0.00011824713008592061 nan 6.789207003319702e-05 0.3370506127893687 0.20511521697851698 9.30339607330479 1.6204119133350081 28.0 3086.0 0.005587704515565598 0.0010464262068793939 0.3976923128366542 0.19382988266711035 1.1228729314869055e-06 1.2469635893397875e-06 1.7471270560458023e-05 1.9750546008704682e-05 6.056864506642401 3.6977952128833547 -inf -inf -inf -inf -inf 0.7151305943020574 7.3479422322397525 41.59703177449458 2.513601064682007 0.0009669035347142005 0.12698479104649907 1.1698179235037774e-06 1.3673577467616329e-05 6.885949209867056e+36 1.618393399854695e+38 0.0009669035347142005 1.1698179235037774e-06 6.885949209867056e+36 0.02842180617716788 4.510383317054624e-06 1.1118649221328257e+38 42.570454978873805 0.026008252416408802 0.0005049876034579579 0.7828459641405359 0.05884586677638528 8.895703185044079 3.4294399204632674e-06 1.1040028989830544e-06 4.280698023806306e-05 5.99058351170674e-06 3.804294469910917e+36 1.199247596523629e+38 0.0 7.820873439940242 4.863830131481798 23.37610838806169 38.54391152737276 5.0156052202648235e+53 8.431504682329753e+53 4.263708814106313e+38 1.4589347369906404e+38 2.8047740659276018e+38 1.1999300121087733e+38 9.309152477107956e+37 2.6901474713273175e+37 0.0 0.0 0.0 7.859308081566577e+51 2.214217506738074e+51
39 0.12153 6.011297919725906 5.03573352547176 0.0 0.0 0.0 0.00102635575 7.8911665087095635 0.00011498403586396578 0.0004423114376695692 6.629838350114278e-05 0.2864719643972508 0.18642056310464308 9.325389341523426 1.6273395922232226 159.0 3590.0 0.06342013298355223 0.001084076385288268 0.6283383588266469 0.11645018833299256 8.360699986641182e-06 2.7289462651387504e-07 2.514175628626437e-05 1.5393007957681175e-05 7.197087075136868 3.972362432915509 -inf 5.03573352547176 -inf -inf -inf 0.7307801431439046 7.228420966016621 42.0207374728102 2.196758270263672 0.0009231382514713177 0.06894734949988804 2.3223083870436574e-07 9.148140715852171e-06 7.764587804847358e+35 8.023870176551359e+37 0.0 0.0 0.0 0.018398918112099816 4.379655677903091e-06 5.573872137442716e+37 43.01133398125098 0.16861189071511895 0.0035588055219803456 1.1316371712932256 0.03509294442887757 9.946940075209566 1.069117839319308e-05 1.3625801260624954e-06 4.734386874658889e-05 3.122217761872633e-06 2.904980251463399e+36 6.419334919742437e+37 0.75 7.889047573670368 5.687893514579075 25.413785431159173 40.10117978647353 5.012253746283269e+53 1.0877495526482962e+54 6.6201019125352326e+38 1.8516029610647847e+38 4.7684989446049004e+38 6.398016314251265e+37 4.882656001755564e+37 1.5153601923447705e+37 1.617360286970964e+36 6.682992532917828e+35 9.490610601041267e+35 7.69651289665355e+51 2.20628454058927e+52
40 0.12326 5.997365843740505 6.146482983281534 0.0 0.0 0.0 0.00099395298828125 7.9741817984165015 0.00011688012848951398 0.0001410552849566869 6.1807479167986e-05 0.30992622900532024 0.1919965158964092 9.3442746856838 1.6340004590174786 532.0 4009.0 0.2309316665542991 0.008839979198081311 0.8891169773580123 0.07126495735728586 1.2663498450865685e-05 1.9312734112233883e-06 4.2707147607328266e-05 1.1339919308908413e-05 6.551011601193592 4.9176246064442815 -inf 6.0853337989410194 -inf -inf 5.264873240332428 0.7464501200758771 7.112932013629726 42.31619171341504 2.1875362396240234 0.0074641608576398585 0.03993345876546614 1.5520410276200495e-06 6.718938436417892e-06 4.73127549600543e+36 4.754428520879067e+37 0.0 0.0 0.0 0.013017990425936139 3.6985829959438017e-06 3.4800103164544826e+37 43.507655848096924 0.31875308393051843 0.036521782268865044 1.3199483986421554 0.016022353503226304 9.024357796969353 1.682875129936281e-05 3.5997662316808733e-06 5.498560417395444e-05 1.7440515505141725e-06 3.453102419899276e+37 2.989148016914397e+37 0.39285714285714285 7.966031086406268 6.498738214036082 27.054561060102937 40.21379798292995 5.232849223352923e+53 1.5112199427826015e+54 8.76488900822467e+38 2.175214057412513e+38 6.589674910154197e+38 2.989047506635446e+37 2.3293338414177096e+37 6.597137206829296e+36 6.833268768100861e+37 7.809833911748939e+36 6.052285375889892e+37 1.6721074877965646e+52 1.0951254508786614e+53
41 0.125 5.993854120489639 6.446031049682363 0.0 0.0 0.0 0.00098594825 8.057424954095303 0.0001189102154678567 9.476110610758403e-05 5.888365916417188e-05 0.33420780884267753 0.1722635135135135 9.361116822678886 1.639299150221312 1187.0 3853.0 0.3379360200424835 0.13684863712595044 0.9044252690977241 0.039614828973450644 1.8194508707958545e-05 8.731051599826727e-06 4.173373985403486e-05 5.0259818763924115e-06 5.962875349227531 5.073272113241512 -inf 6.372804888325992 -inf -inf 5.636814246808273 0.7623208270307348 7.0 42.5828156267601 2.4085781574249268 0.11173158581962714 0.020186064718442105 7.314228056882315e-06 2.348514757272e-06 8.998992492716977e+37 1.890473736038818e+37 0.0006425788967831565 2.385511902764802e-08 6.356413819249683e+35 0.005540514645570541 5.872876366314941e-07 1.196563541397701e+37 43.93203734169286 0.3281285548555867 0.20531447427196858 1.2629640613372806 0.004621433665767494 8.109515590307229 1.9859908982462837e-05 1.1565954047147573e-05 7.153853333342844e-05 3.455477532729677e-07 2.2325203551221272e+38 6.088656836594332e+36 0.19144144144144143 8.038076961303865 6.890196023095863 27.76933390473579 40.04212255865357 5.824960553210545e+53 2.046912845411448e+54 8.273046572529238e+38 2.162529853638321e+38 6.1105167253494144e+38 6.088476349787425e+36 4.7231883938808074e+36 1.3652880663345337e+36 1.897860634473294e+38 1.5984461934305013e+37 1.7380160132981744e+38 3.717766255708908e+52 2.337248246505603e+53
42 0.12662 6.02295681108073 6.542387302807066 0.0 0.0 0.0 0.0010542820468750001 8.122895978347797 0.00011889832486480155 9.068701603410699e-05 5.913520787541263e-05 0.3737088536926611 0.21241698531865202 9.376379359017777 1.6441831972335434 1685.0 3894.0 0.3365309712557816 0.3164073050714252 1.0806258318925364 0.03408662895223923 1.6366941463191042e-05 2.018916208566497e-05 4.9497720327633584e-05 5.534206796280962e-06 6.314600927394372 4.972620464595927 -inf 6.5103199967668095 -inf -inf 5.394730467923779 0.7771955682760865 6.897646501342599 42.81810774834413 2.432734251022339 0.28752530693198963 0.01827429714504413 1.751509460396358e-05 2.4221942842037642e-06 2.74919729759022e+38 1.2662751127069413e+37 0.017180698496563056 7.267403991105241e-07 2.2141062734213993e+37 0.002750814870881544 1.4974959721377115e-07 5.515400443077576e+36 44.30248675193973 0.38525714590930604 0.2658504803236213 1.394103524936293 0.00684527813690527 8.44491105866483 2.4323068804796547e-05 1.7948489351093635e-05 5.855853410475352e-05 2.942831564809178e-07 3.460406506981045e+38 1.0157046050483127e+37 0.15979381443298968 8.102244165285528 6.984499866894469 28.719380223067194 39.810618848799194 6.514184717753967e+53 2.7694152709026088e+54 9.905490054438561e+38 2.5053664261793646e+38 7.400123620567202e+38 1.0156659956701421e+37 7.968982294695602e+36 2.1876778156109523e+36 2.365736319516938e+38 1.8305071633882678e+37 2.1826856077528417e+38 5.144219289483861e+52 3.273774134303671e+53
43 0.12825 6.034961480997454 6.63495671944046 0.0 0.0 0.0 0.00108383078125 8.185779515627235 0.00011715361428644592 9.372154229049482e-05 5.7062482210832107e-05 0.3902926572275478 0.19044834173596675 9.391457881144117 1.6491933499719256 1951.0 3847.0 0.40571570656067557 0.2965490162025917 1.0765718108347107 0.025043632902369328 2.926483430610059e-05 1.9978203112842e-05 4.736022817746346e-05 4.535882403557755e-06 7.088677901839365 5.254101171430576 -inf 6.556201545726611 -inf -inf 5.854668985343665 0.7922573638631253 6.797270955165692 43.04117542375138 2.228987693786621 0.26560971200661615 0.013850180832291904 1.7428144655803395e-05 2.5724800215550507e-06 2.284972843143012e+38 1.1359239137321606e+37 0.006103231360245274 3.5831099441808444e-07 7.262272694664639e+36 0.003487888550896751 2.4185078524414724e-07 6.440086197879837e+36 44.61986592340237 0.46097933364508237 0.2447025917662462 1.484457722219956 0.0018352412618244502 9.77674853446047 4.1620672535902875e-05 1.3588143841842811e-05 8.358225237315547e-05 4.5365847124132097e-07 2.7724741888234422e+38 2.0705845399438263e+36 0.3619402985074627 8.164932374872961 7.060834759920697 28.828065041091754 40.088299446980606 7.326025618585871e+53 3.25303665027517e+54 1.0619114728080165e+39 2.880808996712811e+38 7.7383057291379e+38 2.0705232085235357e+36 1.8375278409579513e+36 2.32995234138104e+35 2.4374499524457558e+38 2.0026777453033902e+37 2.2371821833303674e+38 5.92988027031478e+52 3.3992694625384156e+53
44 0.12987 6.026619938261467 6.806236890822848 0.0 0.0 0.0 0.00106321216796875 8.241248120670557 0.00011626713682508233 8.119335020870183e-05 5.7347644267490735e-05 0.40489063422360616 0.19688183333333334 9.406110549955976 1.6543109512421066 2308.0 4051.0 0.48825286422288494 0.2660998185506278 1.1134662771147292 0.011507658313961557 4.164781862706685e-05 2.2423518194931282e-05 4.2371496741873605e-05 2.1962664631842615e-06 7.251511459530322 5.633545343277463 -inf 6.726746916830403 -inf -inf 6.029625942850274 0.8073207459832397 6.700007700007699 43.24400645360574 2.1878042221069336 0.22991748068749718 0.005334836014781448 1.9796945279547412e-05 7.677348045676654e-07 1.6807184226520295e+38 3.690391470844068e+36 0.001992932130281917 1.1657722068781106e-07 2.4972739262550075e+36 0.0011204577047319447 3.2765888490621544e-07 1.5000563380624366e+36 44.987534307994764 0.5913833479055449 0.32968605079415286 1.7037058099241682 0.00498777357832115 10.190799974875846 3.913216823777649e-05 4.203950213578015e-05 6.498423120876813e-05 4.0068328003750386e-07 3.2940683118121506e+38 3.4676047144661103e+36 0.3044077134986226 8.219643444139232 7.171977100422778 30.33051909994453 40.824800888839846 8.182734631986449e+53 3.5311265347816264e+54 1.1717124376661701e+39 3.2831289203101833e+38 8.433995464518997e+38 3.4674701251349544e+36 2.369133193668038e+36 1.0983368564750204e+36 3.1062187064468698e+38 2.9879142587168326e+37 2.8074272788078076e+38 6.874399545592384e+52 3.7035580089698947e+53
45 0.13149 6.005197812056754 6.906856609285131 0.0 0.0 0.0 0.0010120403125 8.299080960107736 0.00011575855926313305 9.192255792527478e-05 5.4434808291066194e-05 0.4321572360460638 0.20319678447678446 9.417772044176003 1.6588128661901007 2942.0 4253.0 0.6000735801200957 0.37977305562318553 1.2685814742112331 0.00867408411913682 3.37167475626723e-05 3.5537969199076107e-05 4.875806302284035e-05 4.6440851537346236e-07 7.705047711683169 6.592069068545814 -inf 6.81028737278099 -inf -inf 6.206520886146288 0.8224771812094861 6.605141075366948 43.332502495854065 2.1834359169006348 0.33516013374451803 0.0039043452373019854 3.299933250103909e-05 2.406788304393139e-07 2.620654685259688e+38 2.793224605985004e+36 0.0 0.0 0.0 0.001062230545889686 1.4039466103579738e-07 1.3017572256120653e+36 45.27801254510736 0.6111771483261653 0.5172484552411751 1.6829947932839302 0.0026885806800295907 9.90877975961245 3.517995355664319e-05 4.0630561790251325e-05 6.674027243735069e-05 4.348500202769402e-08 5.787693543911934e+38 2.0333428588738346e+36 0.36395147313691506 8.274693218315395 7.277431272865754 30.37750374478808 41.59382492765408 9.052004958873302e+53 4.47092567757529e+54 1.2525546338165895e+39 3.3308774096224308e+38 9.194668928109821e+38 2.0332840953937883e+36 1.6804910768737075e+36 3.5279302386551255e+35 4.874997935812879e+38 4.0391470853149417e+37 4.471083227789303e+38 8.022712013624463e+52 5.1944458272956004e+53
46 0.13312 6.015931637503206 6.949650639303931 0.0 0.0 0.0 0.0010373651108398438 8.351790657940956 0.00011461086447015769 7.15526188877697e-05 5.36418048161064e-05 0.4879817120041188 0.20732927999999995 9.42705079939459 1.6609384135119594 3815.0 4057.0 0.752909946210379 0.5604369520132034 1.2275237460662205 0.006250370192094501 4.069827015710967e-05 4.571212688173892e-05 4.477132476314008e-05 2.2372190577985113e-07 6.5623996904558695 8.73946557017639 -inf 6.816963192898639 -inf -inf 6.370040332426596 0.8378204476063301 6.512019230769232 43.4225258986217 2.1782453060150146 0.5089688108743986 0.0025291652111463447 4.244855985278126e-05 6.492405723414568e-08 4.622447285231084e+38 1.573164843472651e+36 0.03110081693205448 9.328721530153722e-07 4.893585121420635e+37 0.0004454660192623483 1.9738983606346458e-08 4.7708568936047686e+35 45.411624179900365 0.9973732238162258 0.4841245804649337 1.6232474468380214 0.0013435346157957635 8.793654052549684 5.211525894790818e-05 2.9085795952289772e-05 5.993729546735367e-05 1.1629518180898804e-08 5.6545812293730214e+38 1.5373332323481546e+36 0.3638888888888889 8.328939582263335 7.310217461554226 30.226681059534613 42.36876014114751 9.80761311520445e+53 5.4879987936054634e+54 1.256765006966968e+39 3.4691893216022805e+38 9.098460751354207e+38 1.537287691931825e+36 1.3459723089819734e+36 1.9131534444741676e+35 4.395394826997907e+38 3.365517978617047e+37 4.058843034721304e+38 9.488389090112987e+52 7.764279161386748e+53
47 0.13474 6.033248261796226 7.175594547568614 0.0 0.0 0.0 0.001079563671875 8.387689357736281 0.0001170329458518307 6.660787043141478e-05 5.2549128728310395e-05 0.5027520725618715 0.22714537052437053 9.436133186369721 1.6636042920284209 4093.0 4208.0 1.0713197633204417 0.4585027490426055 1.2381488477255829 0.0034210272003546787 5.6556033499732785e-05 2.5429679665818177e-05 4.3710877592647776e-05 6.2252120052733e-08 6.460845086556077 7.354603244775756 -inf 6.898625459253849 -inf -inf 6.849092056931706 0.8531616545436274 6.4217010538815495 43.48071930686261 2.17216157913208 0.3882742914482917 0.001188495667890446 2.108708621785089e-05 2.3642259086011726e-08 3.4009329321725356e+38 1.0355258899812542e+36 0.00957506425895343 3.2753340904568266e-07 1.278926726467724e+37 0.0004954562718823149 1.2695667422903895e-08 6.472954491979147e+35 45.5882908053155 1.3302463329832097 0.5119407603245354 1.6204052734138636 0.0008932704159435558 9.12976691657453 9.229972232254255e-05 2.6829414371676847e-05 6.593832307484382e-05 5.06337527149035e-08 5.857040533415653e+38 9.12813139575538e+35 0.6457789382071366 8.362897990854965 7.455311970590925 31.363999888169303 42.71224497703542 1.0442518522663269e+54 5.989035475922438e+54 1.244928075866397e+39 3.630826864142696e+38 8.818453919768875e+38 9.127776415375524e+35 8.03224023106627e+35 1.0955364336278157e+35 8.005555710026449e+38 4.896915645817805e+37 7.515864159135599e+38 9.997826527336286e+52 8.552214803184897e+53
48 0.13636 6.055192188323253 7.336005648802141 0.0 0.00128188046875 0.00025637609375 0.001135513203125 8.420205500022776 0.00011240990473137267 7.354183772083323e-05 5.821326348086077e-05 0.4809340663382959 0.2163791111213778 9.447687981965517 1.6677854347866594 5623.0 4546.0 1.2359439585967986 0.7544892803855113 1.3197428003987441 0.001960424160970986 0.00012087675696310172 4.2433264949907925e-05 4.563504149760721e-05 4.6693290983253745e-08 6.753050200058037 6.405220758204028 5.921715109206695 6.952562923799823 -inf -inf 7.104215993829524 0.8685940309908409 6.333528894103842 43.590145806427486 2.1931750774383545 0.6349361153790666 0.0008405429267966673 3.408987250841579e-05 1.9355368638054214e-08 5.638272223387687e+38 8.090097028414305e+35 0.009825479475824055 1.865407335571652e-06 5.487435319671828e+37 0.00027826740162908466 1.783789449754678e-09 3.4042757917992256e+35 45.89776818767713 1.1790823858728827 0.8944763967902484 1.7612065907683765 0.004842728243922269 9.504828186291796 6.687647260859927e-05 5.136905673682394e-05 6.221440970655355e-05 3.5637869148890163e-07 1.1502226867587571e+39 3.626139211732513e+36 0.29773622047244097 8.38617845883293 7.618134440124781 32.989979148718426 43.00653328871332 1.1251052467843845e+54 6.6627690564005e+54 1.3486739541869894e+39 4.012328254469989e+38 9.474411307128623e+38 3.626034559780201e+36 2.9705479913830544e+36 6.554866905984896e+35 9.465272719332193e+38 3.655405897389891e+37 9.099732125520221e+38 1.2206251845427685e+53 1.17423759521172e+54
49 0.13799 6.049835300733545 7.458312514274452 0.0 0.00204298369140625 0.0005247575976562501 0.00112159302734375 8.453208822861903 0.00010945258675157656 9.671308066563531e-05 6.963465583735986e-05 0.4437780565460322 0.20198567376158205 9.463648435238738 1.6723478797632223 5503.0 4908.0 1.2331227497398913 0.9431860168033395 1.4121329519158736 0.021591473714574434 6.578284307712348e-05 0.00015028789034783965 3.951497965666025e-05 1.1920214766334112e-06 7.439321749357987 6.008306138097225 5.6948333492302075 7.031022576239797 3.8493095617357356 -inf 7.254983313479892 0.8842130698247247 6.246901949416625 43.90429570947596 2.1762747764587402 0.8275858504094392 0.019646316628866234 0.00013760389088982136 1.0787948521580143e-06 1.753564923185976e+39 3.0288843209851997e+38 0.13563974091744369 4.705531834644134e-05 9.367740804319379e+38 0.019646316628866234 1.0787948521580143e-06 3.0288843209851997e+38 46.23866767771386 1.1580838484055263 0.6246925844070331 1.8788745232464206 0.03790564352597597 11.703305693505465 4.7273542715160037e-05 0.00011219018878611705 5.595215376904632e-05 5.9956279927476046e-06 8.73426039632702e+38 1.0122520725354798e+39 0.16866619618913198 8.426259881556195 7.660973384204603 34.518217401552796 43.16379332502383 2.274593369338567e+54 8.837243003948348e+54 1.4527714536733958e+39 4.2830760721337955e+38 1.0244638454332583e+39 1.0122127432342942e+39 6.5297970871560404e+38 3.5923303279065794e+38 5.6271692197509524e+38 2.997404228224416e+37 5.327428810735389e+38 1.7163395421781168e+53 1.590574830259852e+54
50 0.13961 6.173985921791236 7.576955488543635 0.03375827707350254 0.012670962353515624 0.00401936208984375 0.00149274601953125 8.483067019429953 0.00010957083006795432 0.00010697874715125442 8.572914311630313e-05 0.41241374925955065 0.22753786400567239 9.482179078890356 1.6793942447209003 4847.0 5204.0 1.4117076828146753 0.6123619058909395 1.5914831387777038 0.09945184165478643 5.053745639828972e-05 0.00014334921774697288 6.451729824695744e-05 3.695458964235693e-05 7.5166012200508465 5.3427088919251755 6.469182711535252 7.045969322482428 4.891017144325106 -inf 7.425364814244507 0.8998265245200902 6.162810686913544 44.2297717255533 2.1883723735809326 0.537630580849086 0.09524166152652899 0.00013374964931709256 3.624087514294212e-05 3.60696627880617e+39 4.481377898962769e+39 0.14805503980538648 7.298093663358246e-05 3.252609763724817e+39 0.09518149519992757 3.6232915744029923e-05 4.481330559459922e+39 46.80766102286725 1.4093414011058747 0.6969056299417196 2.258854292015154 0.3473355653161896 12.231659014092807 5.4214439369219555e-05 7.766776331243638e-05 9.402728813131815e-05 0.00013880237114763903 8.529940753391554e+38 1.2684472251150086e+40 0.1596480201131364 8.459073601884588 7.73319882825235 35.30911804515441 43.24514018581186 3.52088543235996e+54 1.3893794243342812e+55 2.545679717578928e+39 6.265090266811491e+38 1.9191706949781582e+39 1.285552854758611e+40 4.6278434711471096e+39 8.227685082735459e+39 8.299873444457444e+38 5.118913448275038e+37 7.7879821146398e+38 1.2932005235998281e+53 1.3931040152859236e+54
51 0.14123 6.19425442021357 7.647255122978068 0.023396866396069527 0.009095113867187499 0.00440828453125 0.001564063640625 8.515846164500838 0.00010832783454121769 0.0001331343408075563 9.845918560462158e-05 0.3760942374205459 0.22565326020353685 9.503780986191746 1.6861879599824052 5185.0 6335.0 1.2198541498445108 0.8366036050022536 1.9233708915528294 0.3930429889083117 4.9507265095206236e-05 0.00022284030384347233 0.0001327299186428261 0.00012502552326248414 8.468247826580637 5.085842883146855 6.3077269929433974 7.066231125119557 4.627983266076483 -inf 7.514695314665949 0.9155293483590752 6.080648587410607 44.73151196339714 2.1869025230407715 0.7137836956510567 0.37397991048460527 0.00019576042374111916 0.00012119729942844184 2.944263768196721e+39 7.381888293851252e+39 0.20868643131853004 9.068694399872638e-05 2.4260059890953988e+39 0.37357850407380205 0.00012112135731139298 7.381520963060389e+39 47.38348256941084 1.2169790160606329 0.9364722835405508 2.4687446778343056 0.39449318914437437 13.481111007162959 6.435338488283057e-05 0.0001575571538427704 0.00012524405511734772 0.00015300115681213182 1.2765034270671798e+39 5.732181680341086e+39 0.30203515263644776 8.487222906309592 7.8149550184137855 36.22156679524271 43.54618533343088 3.145430237687628e+54 1.3184651785221535e+55 3.40907748600369e+39 9.378617670409106e+38 2.471215718969151e+39 5.732016013807343e+39 1.2028646758511396e+39 4.529151333691621e+39 1.424368553552279e+39 1.0216026331052899e+38 1.322208294950035e+39 1.3259305961742805e+53 1.3884626419458827e+54
52 0.14286 6.354834403055902 7.603197654360346 0.12148692272603512 0.0375784791015625 0.0112570803515625 0.0022637809609375 8.562781995953312 0.00011433879782902386 0.0001727429736712712 0.00010744866124754609 0.36531987943154 0.30230665431277426 9.52534571905391 1.6938922255884774 6862.0 6134.0 1.0235150807130424 1.4746042579784244 1.4660043800383058 0.492492918475481 5.5118746400488355e-05 0.0003949262733865934 5.533706518968742e-05 0.00016007794743082689 9.15930275080066 5.1133996855952155 6.695158021305799 7.037886563988154 5.5660391771609 -inf 7.462730659838333 0.9314187131242262 5.999860002799944 45.19100172738752 2.1864659786224365 1.3029537275558036 0.45995007524444564 0.00035576215639652255 0.0001526261753346117 6.761775243375335e+39 4.405545039847528e+39 0.6453540299394489 0.00022902806325240737 6.31263793431561e+39 0.4547384775455449 0.00015204552193244717 4.3928266091123764e+39 48.016982083037 0.934734654517834 3.2425368887705828 2.4595427379659336 0.4371680655726547 13.871369910559112 4.0903170023301723e-05 0.0005698272409754603 0.000143384736541866 0.00012179407696121197 4.2388433083786777e+39 3.5917046364513376e+39 0.095407813570939 8.526796123747774 7.839871473694059 35.85433707786876 43.73278752734287 3.968039058776248e+54 1.2943619086159865e+55 3.172632834856405e+39 6.512278541752829e+38 2.52140497778101e+39 3.5915864749990735e+39 1.3406725429827998e+39 2.2509139198843663e+39 3.084125071895737e+39 5.140662898009433e+38 2.57005878036681e+39 3.0187567053337518e+53 1.6393362121959187e+54
53 0.14444 6.305961445642164 6.900107519154043 0.0 0.015030023437500001 0.00929985921875 0.00202283959375 8.632842988981725 0.00011645335426936367 0.00013185387021125383 0.00014639134140106923 0.36111857016624976 0.3163432356987757 9.54840691857545 1.7008589688573854 8653.0 7829.0 0.7803904395325307 3.214448713740631 1.9449522640845345 0.6869335100101753 4.200108182020541e-05 0.001147794113491604 0.00021581153037275358 0.00019474234324923494 10.479425939579981 5.615673217271522 4.1507064722594 6.551311906821127 -inf -inf 6.642106367164541 0.946905915126408 5.923289947382996 45.78368863632728 2.2152748107910156 2.983457577388637 0.6309674971076552 0.001084749825484102 0.0001839235877070253 2.544572131255583e+40 1.327958354535327e+40 1.3113465468589534 0.0006271240482032602 2.366630635423427e+40 0.5907344554305387 0.00017557624559881994 1.3179910087964643e+40 48.61967136969051 0.8936598581450247 1.8168919402963286 2.6458767553407325 0.940006524996698 16.792703471363048 5.326350568365427e-05 0.00036298028025198183 0.00021430675395020882 0.00033364858401331175 3.3101092810699926e+39 2.0658499961592538e+40 0.016924564796905222 8.607879216321274 7.504208087019277 32.67961461039792 43.9182430525772 8.108681696727519e+54 2.436183597111599e+55 3.621057692810216e+39 8.460752129820794e+38 2.774982473209607e+39 2.080826724709586e+40 8.257146678949926e+39 1.2551120512748724e+40 8.538781878413172e+38 3.773474509267725e+37 8.16143439225466e+38 5.3204897035283715e+53 3.192374632681232e+54
54 0.14603 6.327421021285681 5.747352782750456 0.0 0.0 0.01039605796875 0.0021253038125 8.666495711159984 0.00011694209096575468 0.0001572853818519661 0.00016513570683456252 0.35422627963716624 0.2815657405745489 9.617429002548946 1.7091805370629614 4698.0 8953.0 0.891560241304278 1.3435861853218984 1.5116829388633906 1.3237522645102544 3.900677227769492e-05 0.000449912300397436 9.1109498329209e-05 0.0004672732327288882 9.949677279658648 5.8582351786786155 -inf 5.707072821161632 -inf -inf 4.694673429078151 0.9625753121821174 5.8479079641169625 48.82966384818175 2.1767311096191406 1.2947306253512578 1.211648733763016 0.0004390915915689916 0.0004433572264327412 2.7537480329543327e+40 2.4807744999715025e+40 0.8745127000172492 0.00035802143130244984 2.700457447175175e+40 1.0368970111818399 0.00041107010126751475 2.448704488890466e+40 49.29460107643383 1.2144571990464976 0.7167223244824913 1.918681485492273 1.0404566202090233 14.41740919738655 6.246835727331378e-05 0.00012976175613307075 9.992804270990569e-05 0.00036916809469335853 1.4137708439040147e+39 2.0771652400870415e+40 0.21389396709323583 8.651064928982342 7.224142329774912 31.67656521901615 44.05509291190383 8.293770905424966e+54 3.118647401567335e+55 2.4132747905828594e+39 6.673718272635494e+38 1.7459029595422727e+39 2.122687334857974e+40 6.234086417788954e+39 1.4992786905947614e+40 6.127276707379043e+37 2.944673143211145e+36 5.832809284143737e+37 1.5559124982378632e+53 2.695738895149085e+54
55 0.14762 6.349099196032767 7.082010941785297 0.0 0.0 0.0095874276953125 0.0022340824453125 8.668797729379795 0.00011319023544027415 7.318178607650793e-05 0.00016885543244747733 0.36782901235907234 0.30273521690665023 9.618727338317937 1.7147762025224493 3470.0 9690.0 0.7612981880105282 0.28403735479200687 1.3478204018468092 1.6918263155646596 4.794513262439689e-05 4.922536378898176e-05 5.241876299842036e-05 0.0005288519807023619 8.238931745364669 6.312015522959826 -inf 6.4153680581150905 -inf -inf 6.974999824067635 0.9783286225321468 5.774149844194554 48.3262962409529 2.177900791168213 0.2574613810967801 1.532754251207666 4.4930223212302366e-05 0.0004954370851034721 1.1131106527586606e+39 2.570327741028933e+40 0.055164454645423765 1.3652657720841892e-05 9.89707828610301e+38 1.2673713678797245 0.000446243326886543 2.5122824590077542e+40 49.729451930839225 0.6204693211479618 0.26666307792743715 1.7695947981466087 1.4427464991934893 11.620435765067343 4.727554151605878e-05 3.161847308324754e-05 7.664049490929463e-05 0.0004523190144201455 5.890959945039064e+38 1.5527984043404665e+40 0.6237785016286646 8.656995911713127 7.390638851617902 31.836780439501002 44.16214535926558 6.274088211538872e+54 2.3632935862955486e+55 1.874556056763266e+39 5.741215979587294e+38 1.3004344496277483e+39 1.5527088444476707e+40 4.647512148496932e+39 1.0879576252025262e+40 1.0748058410010106e+39 4.323099783666334e+37 1.0315748373276973e+39 8.014510483518899e+52 8.084271808878656e+53
56 0.14921 6.372083524857437 6.932131213660466 0.0 0.0 0.009390782871093751 0.0023555022578125003 8.676893657183713 0.00011151930298655978 9.244844811887795e-05 0.00015829998954897302 0.4416393349785655 0.3490300512651112 9.620490486069633 1.7187311095272964 4830.0 11880.0 0.4660446776174051 0.78570989530048 2.065245324133802 1.7983451732100233 3.7776549411349164e-05 6.440936067303275e-05 9.114474781388119e-05 0.00048501269065134725 8.115135132948797 6.271033855775635 -inf 6.577293146186933 -inf -inf 6.678971511405422 0.9941653248309946 5.701963675356879 47.9469810700737 2.1758627891540527 0.6734508716217137 1.616703093323862 5.482873411905308e-05 0.0004472267238311936 9.720315074525745e+38 9.371322562403083e+39 0.06751225867447885 8.483424832115557e-06 2.5828042465674715e+38 1.3331953075101501 0.00040290597964112707 8.931646554251666e+39 49.868498906437544 0.48388275961144667 1.0275962854029363 2.724232984956634 1.710082835671806 12.146155421652594 4.198786024850828e-05 7.557122542905093e-05 0.00013378316650879295 0.000521088165389044 1.3239115170706199e+39 7.364430861246903e+39 0.32148900169204736 8.656590213625961 7.480849428426442 32.6513229327864 44.375095612288966 4.138374947945713e+54 1.5686576395162752e+55 3.0141654964207425e+39 7.379328437430234e+38 2.276232646508627e+39 7.364185481954428e+39 1.9722055731258408e+39 5.391979900942821e+39 5.216144441650451e+38 3.31293548963034e+37 4.8848509024140944e+38 9.422377130885715e+52 1.0816458491339394e+54
57 0.15079 6.378161282506132 6.8047311111394135 0.0 0.0 0.008564723125 0.0023886982011718746 8.693401644292123 0.00011767502710173268 0.00011171131030552868 0.00014826590369843059 0.44406626879358607 0.32497490536767537 9.62087869353809 1.7234697055273478 5169.0 11893.0 0.5536105579757677 0.5843150957737392 1.7726517354545694 1.9638924032751681 5.2740227270532214e-05 0.00010542883964198229 7.679948179596826e-05 0.000587132287361034 7.672054303035841 5.891535511292969 -inf 6.580070446942634 -inf -inf 6.410975171733065 1.0099845232630895 5.6317395052722325 47.456834672087794 2.1821162700653076 0.5234035222216391 1.7632051491426288 9.915102303638232e-05 0.0005378606732509145 2.605076356400202e+39 5.916553214893646e+39 0.13508322161217357 5.2343551388623606e-05 2.116145116737902e+39 1.363058205962045 0.0004532719876403395 5.405004045154754e+39 50.16513496783446 0.5549754472028822 0.33927302450682606 2.705842739835815 1.304281254658452 12.070215595585207 5.589278246116455e-05 3.6598471857061044e-05 0.0001365457130605899 0.00039902821257483225 3.965719253867346e+38 4.358436630971482e+39 0.3688212927756654 8.680243111407666 7.324503198598287 33.59866184160271 45.12370059580256 3.599510318205343e+54 1.557204415433151e+55 2.809181081394179e+39 5.046626174913863e+38 2.3045184655749874e+39 4.355595936161974e+39 1.1147039775202093e+39 3.240891954190021e+39 1.5208424054904161e+38 1.565648653146901e+37 1.3642775427637407e+38 1.4982449775126691e+53 1.2938350952930695e+54
58 0.15238 6.3707556442255795 6.971124996847518 0.0 0.0 0.003769282294921875 0.002348311171875 8.710734927713885 0.00011693644690775614 0.0001627786542102312 0.00014145302797675821 0.40321757732661123 0.33850662994019654 9.629866813109743 1.7282612632912104 4972.0 12496.0 0.8641939780592429 0.2761483616481485 2.1292115188963967 1.7183366830925246 8.557519974209018e-05 7.116712368480473e-05 8.029316224173727e-05 0.000517493042929544 7.757569451792962 5.379231868867441 -inf 6.7692916497154645 -inf -inf 6.541318354917733 1.0259859551287962 5.56254101588135 47.43723145602663 2.292550563812256 0.25312930240539344 1.5191428455241918 6.6080702612057e-05 0.0004690003684400785 1.509474391282904e+39 7.711605051833913e+39 0.12253020109618061 4.1840092510303704e-05 1.3648984947982302e+39 0.9518781280075955 0.00034429837081217734 7.126024808076903e+39 50.52290795150908 0.9723864416563802 0.16744107919159312 2.946359544117997 1.1715379091088456 12.538797565392292 8.147626090635681e-05 3.475991801778151e-05 0.00013401483791320663 0.0003945802827446239 4.2427220018343616e+38 9.349344201907374e+39 0.37851662404092073 8.697601247809214 7.39199539253275 34.24335480552362 46.563402902174296 3.6131401737593536e+54 1.809568371403839e+55 3.389944414422858e+39 5.298472918089107e+38 2.860097124076245e+39 9.348886918277797e+39 1.8341053671572886e+39 7.514781542248009e+39 1.0923646519751182e+38 8.066467100160864e+36 1.0116999841864428e+38 1.3367805767399274e+53 1.1019004325052503e+54
59 0.15397 6.369629019209834 7.3271111907032775 0.0 0.0 5.82893310546875e-05 0.0023422271953125 8.725284332533114 0.00011777872692758521 0.0001562186241965922 0.00012954512278670014 0.3941408302774941 0.32725349949282617 9.645958011485467 1.7335836084628544 5352.0 11955.0 1.0887897853087918 0.1505884561530143 1.727359500841485 1.5585010447960679 8.549295926788647e-05 2.7431951835470473e-05 5.935638199299238e-05 0.0005132115769008507 8.335018209236637 5.398678215883521 -inf 6.996210856281563 -inf -inf 7.054028663051949 1.0420692568117984 5.4947717087744365 47.78039008065775 2.176342725753784 0.13651948325136795 1.3669190260456339 2.5286981480387616e-05 0.0004652217366373988 3.1224221480253295e+38 9.843805297272212e+39 0.030029868474986295 7.027078174907109e-06 2.082526440985161e+38 0.8567201046298034 0.0003481643511035712 9.385463665671154e+39 50.88699047780897 1.2875087735794202 0.0477589528365511 2.6860297774050235 0.8265539273320245 14.184013973431233 0.00011055306403906935 1.0730229056002683e-05 0.000151657515145454 0.0002520123132456063 6.619766724180839e+37 3.6328284389771956e+39 0.41964285714285715 8.711370958648924 7.579636540009452 34.96614749486279 48.105006824002224 2.986490156984064e+54 1.5380160743810523e+55 2.704531735660731e+39 5.506276765596531e+38 2.1539040586310586e+39 3.6336509133016623e+39 7.193976562111659e+38 2.9142532597976405e+39 2.5187180816804033e+37 3.651650241462865e+36 2.153553076381328e+37 1.4245418304633247e+53 1.1092055797912243e+54
60 0.15556 6.47318991508184 7.586547288104774 0.29842009395360947 0.024217383984375 0.0050181659765625 0.0029729658125 8.735852715346176 0.00012580045953457003 0.00014225930549974927 0.00012073551076904537 0.3892951669004442 0.2606804256204923 9.66192319338253 1.7394618968831956 5643.0 11943.0 1.3063713160381365 0.11190791161044947 1.8134613652050509 1.195621330547091 0.00010448310509586519 1.400521613301359e-05 6.34816540169729e-05 0.00032245354869986256 8.17454840159911 5.442770796656971 6.734632272972652 7.0494530500343195 5.75881839363735 -inf 7.437598081256919 1.0582339321288479 5.428387760349704 48.09082477116098 2.3915932178497314 0.09712067747236353 1.0196477470209007 1.238773282914442e-05 0.0002819116891009614 1.1084365196048625e+38 2.6788499183617968e+39 0.003907737819991711 7.004770749794384e-07 1.210910760175541e+37 0.4795212265349734 0.0001466599832077592 2.2157379426188535e+39 51.370378502124396 1.1601953984067377 0.9851252977129591 2.745922937803569 0.5715916375800514 12.628790927693878 0.0001018807391839313 0.0001424740331773187 0.00014779235062497203 0.00017745007497784796 1.0606219558159194e+39 1.435129768006705e+39 0.06972715461238631 8.719986436396475 7.764351105045757 37.64273532394302 49.20249377431902 2.761844019037587e+54 1.400659433063857e+55 2.584017450413706e+39 5.6023103864681125e+38 2.023786410936257e+39 1.4347830667616597e+39 3.282604944650474e+38 1.1065225645316305e+39 2.131465662857572e+39 1.3350946052931792e+38 1.9979561994165114e+39 1.4722777694716707e+53 1.4018989842240288e+54
61 0.15714 6.613816751477082 4.967490056340923 0.0 0.054565130859375 0.0122215419921875 0.00410976275 8.791125802869376 0.00012609210989394343 0.0009440019004593798 0.0001372140839029803 0.38222339029581465 0.30250317555093553 9.676064081051951 1.7441926494080326 13787.0 11884.0 1.0507759107649584 6.440299345348381 2.0145134451101843 0.9188898815677745 8.780929777430757e-05 0.0020812177433345365 6.222757365203934e-05 0.0002466851264234309 7.803198575112474 4.986935660405052 4.804874441033187 4.152656511867024 -inf -inf 4.850753178133438 1.0743770656664393 5.363752068219422 48.36964342281256 2.520251512527466 6.282997676851157 0.7552953152207328 0.002029795684090179 0.00020999345458981797 2.6262257468785814e+40 1.2205518592733555e+39 4.45687459349903 0.0015971419879055157 2.2622251699857004e+40 0.209248950514654 7.580227298305209e-05 8.103097189968346e+38 51.77263451827375 0.0 3.582648176100906 2.8069028143593964 0.4714311355149746 10.690080226780463 0.0 0.0009503270333255059 0.0001235115912716086 0.0001421525468757085 1.1527255959432014e+40 7.879160765766685e+38 0.03098857075527277 8.746653354163072 7.780055548153805 39.905046230042835 50.05089167640511 3.169104301777954e+54 2.1956988478961784e+55 2.783718643859348e+39 5.673146550277319e+38 2.2164039895968512e+39 7.882087691298515e+38 2.3518393225819428e+38 5.530248359445214e+38 3.244685626842091e+38 3.396948850357337e+37 2.904990941359953e+38 3.9586778758364e+53 8.315506140908546e+54
62 0.15873 6.568303915388301 -inf 0.0 0.0 0.01108093875 0.0037008707280273435 8.81781499664003 0.00013284391851744095 nan 0.00014693067709218034 0.38400415332588445 0.3098027044444444 9.68756198866679 1.7477016701927406 2177.0 12186.0 0.13540268237324193 0.6403248696570636 2.347175572123116 0.6136127930316946 1.4783149151988556e-05 0.0002215750329547238 8.926750223931253e-05 0.00017050471049601427 7.246556334488041 5.565689688677833 -inf -inf -inf -inf -inf 1.0907025187206167 5.3000063000063 48.571464190343185 2.6738574504852295 0.6275155173808185 0.48669919900879155 0.00021833045574996466 0.00014141152170203702 3.719524513401099e+39 6.073666732609212e+38 0.27015744011900944 0.00012942430515887947 3.1281264584024746e+39 0.10967558828089669 4.7858671529536644e-05 3.0651250415542944e+38 52.037963253990114 0.0008421093906491922 0.0 3.093879173737083 0.3642828260306957 10.490291155673376 3.1723825948275074e-07 0.0 0.00014620132918014564 0.00011445676375288895 0.0 1.4749646841048575e+39 0.0 8.817815005386178 -inf 37.54358734166265 50.6293672971433 3.929919734930424e+54 2.494701542475008e+55 3.622561065493158e+39 6.429947872411227e+38 2.979566278994447e+39 1.476823135001996e+39 2.2525646743392395e+38 1.251566670005024e+39 0.0 0.0 0.0 2.083442700634493e+53 8.999440402806037e+53
63 0.16032 6.567513278148279 -inf 0.0 0.0 0.010175751435546875 0.0036941393867187503 8.84724385397764 0.00012800732085850594 nan 0.00014860750239532845 0.4038378398718398 0.2991170986370986 9.698310018895784 1.7509191707953367 2264.0 11686.0 0.5325793108523076 0.004932736838674311 2.2688266864516016 0.5325304726501409 5.6194858781549716e-05 5.721064114659442e-06 9.634430716504421e-05 0.00015467502572251307 8.254873311072643 5.946465838766871 -inf -inf -inf -inf -inf 1.1071078941801125 5.237524950099801 48.750841476880055 2.656691789627075 0.004434566474414303 0.4185744676631484 5.537097568998456e-06 0.00012938072946113365 1.5741053003377859e+38 1.2060458682082282e+39 0.0024534703767836574 4.998608657454092e-06 1.5283355294817033e+38 0.1283470047621667 6.179669007358911e-05 9.802971513577638e+38 52.297617163424924 1.6659281325846336 0.0008701131151799352 3.053159881005394 0.3288574219035267 11.79128684669297 0.00015949245855932984 2.0900421815031044e-06 0.00013756132925761463 0.00011317519216099958 1.04673207341022e+38 1.6291177644998198e+39 0.0 8.847234769540043 4.168748154471268 37.08312820244393 51.256475501363575 4.328442880658481e+54 2.611225776889604e+55 3.5193035805897264e+39 6.597714551916418e+38 2.8595321271939684e+39 1.6272335101615526e+39 3.041885539697403e+38 1.32304495579148e+39 0.0 0.0 0.0 1.201627808809968e+53 5.412000379751446e+53
64 0.16191 6.5409272584724745 5.731240595842542 0.0 0.0 0.01017070296875 0.0034747795625 8.874428692523416 0.00012867447846860266 0.00019230444204388513 0.0001450154249817091 0.3967162851257384 0.2865697913028413 9.708878292996268 1.7548316616998876 9782.0 11218.0 2.425230540383487 0.31020392724214196 2.1103137333759627 0.5574260878821405 0.0002940990390892648 7.479320413543729e-05 0.00011914561519631099 0.00016899760817833733 8.240535209807112 5.7593952497973415 -inf 5.248446637702365 -inf -inf 5.522291983672134 1.1235927181541696 5.176270767710457 48.884032442700324 2.443006753921509 0.300492082418247 0.4562305921855886 7.301637653351188e-05 0.00014547471717322248 2.5587768997515875e+39 1.7079358878609548e+39 0.06800616455303644 2.8601240116009635e-05 1.931872443407493e+39 0.27089217490223483 0.00010362843589160903 1.5744986857968673e+39 52.66660415893413 1.9858503775661844 0.42627101697441017 2.825150972296809 0.7550712551402543 11.741321185912916 0.00023656142621173576 6.736963003401045e-05 0.00016059261417464114 0.00025050329292310435 1.5525757836205376e+39 3.700326397222176e+39 0.0971540726202159 8.858052304336578 7.451059655346069 34.95347956301336 51.32709356994743 4.745163370041869e+54 2.5838707663313157e+55 3.333985744358377e+39 7.670580766476353e+38 2.5669276707370868e+39 3.701158376531875e+39 9.904620651088235e+38 2.7106963133918916e+39 1.9466858509206105e+38 1.3223773653000555e+37 1.8144480103762824e+38 2.635975509726479e+53 3.41932664181537e+54
65 0.16349 6.542545565296653 7.337192522581601 0.0 0.0020250652099609375 0.010863931445312499 0.0034877517500000003 8.882022848200329 0.00012815850175039673 0.00018905838889550166 0.0001450288815355559 0.3625337989165536 0.3306160337975154 9.720768102508776 1.758202125018149 10738.0 12113.0 1.943368746985779 0.9307789496924852 2.2920613620615646 0.9655255138044068 0.0002729251796087388 0.0002865192891397732 0.00012238522781547897 0.00030568540066372213 10.495649599117497 5.825257023733592 4.753070646357008 7.018413255588866 -inf -inf 7.052387163609287 1.1400521012278235 5.116582053948254 49.12673892231842 2.3370473384857178 0.8657168185733846 0.8499600653419263 0.00027156071408998523 0.0002757530974724885 6.907169778426694e+39 2.8759621269542556e+39 0.4490794436806533 0.0001868342276145554 5.855863459245438e+39 0.6893706572910718 0.00024180387361693743 2.7480855685917843e+39 52.910205516652475 1.6006585136303937 1.3149585603919633 2.961995884021135 0.8585804160945603 14.314760853941431 0.00024148306174885678 0.0002265117762852228 0.00015873071523651804 0.0002866071031948619 3.411197339230641e+39 3.332116194088201e+39 0.18659534298300817 8.86302357029837 7.735268999739835 36.32463294180826 50.84159597334989 5.342329147755085e+54 2.5871495606802184e+55 3.360211291420572e+39 7.480247639006987e+38 2.6121865295956378e+39 3.327885018220227e+39 9.9796863430834e+38 2.3299163809194315e+39 1.5648618201744018e+39 6.477617004987987e+37 1.500085650124713e+39 3.113064990485398e+53 4.108289416518031e+54
66 0.16508 6.557947595518928 7.292273948244491 0.0 0.0 0.006889733125 0.0036136625546875 8.902995828256214 0.00012925616083040066 0.00024480299811604296 0.0001480347247644487 0.3487141935064393 0.28710393617412283 9.737843666479096 1.762702069772434 12774.0 12870.0 1.5705930153278425 1.591561472143113 2.3883679857612394 1.0530934786977324 0.0003207813255834729 0.0003808883067546027 0.00011135916152456426 0.0003463512245205154 15.200272850008552 6.601652532956347 -inf 7.0410155773116525 -inf -inf 6.933937905791208 1.1566939287507207 5.05766900896535 49.60256245993939 2.192673444747925 1.4404308783017008 0.937017662598845 0.00034631640999394976 0.00031405403780743847 6.189355244971506e+39 2.7833870629930104e+39 0.3723350557470331 0.0001423053777465358 4.1960189264622917e+39 0.7533282816856491 0.00027110711263838487 2.6145339200309785e+39 53.21840689503624 0.8630534473316374 1.5153785921146419 3.8404842243453796 0.516489628910688 24.604238736650405 0.00015004660758649238 0.00035390149316655767 0.000214783408652549 0.00017181417066079345 3.2144985188438173e+39 1.5691628806615344e+39 0.17187924938808813 8.880928028997364 7.772520805424356 35.22091051017459 50.570930819104134 5.924611465154983e+54 2.5357300980831647e+55 4.1513349121933595e+39 9.027196682826736e+38 3.2486152425214916e+39 1.5683956412969182e+39 4.672097593873362e+38 1.1011858828975915e+39 8.609979386133579e+38 9.915162976132716e+37 7.618463101210391e+38 5.954824051194707e+53 4.124498233144612e+54
67 0.16667 6.57326594234828 7.229824813502932 0.0 0.0012335940185546877 0.002836564208984375 0.0037433974687499996 8.934064376220539 0.00013611655750205766 0.00034204674554019483 0.00015448883580865266 0.32574994360878173 0.48236049145106646 9.763363990249594 1.7716377239125796 12025.0 13885.0 0.885384321189 2.1734533712999493 2.7674389662050736 0.7707280776630573 0.0001356266689979695 0.0008085975981536857 0.00014211014029273428 0.00023435929634253852 20.111506696391544 6.406649418530406 -inf 7.075322429681331 -inf -inf 6.682012888755299 1.1734138164636554 4.9998800023999515 50.317025506645976 2.1976993083953857 1.9789482407585388 0.6762711279849144 0.0007328678205319793 0.00020870303394969865 1.1345903272800064e+40 1.5107299261922426e+39 0.5008745978900863 0.0003079192397160491 8.996410729414352e+39 0.44779558225757793 0.0001501301870459813 1.2845351747864017e+39 54.09180839492439 0.5669561034206607 2.0057605679919623 4.209679010512302 0.37229457029276997 30.247797952393196 7.780256885094867e-05 0.0006305405696309511 0.00022367426125579864 0.00012420434603799372 4.723764819644461e+39 1.1120992915089257e+39 0.26611740473738416 8.91820200907783 7.679329072563193 34.52225400284042 51.38333313613032 6.748968860534813e+54 2.9720424231227745e+55 4.607807611571646e+39 1.102078654022797e+39 3.5057289580129694e+39 1.1126500531103778e+39 3.961177351647193e+38 7.165323151418545e+38 2.4383935116736463e+39 8.473841860245661e+38 1.5910093286883425e+39 7.920716001287093e+53 4.058396389869305e+54
68 0.16825 6.599806768873835 5.497611047398893 0.0 0.0 0.004963756123046875 0.003979300796875 8.973844664457875 0.0001480396403428139 0.001097353133888007 0.0001629645080006286 0.31132137673244037 0.35435713716280387 9.794475137172912 1.7832355716469679 9686.0 15043.0 0.44598650543506513 1.6188936556838547 3.0880322178246646 0.6183472922421979 9.39421270147264e-05 0.0005968847106969444 0.00019298712107483054 0.00020454459372897893 18.597756588194848 5.91625200686741 -inf 4.893210752853864 -inf -inf 5.265230894988799 1.1901054240912943 4.943536404160475 51.218020628486215 2.2309823036193848 1.5272665024486614 0.5349624430848849 0.0005691780166261715 0.00018129110309840173 4.211551199646337e+39 2.1626882450688675e+39 0.17908414413903215 0.00013420446767993045 2.5196269746960698e+39 0.26576982963827944 0.00010671879691247173 1.9046050468524288e+39 55.25748514494029 0.5119168306622085 0.9508129488500182 5.2008998046274035 0.514047979366769 29.68232899659872 7.401742405344758e-05 0.00032283657440329447 0.0003651400431240937 0.00020276648282027183 2.3448772466250584e+39 5.0925338934742336e+39 0.7003439380911436 8.963197980950483 7.363912688518917 33.091109194934845 51.65053869013687 8.169205764477601e+54 3.527081738147545e+55 6.612817349129671e+39 1.3068771199409619e+39 5.305940225759771e+39 5.0972950670875543e+39 1.6665841431134523e+39 3.430710941094292e+39 8.790601127339862e+38 5.064574370964187e+38 3.726026924184723e+38 7.532753415390167e+53 2.8895771192425757e+54
69 0.16984 6.5949827082104555 4.165614783746825 0.0 0.0 0.00515111125 0.0039353440625 9.00990718535494 0.00014637388058840462 0.0030487308296681497 0.00015832122942186652 0.32888865071351353 0.36533006409486407 9.831026165884209 1.793637186325146 12013.0 20600.0 1.001407591514428 0.6089682966255144 4.767869330897192 0.7501333582177486 0.00014817626742302483 0.00018672417789824074 0.0005205859500634987 0.0002982777310467491 24.224625426428872 5.9480977972151035 -inf -inf -inf -inf -inf 1.20697959066644 4.887894488930758 52.53576294066794 2.1825480461120605 0.5747657701810059 0.6687308799006171 0.00017746508703588847 0.0002737188063755646 1.811649849090822e+39 4.17967424544329e+39 0.019997790684091965 2.2071320856563967e-05 1.3911788619106632e+39 0.4769429543356804 0.00022049345339635122 4.007804089544286e+39 56.369684730342705 2.697944089049712 0.14889609054288225 8.497561635057727 0.6353630904211756 42.7246306354457 0.0004208268340274846 3.8094375508476586e-05 0.0009701771441782351 0.00023511311410993305 4.264510126111583e+38 4.233707147498074e+39 0.9398907103825137 9.003278011195246 7.190683376247016 33.26735186025494 52.69124435568164 7.381651808678127e+54 3.425485289048743e+55 1.5672881817683714e+40 2.743503995286678e+39 1.2929377832456562e+40 4.230110150310647e+39 1.12382514794845e+39 3.1062849978187066e+39 1.7825087676728833e+38 5.975903679970765e+37 1.1849183313914434e+38 4.544138580084343e+53 1.707154037136479e+54
70 0.17143 6.589713326641432 6.872675534336844 0.0 0.0 0.0045672139843750004 0.00388788425 9.061673870610608 0.00014020972134854088 0.00018596338136962298 0.00015543586089188387 0.35580684046480576 0.3919487281576448 9.881204144898751 1.8078683175555716 20027.0 27051.0 3.2050331252997615 0.1789254436055242 6.536336712785738 0.947569465907603 0.0005021283000232839 4.285739759257866e-05 0.0009774703219377358 0.00034283912690136464 40.3806950634648 5.899595375304147 3.849674288320732 6.234143746875042 -inf -inf 6.7548274460343425 1.2239304716503345 4.833284722627312 54.50107210725835 2.1888179779052734 0.1584305666058603 0.8392579011005915 3.8255585273283694e-05 0.0003100104715394958 3.493621575768298e+38 3.8717463133423105e+39 0.015298301919165223 7.123879464234061e-06 1.9903345507833904e+38 0.6062665247438711 0.0002420327162206546 3.595464534580509e+39 58.101154943068295 5.730805083095465 0.03524250995156522 13.972491183612224 0.4369470763463641 79.5181356558594 0.0008222384211768799 1.0907289410888167e-05 0.0018007533895427479 0.00018099951044850445 1.4542310737204469e+38 2.5828371831406296e+39 0.3103448275862069 9.041432350628034 7.7777596487063665 34.02249853074096 53.89118473963262 7.730439383820766e+54 4.0027274948265596e+55 2.60734985636531e+40 3.90557575858491e+39 2.216792281550689e+40 2.5824794592685335e+39 5.911850104400537e+38 1.9912944498701594e+39 6.55080780014664e+37 4.670902777048581e+37 1.879905226375048e+37 5.165233008214546e+53 3.576550933165839e+54
71 0.17302 6.666469826493769 7.829514431763271 0.008529232814908028 0.02999949453125 0.01058468919921875 0.00463948555078125 9.123403552354903 0.00014559110604191517 0.00021886239645153572 0.0001573499696131002 0.3481108861747222 0.4040077795251662 10.066336545886394 1.831780474960983 25279.0 24776.0 4.627426749334186 0.31289201124220334 5.579722544650469 0.9639468266996367 0.0006279915669801887 9.158819870312368e-05 0.0005285323357295282 0.00037227220126078396 36.94950981516956 5.564240803420194 6.3078947458962675 7.4775533364355375 4.150842003892938 -inf 7.571074059506654 1.240957626364467 4.779678649867067 65.31462324093006 2.183060646057129 0.27641619137658396 0.8524232145913614 8.174146271490365e-05 0.0003365123012715289 6.68415216812912e+38 5.736852385758402e+39 0.029683223478601903 1.0923828589949688e-05 2.400208844945712e+38 0.6015758705964083 0.00026259401825517374 5.4434821797722934e+39 61.32948970079654 5.840603802808507 1.3429615048090782 9.772996096175847 1.1807065288575587 59.6895752549803 0.0007548205003156671 0.00033826821655221715 0.0008351540001133507 0.00040953198167483824 3.4247354793655935e+39 3.624881631975348e+39 0.22326283987915407 9.09235563574057 8.201946670338891 38.66766557578504 55.523236976456985 8.572830770544356e+54 5.308868604320016e+55 1.8050723715754545e+40 2.993044956368595e+39 1.505767876691034e+40 3.625642087194687e+39 7.446731527142935e+38 2.880968945392575e+39 3.88690647083531e+39 4.025120539574396e+38 3.484394417404274e+39 6.987698589964124e+53 6.28187353504759e+54
72 0.1746 6.779783492499362 8.112763081420445 0.48032477498054504 0.0741433359375 0.02126694875 0.0060225926875 9.1507185763248 0.00014799171544376295 0.0002158622534605351 0.00016639136667950075 0.3031699894345559 0.46607287780087786 10.06914714636735 1.84703803889538 28037.0 22680.0 3.884159655871774 1.6114688724588788 4.049679126297794 1.7075248729885277 0.0005562201532326409 0.0005808707055433155 0.0002769591224743236 0.0007032836116237378 29.481461712597515 5.092628185597226 7.088867648386913 7.647556015190986 6.119753333066095 -inf 7.929601965252758 1.2579528162887148 4.72737686139748 64.09335100053556 2.2812983989715576 1.4146736520138494 1.5092429694062337 0.0005160518584151428 0.0006316562834101808 1.0005264154855963e+40 1.2415014979803401e+40 0.3746414187732646 0.0002207163695675715 8.732965581437008e+39 0.9302925674664088 0.00042818282156776037 1.1300720278306797e+40 63.32284574882972 4.436397181824359 4.389150993075267 6.735894502880539 1.1379381067171188 43.947941428644505 0.0005853022082298199 0.0009594914109420609 0.0004929271913196092 0.00046444325507928114 7.258068938843582e+39 1.1552805779966357e+40 0.17271314995887782 9.116632383114933 8.37373875608881 45.220840784995644 57.298049585626174 1.3132072074567622e+55 6.793970903628802e+55 1.421704458136953e+40 3.32496642810329e+39 1.0892078153072634e+40 1.1552138616139143e+40 4.777481591511643e+39 6.77465719710483e+39 6.743740113718514e+39 5.430540103157363e+38 6.200686092835975e+39 1.302070032393075e+54 6.899000856030689e+54
73 0.17619 6.798832399176752 7.9715593050402065 0.029116102494299412 0.0614425046875 0.018335555 0.006292632937500001 9.189558870108035 0.0001660175591697869 0.0002774159171335529 0.00019396441217947632 0.3231030345730345 0.48505162623238635 10.077971642914948 1.858173736771516 38586.0 23312.0 3.627662045284013 6.1714597795765 4.001555966662738 1.3739339658050331 0.0005679124971621404 0.0031901302699692633 0.00031216851848376095 0.0006165365139513793 21.913772819904317 4.862757751225602 6.480350440790675 7.5891807418483594 4.550822890648435 -inf 7.735713864742667 1.2751307403184922 4.675691015381123 63.6339481412424 2.6573123931884766 5.772115706326976 1.1791494261443225 0.0030200854569665354 0.0005507438924791586 4.65033253072803e+40 1.5100192582177842e+40 2.870809834342336 0.0018287302290909738 4.0559352461631545e+40 0.619552859208103 0.00037433929032865127 1.4296849038012657e+40 64.50358157454099 3.6253814210753204 3.8865222651062745 6.166968094867081 0.6913726324259686 31.76205637841179 0.000431069126130148 0.0015510034761936247 0.0005192313063705424 0.0003156778346800369 1.175682660439847e+40 8.667389501861745e+39 0.30815150267599833 9.147961925382983 8.371033033799272 46.00969095491525 58.876341430312884 1.8801583864387322e+55 9.285041997960588e+55 1.275284034710135e+40 3.3011789642966404e+39 9.451661379312095e+39 8.667111413020271e+39 3.577300493345914e+39 5.089810944113499e+39 5.485855577697812e+39 9.044845264116494e+38 4.581371047465652e+39 2.543993392663357e+54 1.7139465042030937e+55
74 0.17778 6.810554220438603 8.049280618606375 0.03777295630425215 0.017826631640625 0.01483626125 0.0063969678749999995 9.210753694386106 0.00016795961260861146 0.0002673005600634115 0.00022028862753726409 0.2992514274832633 0.5258796693016092 10.078856331654944 1.8652423688360629 32336.0 23086.0 3.3071165698332217 3.4442406501104026 4.281909386355436 0.9690549152992902 0.0005786262526514382 0.0021512821869000163 0.00030657583089368037 0.0003779717572170091 18.63818407070507 4.723450249173638 6.615315115580565 7.656649051792334 4.753903817228755 -inf 7.823065062805741 1.2923836436208742 4.624929688378895 62.89933803600426 3.249619722366333 3.1272708366376807 0.8146807862336372 0.001969323262471458 0.0003278827314853119 4.2290832364755923e+40 5.830375208364356e+39 0.9389866216858114 0.00098744834799948 3.8444017196400907e+40 0.441512266513659 0.00021311123799070889 5.3327018182175247e+39 65.3079242070689 3.2316113478814086 1.891848533022499 6.08362919812883 0.9847840619926623 29.34028093564284 0.00048376265604123923 0.0008360149094038965 0.0005015137407220448 0.0005870436607661365 7.293768262762611e+39 2.4228993641294363e+40 0.6094511549057003 9.178275275376322 8.359988985060555 45.677807376292954 60.81880743384988 2.5755696743093746e+55 1.078953234542227e+56 1.4368606685147962e+40 3.737372493191786e+39 1.0631234173828246e+40 2.436703723193627e+40 1.029214980591595e+40 1.4074887403977212e+40 2.375564227134673e+39 2.043757877328593e+38 2.17118844394264e+39 2.0803232209189812e+54 1.3479504715986458e+55
75 0.17936 6.901378988656074 8.18765437272643 0.0 0.046383118359375 0.0268749296875 0.00788550925 9.223097551007132 0.00018799889511166828 0.0003184058780365654 0.00022568010440482685 0.2805582856672331 0.49706502774158773 10.088636278287389 1.871325070975103 28098.0 24802.0 3.3846298213808916 1.5689793488998829 4.754049802592782 1.5536854215733988 0.0005601986047569069 0.0006821033339553357 0.0003418994999264632 0.0008860535481419538 17.838210410302196 4.9223703612512795 6.143140608311271 7.8012030923627265 -inf -inf 7.955816028593769 1.3096018918844825 4.575379125780553 62.888806157782504 3.8333702087402344 1.3968434377887553 1.3990327196573389 0.000608276624294041 0.0008287496926823192 4.221522125632018e+39 3.254711637228142e+40 0.09903777825343957 9.14039440965217e-05 2.6598814571062737e+39 1.153961943019502 0.0007485009781987974 3.2120125949523727e+40 65.97452487259376 4.080428483292132 0.7823684076970492 6.230608859531611 0.9255530372454458 27.510495471558855 0.0007177664401320712 0.00034097054681805943 0.0005074903700808578 0.0005975620644212313 1.9102333674401164e+39 2.1907461920007317e+40 0.7216024340770791 9.196897303075007 8.401232882240874 47.322670375 66.85263881609343 2.5375044263402334e+55 1.0576061687848516e+56 1.6762950734420238e+40 3.6923645469781287e+39 1.3070586189132714e+40 2.190635600313338e+40 9.715503720633357e+39 1.2190852347384536e+40 2.83993979046517e+39 7.335586820895081e+38 2.1063811137132705e+39 1.0677118608178133e+54 7.015627906027247e+54
76 0.18095 6.939267846363373 8.31357674520982 0.12956774979829788 0.045969726953125 0.0390346896875 0.0086278439765625 9.233924479041402 0.00020537454408199604 0.0003419389793267138 0.00022545561801108898 0.2797493661644804 0.5251265510382177 10.08912631897708 1.8765845996296016 29184.0 28002.0 4.35739294027759 0.9391945536742363 5.934822070962254 1.2358020237306497 0.0008548906785543605 0.00039912262682911337 0.0007377011120544036 0.0006660100013021079 17.39502419441693 5.340743184756464 6.992302126977968 7.81398471473705 5.48487039922072 -inf 8.146259083264859 1.327003019096467 4.5263885051119095 62.26903140901655 4.324428081512451 0.7066009410297317 1.0950546146212483 0.00030420100983659664 0.0006170635711994802 1.3792356640494214e+39 2.3696534463017575e+40 0.07002748704577297 3.707580708673061e-05 5.895560126637468e+38 0.8978599000118181 0.0005535476225350601 2.327200864621228e+40 66.57935978803575 5.256706139969358 1.4424039540149003 7.144305970357181 0.976738423002679 25.99294033704681 0.0012474631959306834 0.000583138164560093 0.0008287107272967789 0.0005931442879320916 4.010681317799673e+39 2.0172407033214058e+40 0.5704900082124281 9.206685860435158 8.491418535804042 48.205164257426674 69.34657712335155 2.459062440298715e+55 1.0564305019469516e+56 2.254197889021172e+40 3.73207982535614e+39 1.8809899056899476e+40 2.0168870310150372e+40 8.474510952291863e+39 1.1694359303028396e+40 6.85244111980951e+39 2.5737435485153007e+39 4.278697594526119e+39 9.472812854587053e+53 7.563850974812857e+54
77 0.18254 7.089648466447527 8.343462549325666 0.2302843127399683 0.1775261890625 0.0754449475 0.012204803375 9.256711551345349 0.0002677446550179866 0.0004403495724007461 0.0002284668220475282 0.2773839963520188 0.5173620728975129 10.090282175209548 1.8810739997129096 47531.0 28450.0 8.304810485198583 2.30424774945918 5.2557964681989695 1.2900070931716174 0.0023084373909617825 0.0011343776084286384 0.0005386120197869226 0.0007778336923824375 16.979705409951322 5.1620135228457 7.245892466184436 7.931966658230868 5.676944520768003 -inf 8.124948181324847 1.3444778659487544 4.478251342171578 61.75976133644262 4.980733394622803 1.7283473952577362 1.1413329071767588 0.0008312035885142333 0.0007254032952984508 9.05597168587771e+39 1.474990258166168e+40 0.35818348232716524 0.0002514907786428027 6.633238542043503e+39 0.9788441685798323 0.0006794600204277218 1.442744321628165e+40 67.11338808945555 10.310505190730494 4.114998743810658 5.890484096034351 1.052977777747168 24.030170371486918 0.0030869198853711675 0.0020077116105734804 0.0005928495991221933 0.000542960167481945 1.6142132199504038e+40 1.5132536724107257e+40 0.4923459624952162 9.21785178104224 8.57415123123996 48.378094691687906 70.63843492437545 2.1502987500100862e+55 1.0939803952679129e+56 1.6687825667265314e+40 3.403293363386749e+39 1.328453230903589e+40 1.515229614023273e+40 5.606497270581987e+39 9.545798865844515e+39 2.1077734963730068e+40 6.313147843534438e+39 1.4764587302777102e+40 2.5464588873400416e+54 1.9884470056967752e+55
78 0.18413 7.243710386634305 8.23061241013846 0.17445361660793424 0.266317653125 0.10374769375000001 0.017397026875 9.2871461796462 0.0003100135322864674 0.0006373393388557266 0.0002637193627027611 0.2607971236797282 0.77173407680116 10.092488712778726 1.8850501710389826 71810.0 28480.0 7.328206115732195 9.067685198786338 4.997837856181196 1.1504713554341048 0.002269317496395513 0.006507485404079708 0.00039590775070242473 0.0006041313537407347 17.39099152942784 4.776535112852586 7.120908995212338 7.815250536266299 5.622793551092848 -inf 8.00864349686205 1.362026018946982 4.430945527616358 61.3673738735567 5.689786911010742 7.007572756611309 1.01874608115696 0.005067409795695608 0.0005562031176267403 7.694703084900839e+40 1.0888443951097101e+40 1.8582790970101246 0.0021667246418754574 6.2369075432596855e+40 0.8584484904247359 0.0004953646056018177 1.060065127815372e+40 67.53574365774531 5.506395860717194 14.544705427893813 3.882541270163592 1.4198300566522364 17.870050306734285 0.0017146915927055222 0.008717167421340884 0.00029704238011054847 0.0005391774681159943 6.779124267593562e+40 7.983320135827673e+39 0.23075251880618092 9.210745429188371 8.683534889669067 50.012111319064815 71.56160615607409 2.892222563240264e+55 1.1707684979457791e+56 1.1078686717004525e+40 2.4805512776306355e+39 8.598135453293132e+39 7.973318587485739e+39 3.201570887538783e+39 4.771747673975797e+39 3.519237679587358e+40 1.1010781088504433e+40 2.4181595596895736e+40 7.975142177592341e+54 3.2800721503846136e+55
79 0.18571 7.176432306854623 8.128059319659032 0.08431573677808046 0.062748453515625 0.07340834375 0.014849485499999999 9.3038502989654 0.00030034244859608085 0.0005653983373880685 0.00033711800294415845 0.25984257444637293 0.7228509003080004 10.104157719012726 1.8797377580855648 62604.0 27633.0 4.317222503179254 10.788122475506645 5.176518838994165 0.9156589540567016 0.001716349679339143 0.009602334346052368 0.00039147760127945276 0.00044714651123848616 21.73052279480278 5.345514979731487 7.074099171372572 7.473112373724783 5.298665399830065 -inf 8.013397187762942 1.3795360169156836 4.384739647838027 62.312170600974 5.591258525848389 10.330583315214598 0.79517411742407 0.009166031737265525 0.00040257662240603153 1.5511838077508909e+41 5.12992863379586e+39 3.1565558738651744 0.0040706335342510155 1.3843487035618985e+41 0.602693688101154 0.0003316472866999928 4.800270974647932e+39 68.09973009653972 2.6735178895002534 4.978548063315716 7.7289868247951246 0.5329405463673371 39.268797989944105 0.0009705742440597744 0.0032799134809175087 0.0006356101864628177 0.0003073242157041383 3.9508666601163024e+40 6.347629698074064e+39 0.40573223400078523 9.263005008828758 8.498296200961304 51.00617469879502 72.11898261505249 4.5673267213692543e+55 1.4994109438026332e+56 2.1384066380170373e+40 4.868331071333153e+39 1.6515735313465646e+40 6.347426016777037e+39 2.2927845718888512e+39 4.054641443351177e+39 1.8287882386535545e+40 7.99389276872352e+39 1.029398960182986e+40 1.473912053181025e+55 3.201331083317849e+55
80 0.1873 7.141736079045171 7.400599010818455 0.0 0.025603012109375 0.06351430035644531 0.01367180102734375 9.35145780242403 0.0002949936833855326 0.0009390990171646333 0.00039378579751675756 0.2964865518851371 0.6572091585020917 10.119052758085317 1.8929107746523737 57737.0 30259.0 2.550246944076763 7.758083895002954 5.672661309752953 0.9270374437157086 0.0012633309820318055 0.006447429265897556 0.00040208951149189117 0.000468488600170563 31.118262609291524 5.903131644066473 5.83922124981181 6.995948306997337 -inf -inf 7.1346208846951376 1.397229100872272 4.339028296849974 62.170254818999034 4.40386962890625 7.185318976347811 0.808687312328808 0.00597206615904976 0.0004240054229992767 8.176606616129797e+40 8.207764203180472e+39 1.760209685540208 0.0023254447356685142 6.930574793876381e+40 0.5942365137528021 0.0003432494297043448 7.854135394000819e+39 68.51216596443939 1.3473461923576886 9.355234942948183 8.43381756060487 1.1284405642704565 45.0661997985362 0.0004792110066414593 0.006510154058800112 0.0006471346037927018 0.0008980709829496379 3.8981875539484903e+40 3.742219788937094e+40 0.12684328917770557 9.302095389010356 8.425680659214343 43.82388841148694 71.33387598929643 6.309347428399204e+55 1.8559313015016205e+56 2.652240101461985e+40 4.3049151269471344e+39 2.221748587910171e+40 3.738043936654262e+40 1.759417529265428e+40 1.978626395342275e+40 9.016919042055018e+39 3.460725685709122e+39 5.556193330238746e+39 9.3379518948505e+54 2.6175698842309755e+55
81 0.18889 7.16985163992893 7.463912251981466 0.0 0.0177194501953125 0.0632462825 0.014630046375 9.375267851579357 0.000306611665957245 0.0010410915505579851 0.000436875037903999 0.28631108700179647 0.6446367582582583 10.154053577120106 1.8994557023368495 38269.0 34984.0 1.4930736870069499 8.772489528084815 7.2104015140305755 1.549035131095248 0.0007546173270352502 0.010112179954790036 0.0005145896398382789 0.0010979642511159573 63.468246114774516 6.437431665397885 4.966930668724723 7.165166436307131 -inf -inf 7.118058412020375 1.4149942734752443 4.294086505373498 63.96980082170998 3.6476528644561768 8.45529451540238 1.3790289828439073 0.009688605991288042 0.0010181503358468787 1.5518396205310003e+41 3.314656709747639e+40 4.1161371908932285 0.006184447101117555 1.4371353355284563e+41 1.2096802808673814 0.0009514354843898926 3.288637305573512e+40 69.55911588019151 1.4155167208405381 4.644490435084965 16.452354721310446 0.8730712899125511 111.27682434081109 0.0006373073090856499 0.004539046796318096 0.0013147529864839043 0.0006104371124806414 3.5921059738479204e+40 2.1573594184783015e+40 0.09120603015075376 9.358901565665354 8.06765604985851 42.6153445802852 69.20639408811107 7.079487179334187e+55 2.0960331699064386e+56 8.890412669382067e+40 1.6800023696958804e+40 7.210410309403783e+40 2.1633488856479293e+40 1.0675570688196436e+40 1.0957918226893096e+40 1.2881813968374344e+40 5.204731497954477e+39 7.677082491994584e+39 1.0621210790197313e+55 2.861980248005213e+55
82 0.19048 7.194908026341734 6.028401506526968 0.0 0.00064025634765625 0.058761430625000007 0.01546955253125 9.429113964612336 0.0003320961698143739 0.0022743233280363563 0.0004410263988637248 0.28621244976089805 0.7845985284617951 10.2255890584713 1.9144998643447766 25551.0 45253.0 1.1441694461237315 3.7296006291324475 11.586665844841576 1.3983523550727086 0.0007363860183933729 0.004050698278024338 0.000750015263807394 0.0008016015788616228 79.85852345296347 5.9999837157321165 -inf 5.651753622657769 -inf -inf 5.442890406718425 1.432831134540833 4.249895002099958 67.98301952813706 2.2127254009246826 3.5893280177832967 1.2280361493791228 0.003906947447048138 0.0007318500798512814 4.345873123053599e+40 2.0903215014909227e+40 1.575945403431439 0.0021777738224297333 3.865739490062542e+40 1.039037066440371 0.0006497502841383801 2.0581411552905016e+40 72.54444015286835 1.5504380642348954 1.6756050743592594 16.704853878276026 1.2091932846847386 114.5834832674128 0.0006013344638242902 0.001652736629546546 0.0011829722914969312 0.0009604602064892366 1.0963939496992006e+40 1.870340118758613e+40 0.23574586921107749 9.419878933766435 7.760287108125775 40.608079810399346 68.07761093477555 7.875074049842635e+55 2.4214055380560262e+56 9.025372197844346e+40 1.7279820266010025e+40 7.297390170622017e+40 1.8707117819388412e+40 7.763039268788753e+39 1.0944078588557056e+40 2.6728270804958554e+39 2.2141060171051976e+39 4.5872109828435454e+38 5.259831011232181e+54 1.0637401784023853e+55
83 0.19206 7.218132601495255 6.804626661618375 0.0 0.0073506953125 0.040830331875 0.016320363125 9.471797504174615 0.0003539052159739045 0.0009063501085986307 0.00041416892066070086 0.30091015344302235 0.8888370181381381 10.252216631007213 1.9280922559619993 22661.0 41201.0 1.3989033790020682 1.051846516368626 8.328566601251278 1.8387704986416242 0.000570017587740525 0.0010137749994494362 0.0004319998577511167 0.0012992363086133068 60.712400467905994 5.499979853856992 -inf 6.366838128700581 -inf -inf 6.5826117103986 1.4506264351482479 4.206706237634072 68.72650669105859 2.392843246459961 0.9805769727071618 1.6283676268059948 0.0009437707068129744 0.0011973568269189176 1.2505463966615197e+40 1.892068331858555e+40 0.25337059476331336 0.00040575558394352016 1.1375115406580064e+40 1.4077198735271108 0.0010960917495629885 1.8543614887906033e+40 75.39107404815404 3.2465239642788886 1.1632901226087524 13.00327372820598 2.179751452065157 88.37286368827657 0.0014282721956279194 0.0008958454834617196 0.0008613132737781699 0.0018467669949123072 4.730196677935713e+39 1.9109369493065507e+40 0.47398077560490554 9.464616498399828 7.74016365395103 39.13877873427722 67.66967141960237 6.96176619992766e+55 2.5049725689080265e+56 6.443065236984583e+40 1.244557696370473e+40 5.198507545930984e+40 1.9118301549476576e+40 5.886850070098736e+39 1.323145145896694e+40 1.642605286051151e+39 3.510636453877178e+38 1.291541634329574e+39 2.09401534404324e+54 5.40630705871861e+54
84 0.19365 7.235443901174665 7.293669612098328 0.0 0.0 0.0456067275 0.0170301319375 9.498311171452425 0.00037200932771088487 0.0003978639404824291 0.0003895509700294934 0.3227319079876356 0.8814272180834679 10.274565705484722 1.9344840637236675 28936.0 42907.0 2.3241638147472496 0.9998037713543351 8.412472891243002 2.6589482109341187 0.0011346864199375548 0.0008454974208607805 0.0006079864564314069 0.002144204154003388 51.7230201145168 5.883010466725626 -inf 6.748639029441092 -inf -inf 7.1455814553232555 1.4686050402717274 4.163955589981926 69.71281415526131 2.6970880031585693 0.9387173367291864 2.39360225937898 0.000804193623065914 0.0019801408333061394 6.07061458388856e+39 1.7723876395416985e+40 0.2723896795951985 0.00034023603899119385 5.1107179273548774e+39 2.1209321260127814 0.0018219224906110458 1.7224474801751621e+40 77.55592104179225 3.432995481590679 0.4067379813128395 18.5576133370039 0.7827595890410833 115.90557541059752 0.0016640902869678972 0.0003468645316047785 0.0015943282318734476 0.0006547122109256793 1.0216213767984833e+39 6.12898157385173e+39 0.5708884688090737 9.488007404404383 7.970901655342531 37.030373295894215 68.85356085796018 5.768380838766611e+55 2.6365730776051176e+56 8.607208210238767e+40 1.7168512001172094e+40 6.890357010077619e+40 6.118060096761764e+39 1.8432760754227362e+39 4.2747840106519906e+39 2.3981681793785492e+38 2.260274130901496e+37 2.172140757594037e+38 1.360934524093454e+54 6.308901179366596e+54
85 0.19524 7.269575774101897 7.666780462184404 0.0 0.0009291720703125 0.029353778413085937 0.0184251025 9.538164693197443 0.00038469233744563937 0.00047950819624580765 0.00036009107211906933 0.2887241936686915 0.9346429923631323 10.296886973878088 1.9629464515682193 41479.0 48883.0 4.790494846674928 0.5661452999443757 8.316484463045406 2.4043596690435787 0.0018819732577300251 0.0003769384012636502 0.0006634366698514064 0.0017271181756124017 68.59971537266888 4.345213232871057 4.695220458963483 7.210025623514344 -inf -inf 7.477904388224328 1.4866541540804465 4.121901249743905 68.93922646150544 2.86094069480896 0.5081906550818526 2.1147799474835973 0.00034442414328771613 0.0015637948788208985 1.4174404765762256e+39 1.5348032786934052e+40 0.03316914668837898 4.123886080540955e-05 6.886283777614615e+38 1.7208438453794808 0.0012753656598274107 1.451153778225249e+40 78.6355282506625 9.749261520475217 0.3885783264010368 6.0952183151519215 3.8877703855227397 58.536493097685046 0.0033187410918899475 0.00023995047564674907 0.0004994677133201686 0.0026294331646415695 8.520216967034994e+38 2.6318366350553597e+40 0.7752475247524753 9.52497620840946 8.175232756054115 37.753502460045404 73.77340906789 5.234973007888603e+55 2.999976492528246e+56 3.6003708358233214e+40 4.751303439057832e+39 3.125240492363551e+40 2.631697388995754e+40 1.1716772772058872e+40 1.4600201142723561e+40 2.2662649544369556e+38 7.352308955043698e+37 1.5310340452460577e+38 1.3574133744464658e+54 1.1201534980326903e+55
86 0.19682 7.255964291624758 8.062694216987987 0.0 0.0029372181396484375 0.00320765203125 0.0178517685 9.534560381093637 0.0003828860351165184 0.0004861842033909989 0.00034511019406193415 0.29016764018953606 1.0096623012345678 10.32772269559522 1.9512904598578849 57560.0 51640.0 10.163500912141492 0.4185933510274258 8.73582665360335 2.754142896389343 0.0031510244488762267 0.0002158229669405193 0.0008717013361173074 0.0021006551964019827 62.43836066957524 10.846628683187134 5.689609213028063 7.60008668444173 -inf -inf 7.878508732002461 1.5046592125524347 4.08078447312265 72.1044466887571 2.270784616470337 0.37274759165336796 2.4046629215667106 0.00019148509520197516 0.001899406255115803 1.0421207034154223e+39 1.5338367909877095e+40 0.033590545345870665 3.07684386788626e-05 3.9075013323363326e+38 1.6681678825570285 0.001368295732265622 1.3699983993575304e+40 80.55083264106526 13.035440017130604 0.5831401100325768 16.386106871720568 1.575248604060524 108.29045688197826 0.004226506738930338 0.00022030542135036395 0.0018709904419116623 0.0012591513524487083 1.919830361508441e+39 1.0137252047898316e+40 0.5166123778501629 9.507428462290129 8.509077410394429 39.50769827221755 76.49293588396785 4.239463246181155e+55 3.0370057367726865e+56 8.057364067558294e+40 1.3724695953060388e+40 6.684894474590509e+40 1.0141016287252961e+40 3.33047292194023e+39 6.810543354823852e+39 1.0117746071988851e+39 8.284876242662367e+37 9.28925847359668e+38 1.4897044460946177e+54 2.3403549682718734e+55
87 0.19841 7.2960293939412555 8.502546679273209 0.02071850374341011 0.06134284609375 0.016201879375 0.01958953425 9.543701978898618 0.0003855851774817189 0.00042320520263845214 0.0003255994248475815 0.26867178204096387 0.9842045321875723 10.354056425373248 1.9661818597354488 59955.0 63146.0 9.346248580733418 1.6731289881711862 12.009127304351967 2.960836837851531 0.0030372727275868577 0.000778977112793323 0.002170949172068574 0.0021227358756752478 77.35060234894775 12.59647476111078 6.706757205143494 8.012142358729877 4.629575370816526 -inf 8.332714559183843 1.5228477443594306 4.040068544932211 72.76726443785931 2.4499289989471436 1.4031618001599329 2.5052749125128395 0.0006293194746758064 0.0018945946845322103 4.6321684583252516e+39 1.372103616400517e+40 0.1750159056071925 0.00011459403516542519 1.428094679284238e+39 1.6050872508004204 0.0012565272578378835 1.1540104487174176e+40 82.08410366151236 8.122035969257942 3.510561597339814 38.41540792355887 1.4819567844348476 174.39934964401903 0.0029380993095731276 0.001549782638540519 0.008910501905008363 0.0012529025536402979 1.1310740128325091e+40 8.041383783135611e+39 0.5419946091644204 9.513301391170083 8.743909082291438 46.43059476208205 78.01789745594021 3.9675592489546614e+55 3.203468543722421e+56 2.7000481980080733e+41 4.197119224661277e+40 2.2803362762513435e+41 8.037198947705869e+39 2.3106163658577444e+39 5.726582602234386e+39 1.398964101010576e+40 5.116693404217124e+38 1.3477971670235512e+40 1.8513649569998516e+54 2.8731893444637543e+55
88 0.2 7.374523084952992 8.597624751028988 0.2942480593919754 0.1494023640625 0.0387012646875 0.023443531312499998 9.613749811863324 0.0003970537273336339 0.0004432923670778633 0.0003200785426130255 0.27829089918275396 0.9683257154590488 10.591928275741957 1.9872752937181175 66486.0 137652.0 5.013791835567483 4.724609603822323 40.186414799896816 3.334181024831772 0.0018296492855865462 0.002486727830682605 0.012624657903242631 0.0024249572382818814 113.42146476351887 14.166400200812589 7.420143126565337 8.090121131568493 5.8765803082172985 -inf 8.43406609844358 1.54110563076598 4.0 93.02336330290744 2.162601947784424 4.058634463112178 2.7275762895052016 0.0020907648562639323 0.0021423678819465623 2.4393403224987407e+40 2.880161215657543e+40 0.5755043416723141 0.0006083298137807725 1.6348389163369146e+40 1.33808787675752 0.0012235292001944664 2.485061522864893e+40 84.89881257451597 5.868548758503246 8.605363860182578 65.24360830315305 0.830373164413075 245.5347330652678 0.002103059601324743 0.003936461815012669 0.018471303732328803 0.000740843549179217 2.3494737959385034e+40 3.467372948823515e+39 0.4657375145180023 9.587399326722176 8.804712619283539 50.22173468384503 78.92107294921763 6.619852381959673e+55 4.440271855010041e+56 4.551453144803493e+41 5.604436721188416e+40 3.991009472905725e+41 3.4686787876439204e+39 8.80070289368636e+38 2.5886084983794574e+39 3.0261038447862552e+40 2.6134022815637164e+39 2.7647636165063777e+40 3.7252152042469585e+54 2.978682419336189e+55
89 0.20156 7.433678502510065 8.381018141864311 0.0 0.162424484375 0.047826271875 0.026665902999999998 9.736062325580804 0.0004146153494031443 0.0006145752487153848 0.0003635905819669 0.32642940037548146 1.0447644697297296 10.59333025428019 2.0126029142155915 92366.0 74497.0 4.232255124546197 10.487682113028441 15.612110615294064 3.3892841880520965 0.001566962011552442 0.007498995711043475 0.00308060928057952 0.002043333631532044 117.03457613435381 14.39414913433042 6.49888315780702 8.080455678935236 -inf -inf 8.073816061109282 1.559086065699243 3.9613018456042868 90.14508230511598 2.162594795227051 8.796255686692223 2.7016282404317797 0.0064312832619616315 0.0017491955582767703 1.6856182198871053e+41 1.3929226177493764e+40 1.8821012907360528 0.00291012960396371 1.5247327517833329e+41 0.8849784365038865 0.0006258277151544878 8.533763148297516e+39 89.0787747768002 4.314769501934659 11.66480275263977 22.603348474480548 0.7341870752727422 193.82825386123108 0.0016303105895904934 0.006590911975389343 0.004879234536672343 0.000594249779526188 6.024927115665748e+40 4.064359145542434e+39 0.30404916847433117 9.708110271588124 8.76335949991094 49.33553438705302 79.03359146168698 1.309564363702309e+56 7.082926193752631e+56 1.630002127827151e+41 2.682381277355971e+40 1.3617640009162994e+41 4.065300380736602e+39 2.0106576174282192e+39 2.0546427684378438e+39 2.490191676839064e+40 3.762762910489549e+39 2.113915391851259e+40 1.239289289289065e+55 5.894632558266488e+55
90 0.20312 7.466260785126946 8.294435694406774 0.0 0.022484341406249997 0.04683744734375 0.0277651620625 9.769062151478753 0.0004071757132982227 0.0006695039185775044 0.0004231803047391896 0.3053195494235497 1.0409378188937652 10.59342334843398 2.0277792574309332 84956.0 61393.0 3.766110302128008 8.136686988506732 8.80715436249452 3.2450922462854104 0.001926009094042532 0.00768857436831139 0.001571519421959611 0.0017016030638677534 80.4581871787631 16.13988515049223 6.5725724971995 7.926398152640633 -inf -inf 8.044793415406591 1.577132540225336 3.923198109491926 88.25234335075572 2.270519256591797 7.478162598126165 2.525769824383852 0.007156270620277047 0.0014053514444797956 1.5108735425476374e+41 1.484129801760682e+40 1.8600588842286754 0.003163020805636693 1.3712983905355071e+41 0.6061714730017035 0.00030129626565034444 9.116914247966728e+39 91.55747587935916 6.198138076723997 6.8570103133880025 16.985088617372842 1.1225663163664155 175.74369779694834 0.0027123577789843357 0.005369653539538669 0.003859241102467871 0.0005488412553291657 3.370968575550913e+40 6.812955203559953e+39 0.6828740921439264 9.751054209907423 8.639128151315957 52.46453667627777 79.38376815384788 2.291143730513426e+56 8.509114009833087e+56 1.1314804305280958e+41 2.7951666103978775e+40 8.519637698937948e+40 6.805730987188019e+39 2.5828270207692678e+39 4.222903960687813e+39 1.0713280550152637e+40 3.930374172605636e+39 6.782906442042413e+39 1.6277776762993158e+55 5.252192944684554e+55
91 0.20469 7.516451970770877 8.31277465493113 0.012862572446465492 0.04086719765625 0.050492388750000006 0.0312824715 9.789291233452245 0.00040056367939099804 0.0006827914630413721 0.0004894863955538177 0.2777136611734618 1.1966975702032803 10.596368368687552 2.0448322379038153 83204.0 60301.0 7.566213457976717 3.2855891189992454 7.201376237390439 3.3249294992444804 0.004220970161974902 0.002882210265413513 0.0010991948701373736 0.0014843553832140346 62.58315937996995 18.332822715078727 6.471634075871975 8.002561880109607 4.330347495258541 -inf 8.007613509911943 1.5953610147600086 3.885436513752503 86.49685098817906 2.7983648777008057 3.0013818289516796 2.545281209140757 0.0026500695872655796 0.0011832997750965656 5.977327113946572e+40 2.1318384340288734e+40 0.7785649166437176 0.0011295467098630196 5.376935512821054e+40 0.8353148217326697 0.00032059810414476145 1.6206987632737583e+40 92.99420626940484 10.727984562171194 2.4568214231397367 11.787586197489121 3.313747473879712 106.67871749099666 0.004378078427942216 0.002025749959774301 0.002278724126397505 0.0012959416402095155 2.108183581851654e+40 2.912082105471161e+40 0.7148401117665322 9.773702595627288 8.62585213247722 56.935919510920485 83.0982536810264 3.487802846502698e+56 9.887369810086684e+56 6.974170520980902e+40 1.5721267323031017e+40 5.402043793383214e+40 2.9126542507009006e+40 1.3089062136573823e+40 1.6037480350355614e+40 6.43089536366886e+39 2.6962759258063716e+39 3.7346194579038666e+39 2.8833066313696895e+55 6.088722792474789e+55
92 0.20625 7.552161158169781 8.455221091642047 0.022053044755011797 0.0247598826171875 0.05970543125 0.034136608 9.794329109577543 0.00039975993431519657 0.0006575820189201706 0.0005294015426718139 0.2532042131894999 1.237455717736968 10.598305598580211 2.0504039948875925 83222.0 62133.0 8.540187725670915 2.334355555053323 7.395697610955293 3.890178461323071 0.0045862695183070635 0.00157554216759236 0.0009408051544705754 0.0019400624481211027 49.53588703778453 26.988316087282925 6.327857069572961 8.203388927813764 4.453830896396852 -inf 8.081116544668577 1.6135389255292802 3.8484848484848486 85.80930167123452 2.9777419567108154 2.019827370806336 3.0903897421306525 0.0014038138852937665 0.0016338051895929543 2.777243648059408e+40 5.993767643632775e+40 0.3460223342875257 0.0004912721839128818 2.2628705612787094e+40 1.5321437452308109 0.0009567735111234832 5.528822691503837e+40 93.73355000813395 12.028816530734673 3.85204250607033 9.873206855454894 6.079686280695937 71.21965190157881 0.004856414013385568 0.0017624116450871317 0.0014827413930651066 0.0035444081241336627 1.9710982145523362e+40 1.3145558062450891e+41 0.8910199665584735 9.773522754054135 8.76085437605598 58.16911151702046 88.46216276719484 3.698245628471395e+56 1.0336286297550807e+57 5.51067798081811e+40 9.369073339683595e+39 4.57377064530147e+40 1.3148694938253205e+41 6.039861503874841e+40 7.108833424882554e+40 1.209117849938129e+40 1.765437451616127e+39 1.0325741053304056e+40 1.8039760069592916e+55 5.697983155910938e+55
93 0.20781 7.545180725805775 8.559525197280724 0.08292984217405319 0.028552128515625004 0.070226396875 0.03358647575 9.79367570910593 0.0004180735315079236 0.0006635464676099896 0.0005508126256067956 0.26444576631684036 1.1537581757449755 10.600855041009796 2.051070027531775 102338.0 65234.0 14.319612269543631 2.3780263055537234 6.600832010444769 6.597608449072507 0.006907494841650132 0.0011383308847498024 0.0007893782137740321 0.0043724850929260425 38.47274486910159 43.93014916833187 6.635052006336431 8.32765075987177 5.1750400810216615 -inf 8.166030147887783 1.6317818175026038 3.8120879649679997 85.67218235389868 3.0083208084106445 2.016058028535488 5.801228825982517 0.000913665751179302 0.003987902693639251 9.382515384420327e+39 1.6753918635283464e+41 0.12324142345828372 0.00013368162404578954 3.872234402270107e+39 5.031618765992242 0.0036087719150575677 1.6508642228999114e+41 93.6660960666777 11.980856660864415 5.871263437537477 8.076237201735948 10.302816020210296 51.75041935971512 0.005785362582022004 0.0024382404801297198 0.0011821610038543603 0.0069082837511635796 1.8267656175753798e+40 2.258539398309343e+41 0.9706865518128054 9.767281057718225 8.862937879308314 61.84152370527618 92.03208007479653 3.022122982485169e+56 8.927018025597409e+56 3.566779932301614e+40 5.902301932357529e+39 2.976549737940676e+40 2.2582461549740083e+41 1.0244431836708931e+41 1.2338029707493475e+41 1.3116806373050167e+40 1.092788287718681e+39 1.2024018101371742e+40 1.0110416316445576e+55 7.483184636790039e+55
94 0.20937 7.69673019730663 8.69921588437019 0.09941798681393266 0.044362473828125 0.0666305159375 0.0479927015 9.780896524337171 0.0004064113408077841 0.0006154415451753863 0.0005568645649412951 0.29483735256108007 1.2796266857657659 10.606197567874842 2.0473026087899866 94340.0 67467.0 9.848227238339513 2.3720190049824947 6.185572647079298 9.002390153850131 0.00637149367155722 0.0018484924348051131 0.0006686748858711644 0.00730975677145756 31.05791559117164 47.72874611456885 6.651637509226725 8.367245232657936 5.152169639979282 -inf 8.422872600527759 1.650089343007773 3.7762334622916365 86.25232237081414 3.7021725177764893 2.0963192915026827 8.252871771712101 0.0016599210684506741 0.006843200186954414 3.074029851338509e+40 2.121760331615902e+41 0.34788467000122053 0.0005777363041171825 2.318826419683028e+40 7.704025632007609 0.006496427055174987 2.1034024804987884e+41 93.26435204767817 5.5137090557779596 5.728406171188183 7.674185355976354 10.725592151756238 46.08067871921679 0.003958156053757716 0.0035369760945600293 0.0010722472522427101 0.007741083945799025 3.5992807304539074e+40 1.9160863947310245e+41 0.790079079798706 9.755474609406715 8.926127350860307 69.49481248990118 93.98442799673269 2.1754692852959092e+56 6.806583058446815e+56 2.8168902195114846e+40 6.630537676445366e+39 2.1538364524379552e+40 1.9161243719609764e+41 8.537812049325592e+40 1.0623431665125363e+41 2.6699220108801743e+40 2.6377238439668418e+39 2.406149628123462e+40 1.0439143566027493e+55 7.342882662827994e+55
95 0.21094 7.7070785362959615 8.62212934905502 0.5763025600463152 0.15439024375000002 0.08576725125 0.049186069 9.782156262318882 0.0004264700626803284 0.0007061070394329571 0.0005471940854885221 0.31218469845500696 1.382141943810477 10.60695981850662 2.047202731434856 121967.0 72773.0 12.514258174835517 4.296134813910712 5.922583953368507 9.65502376329684 0.008115502032421739 0.0033786256578844385 0.0006333237214281647 0.007996632619544121 31.8656999645165 43.083978382073695 7.699001572054594 8.061923026443667 6.150594947341118 -inf 8.478816401273791 1.6685791311258213 3.7406845548497207 86.01607415241025 4.478551864624023 3.3744708818642826 8.742981197305388 0.002805831753176384 0.007433056470097641 2.2724141039536363e+40 1.521781774203513e+41 0.21588850984118818 0.0003862532449675384 6.657219552770495e+39 7.677217828397096 0.006926920219964705 1.497284831306997e+41 92.66632503605584 12.999795935314518 2.314450596421691 7.438910374997124 7.3643009590293405 39.473028215475765 0.007842858218711469 0.001889703812346711 0.0009800710724415002 0.005965530458952807 1.4341002556964868e+40 1.0804547487232834e+41 0.5619001138766878 9.751275292279393 8.92145495696051 69.1267348660659 94.7770156452047 1.4063297200861794e+56 5.9212746772320385e+56 2.556424759625058e+40 5.382093366795258e+39 2.018215420618313e+40 1.0802360138687458e+41 4.896347546732354e+40 5.906012591721405e+40 2.152128183777859e+40 2.3840395923973562e+39 1.9137242237935167e+40 5.8058339621013196e+54 8.685246915785679e+55
96 0.2125 7.741518178594039 8.6189595723858 0.19910040590912104 0.639467375 0.1926751925 0.053336377000000004 9.780440265036438 0.0004875719757313237 0.0010121155719428562 0.0005620210256711338 0.2797545521253296 1.6372816921087752 10.607929828058579 2.0480288029271554 146168.0 71960.0 9.602729960197177 12.342881175141544 5.66182496576796 7.9257518763250445 0.006513622067144264 0.013197968665821295 0.0005712380022405574 0.006029812707159047 28.9350679254498 46.787020879818066 7.371675315537455 8.227204733135034 5.685214567381911 -inf 8.378502940263802 1.6870152977744934 3.7058823529411766 85.71396586633458 4.8380608558654785 9.940998735412954 7.003131090299821 0.01032988037456696 0.005501963189848154 9.789336460652517e+40 8.520160282948917e+40 1.9937672967152222 0.0031301831585374344 6.191862693046691e+40 5.612035856238331 0.004888878760890666 8.232564379793928e+40 92.30407679296101 6.536451577769043 21.600445375576715 6.844792104314118 7.544410453696687 38.95587625154798 0.00411758319662664 0.019858236986969025 0.0008437396943902117 0.005393060570516581 1.3139108061540254e+41 7.374608472866116e+40 0.21863481466026843 9.7353415489821 9.004666043136089 69.50044827804336 95.96792136013148 1.0893743337513912e+56 5.685509800282628e+56 2.413373775939802e+40 5.796862512617227e+39 1.833687526492168e+40 7.37359061522585e+40 2.8698156540792575e+40 4.503774961340427e+40 7.462295786346409e+40 3.45427453043404e+40 4.008021264150645e+40 1.667270698236926e+55 1.2659876764602553e+56
97 0.21406 7.777452118037384 8.414979200884703 0.3195833247154951 0.45038313750000003 0.261740115 0.058219481000000003 9.788683293495216 0.0005665122779696313 0.001423736130927297 0.000659434786937875 0.22497493423203072 1.495444373153153 10.608829159215436 2.0480731113435944 153072.0 73278.0 5.419998771138043 35.264269344625525 5.351749658478 7.922844325304523 0.004303754385556853 0.057458185454813925 0.0005070009311452135 0.005800218451192985 26.136107411264806 39.77276890875594 7.306398331023686 8.01848243974963 5.772968010626361 -inf 8.169539858319155 1.705515065072346 3.6715874054003548 85.48517553094328 5.089765548706055 33.1661555390503 6.929364329028244 0.05399066177730311 0.005249052461553154 7.816753874247937e+41 5.883540700687486e+40 15.11532155440586 0.03346594249413395 6.811764114091132e+41 4.715736674018345 0.004311832234091332 5.395276472294191e+40 91.94855984832796 2.084699356082818 26.72814036639085 6.463260826461609 5.631782316656324 31.62079504537144 0.0014544409225558455 0.03599004592655782 0.0007475147278405112 0.004698266614915012 3.0059282699153082e+41 4.3630897798034495e+40 0.1834703591518823 9.756878866484739 8.841419071273878 64.99814375874413 96.58893587043856 1.672133682759162e+56 7.324076811101919e+56 2.250022561976876e+40 4.242124496934057e+39 1.8258101138203509e+40 4.363428590240512e+40 1.5082506666718185e+40 2.8551779172932975e+40 1.0885964420913976e+41 5.20392583345431e+40 5.682038554323114e+40 6.747671802643215e+55 2.3137292816474417e+56
98 0.21563 7.71383280780778 6.796305912134991 0.0 0.024760819287109374 0.21828216374999998 0.049894626750000004 9.807238972946097 0.0005357553576824117 0.003936027834556653 0.00076497591300332 0.21853799588986828 1.4767174125992657 10.609240097230556 2.0484661505752277 93825.0 70755.0 1.512381042779908 18.667448981021323 5.309679174682429 6.6283431491487415 0.0016606195308761762 0.03179327055567505 0.0005199404036779938 0.0051122202463704846 25.813397268707604 34.944160853338 -inf 6.390292732107759 -inf -inf 6.407663421603229 1.7241972904972416 3.6375736214812413 85.17515376763164 5.409719467163086 17.665711710416396 5.7334088442239155 0.030049386761145512 0.0045704257271774575 3.1424595643782445e+41 3.7678704216819146e+40 4.728229959435057 0.01340525435077047 2.662489010922492e+41 3.717242517246825 0.003437883858600459 3.2797717008651744e+40 91.68964227167042 0.5807724686285781 10.561725155935108 7.332647755193817 4.704692459457526 33.13376021055509 0.0005304479312938121 0.016096857501755456 0.0009314710991818938 0.004125908074154512 9.816431064467108e+40 4.080603394061283e+40 0.6427785858729201 9.792733826843511 8.336448779696862 55.256906498832855 97.3126156044554 2.5053824008568447e+56 8.031983900274836e+56 2.483918711753992e+40 4.812057405543378e+39 2.0027129720685413e+40 4.0811992219074684e+40 1.4884257365992236e+40 2.592773491757752e+40 1.804551619324078e+40 1.2885673577340816e+40 5.159842467325813e+39 5.38015488671e+55 8.202643011397708e+55
99 0.21719 7.678279772481318 5.614855175073211 0.0 0.0 0.18112477 0.045989635937499995 9.810939746647962 0.0005320255310261944 0.013061200926056603 0.000784031643002217 0.23906629013869418 1.3598977881386514 10.609456064261783 2.050018219854191 51231.0 73130.0 1.3085631285718247 3.526957239403657 5.513567003823153 6.181826038562039 0.0013940104829049094 0.005567277317910777 0.0005502878041778487 0.005256169798214777 26.82061470978881 31.756996974430624 -inf -inf -inf -inf -inf 1.742823644373974 3.6042635480454903 84.73826232421841 5.639852046966553 3.3542052431672875 5.305156647065443 0.005319110948133993 0.004692631001707293 4.883481200990319e+40 4.994344366489872e+40 0.2667307533201855 0.001460491923229787 4.404416900699248e+40 3.029265934363511 0.0032379947983657465 4.442388968706976e+40 91.50228691453111 10.923378274291679 0.7518147587602525 12.077457681746226 11.677902877186565 56.33468023360217 0.011639718273683026 0.0016315430703363052 0.0016674711081174094 0.007998631107141527 2.504900769818468e+40 9.183833970216094e+40 0.5467266366816592 9.809244221066468 7.408650478636455 50.46883340550105 97.84320341033899 2.1311803544564498e+56 7.2210254012849385e+56 3.63753766924329e+40 7.533342013324214e+39 2.8842034669864903e+40 9.186168175333863e+40 3.2273660889433163e+40 5.958802082162891e+40 7.479911928605732e+39 6.813176161853973e+39 6.667358776533015e+38 1.6410065091202692e+55 1.8025450119978337e+55
100 0.21875 7.499580392496573 7.745143044071415 0.0 0.0 0.1694075565625 0.03060086175 9.807576350372875 0.0006060325482326298 0.0010742472588170433 0.0007769050571244087 0.27436452277263684 1.7616861605194938 10.612086180195982 2.0507178730572573 47057.0 83193.0 1.992795106938794 2.2420467299168814 7.454987634094742 6.770136157862287 0.0015641702351009074 0.0029119859878202316 0.0007708994098059549 0.006917383952200809 30.09171511943783 28.3825093751676 5.174373625159356 7.3150768212795105 -inf -inf 7.537268706206465 1.7615125834786414 3.571428571428571 84.62343832468758 4.53222131729126 2.033082959548779 5.896366812288647 0.002666836889390394 0.006300913522836054 1.086516577158532e+40 9.334457170361096e+40 0.1649714665200029 0.00045199760124677084 7.770133172748404e+39 3.5365797840687 0.0046407646024170775 8.864196249376549e+40 91.26135842838136 3.1840916882765726 10.145268042450637 13.491626165172283 11.844544620831805 54.907776706500734 0.0032077870933598027 0.01127939024063661 0.0033790594755865075 0.009103233140124423 1.4271427287996474e+40 1.3428040390406876e+41 0.7787487659512231 9.796249169796864 8.344205636170063 44.34209847809025 93.00049132004135 1.5660013420981352e+56 5.9885466578767306e+56 3.854032584516514e+40 9.25323531198063e+39 2.928709053708915e+40 1.3426807183259094e+41 4.781541659587509e+40 8.645265532270985e+40 3.4525349695116514e+39 8.054575603496697e+38 2.6470774031003663e+39 5.49116923538251e+54 1.840795979761622e+55
101 0.22031 7.616276640785411 7.529282439332706 0.0 0.0047450828125 0.0238992278125 0.039703373875 9.810931494708573 0.0005165144244320323 0.0010856735053989942 0.0007701495750473405 0.29183951230110244 1.3820879142030496 10.612715950460212 2.0516251910688403 51745.0 85963.0 3.1751389305848616 1.261816092071528 6.880003593288118 8.088509880176144 0.0031494632380739966 0.0014961820587386023 0.0006587007295054227 0.009210422616658073 26.618172136679437 27.14287723769991 5.343061961632858 7.242752660688933 -inf -inf 7.131693356416318 1.7802637737002094 3.5390585992465162 84.2963594349487 5.3805317878723145 1.1561214730615408 7.16243953818213 0.0013713036918168873 0.008484099066756387 1.0840871854112723e+40 1.0487985572076792e+41 0.24290375353647578 0.00044448966695778236 7.656198636033117e+39 4.9977402286254495 0.006890525458534294 1.00405076870902e+41 91.12596771859194 4.342251773111313 0.5984289949131336 8.588695459657552 6.587604116024285 32.747945189349046 0.0043351667452836695 0.0009767107500852977 0.0015287063241577663 0.009700495112905971 7.190488519251377e+39 8.806761844400869e+40 0.253889234598631 9.807366528077283 7.938138684833033 47.34209653336402 96.2143258240483 1.159036759768597e+56 5.135666748667909e+56 2.7631287392671555e+40 5.4039490067550914e+39 2.2227338372187465e+40 8.805784646463497e+40 3.0413532855472293e+40 5.764431356696233e+40 5.4097011193037344e+39 2.065163086438568e+39 3.3445380413943254e+39 4.831495445069502e+54 1.903558717312002e+55
102 0.22187 7.5793911628758925 7.624957483742656 0.0 0.0 0.00304760908203125 0.036377505000000004 9.8122805416798 0.0005167432587821937 0.0011788533761542287 0.0007627996835077871 0.2692254775494894 1.3760733202920867 10.613221220324327 2.0528922601673916 68704.0 89285.0 5.024791071790219 1.9699968182446463 7.5793115555041695 7.430281248081266 0.005236889726142956 0.0024594274200706616 0.0007586627980454497 0.009736317793331365 26.89149202966169 25.40579618315373 4.331597146852139 7.379170235258169 -inf -inf 7.1747827946015335 1.7990768826680863 3.5071438229593905 83.92584696980029 5.095330238342285 1.7799713254668474 6.561248149875143 0.0022538824627630974 0.008958884863900634 2.0811183116174923e+40 6.894409934255699e+40 0.38964136531727545 0.0006979625339100334 1.6386309865763487e+40 4.853810110817492 0.007606680705091165 6.554364505961116e+40 90.97334656326888 6.241229014298612 2.7607527535466323 9.82648580027045 6.923580135382422 33.690287413928054 0.005654484955606943 0.0034202625613974497 0.002081444225244918 0.01033778821642776 3.4120239063415465e+40 6.83521120980784e+40 0.23363491218733368 9.804366089672039 8.202423088349455 46.71633201101641 94.16216141718229 1.0258521821182037e+56 4.694034922478e+56 3.1668219845973157e+40 6.713057724848841e+39 2.495516212332448e+40 6.8357204269631395e+40 1.8535854073171301e+40 4.982135018484671e+40 1.506339264312072e+40 5.496958067852344e+39 9.56643462586681e+39 1.1725601883327689e+55 3.677742344394209e+55
103 0.22344 7.551852921070367 7.577527403631725 0.0 0.0021986324951171875 0.008796616171875 0.033994661 9.813235571783867 0.0005091271531377477 0.001732438159368892 0.0008165625985729927 0.23341258938104573 1.475650897325017 10.613743970337476 2.0543085312085743 90803.0 90636.0 8.743430204758825 5.857070176914257 7.532659545413427 7.757892860701874 0.015692431677743934 0.012710249845834989 0.0007715333333982825 0.01018112112787638 26.83793799687883 25.56709669937008 4.4554006166796345 7.344990500065608 -inf -inf 7.031377062615376 1.818072769307813 3.47547440028643 83.5444881562457 4.781973838806152 5.467332942284616 6.8599136569866905 0.012078252576668747 0.009330364405073918 3.375997945927632e+41 5.889982650430776e+40 2.951227129337888 0.008745085543732944 3.204118103539857e+41 5.143468091467713 0.007977099935788247 5.543492842187859e+40 90.8719732869527 6.664390021219605 4.61120455526081 11.945970689268071 5.474869529771391 40.79544174503721 0.005754979005570441 0.009218436501749049 0.0021439357922729023 0.008450890245550065 1.821030626619328e+41 4.940331093120087e+40 0.12556342562781714 9.800318394764805 8.358746950528221 46.97019370942478 92.64823548777501 1.6693363363915403e+56 7.563668898915158e+56 3.626264003261171e+40 7.397377801893948e+39 2.8865262246964235e+40 4.941222104340424e+40 1.456906492833281e+40 3.4843156166505047e+40 5.282044058599988e+40 1.7589077071653127e+40 3.523136355730334e+40 4.974551503644334e+55 1.667115124327191e+56
104 0.225 7.573755576963569 7.6958106043918075 0.0 0.0022272146484375 0.0220243904296875 0.035608998999999995 9.820703797238915 0.0005303862966855433 0.0015795487557179585 0.0008885130231050864 0.19444673058662168 1.5176988565488565 10.617954170541973 2.0561661812041856 77897.0 85230.0 4.047012064265947 4.338191826680311 7.240319258654099 6.4209591135797215 0.0049997907671745275 0.009097484712471151 0.0007772542970649375 0.008215095000273292 30.263136256272894 26.053899374047276 4.934354227959229 7.429388127249372 -inf -inf 7.262673371438915 1.83700911702615 3.4444444444444446 83.48016139135214 4.389139652252197 4.142108413726416 5.606459643197083 0.008469795033320179 0.007434387714773656 1.4253656887523615e+41 4.0840249627518856e+40 1.5319481590887951 0.005306126571428722 1.2296196695982895e+41 3.9752295676753855 0.005949113553775772 3.752882389469884e+40 90.90969606346684 5.683833800067461 3.844382987475447 12.506104151359203 4.592157077471816 45.864916249929095 0.0050707009769207535 0.005406602562188017 0.0024877473326423167 0.0066427967782324215 5.455220461062294e+40 4.266921694540415e+40 0.3284950343773873 9.806077594305313 8.429422706394273 47.96979894230415 90.83862021149793 2.7732208098874963e+56 9.154516414851402e+56 3.8781840529516445e+40 8.742487486438365e+39 3.003935303527598e+40 4.266404194240028e+40 1.236006756555022e+40 3.030397435845421e+40 1.5587020961252295e+40 1.2171050380826617e+40 3.415970607982761e+39 3.1703884323193626e+55 6.250633387702717e+55
105 0.22656 7.589938330735262 7.815029826550962 0.005609498824924231 0.00062915908203125 0.043846658125 0.03672109 9.829648177038903 0.0005290589076309063 0.0012434193105474532 0.0008860926802383085 0.22351671380880297 1.5715699410425807 10.623386256271726 2.0582648419050398 70586.0 83171.0 3.920935998666287 2.341670578931658 7.704186639128882 5.298429123070841 0.003745837135258945 0.0030358064726619264 0.0007726402035255944 0.006901045270456071 34.31263203798709 25.541308919649442 5.765992420541121 7.473112439473066 3.853698686975584 -inf 7.521484132135514 1.8560063942904779 3.4138418079096047 83.51214402778996 3.9796059131622314 2.2004827987799622 4.579308776829029 0.0027368957008913784 0.0062059609737523105 2.9822376176891864e+40 5.222457647301885e+40 0.4305002090785754 0.0008985183453559381 2.2619850243588114e+40 3.1365017982950985 0.004842791944033581 4.943114432705688e+40 91.05258834716224 4.207566686328036 1.3286117235392878 9.172894142370373 4.401022511854102 45.633599663159245 0.00430462563383048 0.001586585969451922 0.0015082421841061742 0.007124281805849933 1.108285947534438e+40 6.843650085754364e+40 0.7872747132714364 9.813979178909898 8.483873404660475 48.50751536417552 89.59299150623286 2.509094753309239e+56 8.344062798569207e+56 3.130210901297525e+40 7.165168934783431e+39 2.413694006995912e+40 6.84288358167705e+40 2.2206059767467633e+40 4.622277596955776e+40 2.884699496723034e+39 1.689089415330969e+39 1.195610083636e+39 1.0875537402353925e+55 2.8940943617904277e+55
106 0.22813 7.6578807517578165 8.17939857193215 0.015603074803948402 0.018835042578125 0.050580434785156246 0.042436655703125 9.830084767301667 0.0005395733902061418 0.0011655193716777054 0.0008663991826059584 0.24990393054735735 1.496694302057442 10.630324995461836 2.0596367655194086 66327.0 84563.0 4.671791287827134 0.945740180019667 8.208912342930475 5.4454616876733395 0.004352434817943226 0.0010675554624858437 0.0007799217142178657 0.008190492184969589 30.209235831714032 25.98939816773888 5.570002846267211 7.7844964506761105 4.454664878610557 -inf 7.949146323486459 1.8751866359613867 3.3834655678779644 83.75938099565498 3.6111021041870117 0.8215685658017349 4.778383176917524 0.0009322917313991825 0.007488972385571977 6.631584491882973e+39 8.366875246195742e+40 0.09736276930955615 0.0002510040033064897 4.786742719070697e+39 3.2898494405665004 0.0058639130466768725 8.063816712693798e+40 91.12992457415764 2.323674852407422 2.997679565413891 11.451906646290585 7.8347924332620975 45.639924321933876 0.0020763421956494802 0.0026823139246545257 0.0021496415040622345 0.013471974750609845 6.554982063493381e+39 1.6737976819767247e+41 0.952842768820463 9.816395080515505 8.557478583290312 51.21168011276102 87.39019858684478 2.049495692219128e+56 7.459687861032079e+56 4.365151548562577e+40 1.0847534979547228e+40 3.280398047917694e+40 1.6736852776873287e+41 3.9277955015788876e+40 1.2809057271721536e+41 1.928976102835023e+39 7.647628018213035e+38 1.1642133035267187e+39 5.766080394871506e+54 2.3476666931937344e+55
107 0.22969 7.76579506277716 8.24812751901249 0.09415826946496964 0.011355452832031251 0.064057455625 0.053908196000000005 9.832880444418176 0.0005226639970595617 0.00114112432879635 0.0008325948506574147 0.26342780194125437 1.7496651844394397 10.632662019543552 2.0609075937901467 55270.0 89703.0 5.993055053760571 0.3606587658593173 7.992282425872479 8.324301185903055 0.005654242341115147 0.0005263352111373932 0.000740156443922204 0.013860335011263438 31.80033908508352 28.782385647142803 6.2583405528894716 7.806453411978973 5.195717606490867 -inf 8.050362747672557 1.894305181719953 3.3536941094518697 83.57698755467442 3.2401175498962402 0.2652197724569326 7.54108730319288 0.0003761570848608373 0.012961095220516297 2.4084510624526073e+39 1.6395691609401183e+41 0.05109566834764751 0.00013486203584920872 1.9126827093517498e+39 6.088426061425067 0.011262990210148163 1.6098493646404308e+41 91.03973507590288 9.977458229258033 1.2447933498624824 10.993668979856542 7.137046154051908 48.19713886376333 0.00856840686557823 0.0017231766288654101 0.002324751241244726 0.01226298366283524 4.631220828004359e+39 1.2977660352566315e+41 0.832063305978898 9.821855320627197 8.541159035834252 55.171288184449544 86.62154894955854 1.5405951799257993e+56 6.025658924872166e+56 3.098810518974338e+40 7.46629511975008e+39 2.352181004559026e+40 1.2979711813301532e+41 4.045173787662488e+40 8.934538026040925e+40 4.9818650297307425e+39 9.342064318364449e+38 4.0476586244923923e+39 4.023918460040085e+54 1.995494928414939e+55
108 0.23125 7.963043469956493 8.483310949282439 0.07417081296443939 0.0385941984375 0.025820395625 0.085579148 9.829458023305829 0.0006398627985169102 0.0011281789059650897 0.0007995188670686178 0.2390758013424513 1.6330200379867046 10.636203479989641 2.0624909175135633 70094.0 97007.0 6.33341640726097 1.2965755670319439 8.93771896170392 8.325809117701162 0.0051837412439804526 0.0017014528426613155 0.0008613726983375881 0.01313176603691333 30.25556212211123 32.95091447976491 6.702365645934264 8.051120757952468 5.107073833679123 4.150999211953001 8.276560416887607 1.9134836820201924 3.3243243243243237 83.48259780211197 3.037731885910034 1.1773845000626655 7.5103646445788135 0.0015508707145794453 0.012151181696226554 1.1390828302475057e+40 1.1176485218387798e+41 0.1846233810558332 0.00034304591558015867 7.48319809455618e+39 5.990423698579261 0.010214261578041305 1.0835449998001865e+41 90.96864129318955 7.38121956353027 0.6494996699780243 9.943453578502215 9.832375559730425 39.41086010656478 0.006745993881097081 0.0009852692009918074 0.0020375686532263532 0.01619747599278364 4.633329659742282e+39 1.2080198168450034e+41 0.8366890380313199 9.815410938841332 8.715348096640538 62.84908477076449 85.08884619643797 1.181400066823362e+56 5.1766533526611526e+56 3.5603284953733493e+40 8.563013935370837e+39 2.7040271019213924e+40 1.2077051516272359e+41 2.725312607758662e+40 9.351738919684559e+40 3.365441413585438e+39 8.64005233472269e+38 2.5014361797213948e+39 6.562601365208631e+54 3.992258167544195e+55
109 0.23281 8.065969695106293 8.584479438256956 0.166566401720047 0.07203207812500001 0.026164890000000003 0.109341752 9.824271578220356 0.000665447198907207 0.0011394258546207894 0.0007654673016937629 0.2241055944755857 1.2619814509103975 10.639195511337384 2.0630370315860684 76529.0 108351.0 8.175574647245865 0.8907361053595526 9.343270716725426 10.996222808970117 0.0073491791062223425 0.0012165995321403817 0.0009348360725218185 0.016809810244899984 35.46532480230888 34.799338885015814 6.939518666071077 8.214884436796181 5.653894363442061 -inf 8.337827801921284 1.9327218155163064 3.2953481379665828 83.43705539448742 2.8366329669952393 0.5681553802306447 10.006393061147289 0.000747358137341301 0.015559986865264292 6.469133805007728e+39 1.079992540219611e+41 0.14631248329187024 0.00022790033511167215 4.819052095061894e+39 8.326078840734382 0.013335078271777519 1.0423023959737236e+41 90.72514008485913 7.978938641446058 0.3469340244420685 11.207142136285617 7.804922008092109 44.88645690672943 0.007703985225204145 0.0008712115573743085 0.002109065844716138 0.01311673875790968 4.136794785022681e+39 6.584988743057265e+40 0.4765380604796663 9.806532225499915 8.813699155060148 67.63090675500446 84.57100106566004 9.229136383633115e+55 4.442256812166223e+56 3.8197772411821885e+40 8.318278034308913e+39 2.987949436147183e+40 6.587229910377387e+40 1.5735044411645505e+40 5.013725471358548e+40 5.0704537678696013e+39 8.645132918950208e+38 4.2059404823452475e+39 5.6152634182570945e+54 4.635540254967258e+55
110 0.23438 8.097360889245735 8.67765269356405 0.2278042919933796 0.1848363125 0.06298393375 0.118319307 9.82237928296768 0.0006959401521077027 0.0012000177586074673 0.0007320530761481736 0.21389105236090541 1.4689916262328997 10.641836958538969 2.063764117083946 92319.0 109975.0 9.166969500431867 1.1288562441134218 9.822059796493601 8.163235193488148 0.008923063385509186 0.0014791593336998608 0.0010604780549974394 0.012591938985067554 40.897200457383626 36.89669684513809 7.245442706221569 8.294951121823418 5.720534555537579 -inf 8.43771962853948 1.9521431544986838 3.26657564638621 83.3406129310188 2.602113723754883 0.7862528242459378 7.248639224818066 0.001051384455311756 0.01141980418820679 8.200693553003721e+39 5.321642785144722e+40 0.1680479643976713 0.0003051302775476135 6.060682373683466e+39 5.381597081287851 0.008755666405815349 4.911636407113812e+40 90.59707046320115 10.250346978579845 1.675089278672145 14.189530599302895 6.516768255971199 60.0084241296238 0.010211216517668499 0.0022748744782822503 0.0030191225055639743 0.010463463051521684 1.2586721758106947e+40 3.6176344410356857e+40 0.5888434202024553 9.800662317347674 8.903131914730315 69.72093565539996 84.40542391159232 8.062001535052272e+55 4.201227320653413e+56 5.081907860174042e+40 1.186474978403468e+40 3.89543288063216e+40 3.616057531493679e+40 9.492017766490973e+39 2.6668557561470386e+40 1.7875739791061272e+40 4.154502736824609e+39 1.3721237066362677e+40 8.018506642024142e+54 5.733014524586937e+55
111 0.23594 8.025914597915296 8.726497997508043 0.008826257660984993 0.108614384375 0.09660149500000001 0.100377616 9.82850774877294 0.0006659033142239734 0.0012873144986511908 0.0007028208445014787 0.20670469956517565 1.6893363225718026 10.642871597618763 2.06499098367528 109874.0 114459.0 8.340619775868989 3.652299898795869 10.842358514419917 6.615575984623382 0.007862937016574744 0.005472120481355579 0.001313173026389254 0.009666803998196076 52.133626537657044 41.38132756568265 7.0181392869045505 8.34890958737635 4.455475552967608 -inf 8.483437457355075 1.9714999731284393 3.238365686191404 83.04625715363385 2.196396589279175 2.916336972190824 5.738267084926911 0.004412757149200137 0.00858309963835422 5.700914135021745e+40 2.929982299354008e+40 0.7958142866761214 0.0019231614907867561 4.9059529890258185e+40 3.3183591436455058 0.005352855638220008 2.3869801934389036e+40 90.59547182052675 13.631040498541507 31.65485323194463 16.345942559901395 12.32881384105005 67.27643570314633 0.009886379784185035 0.03727825422320677 0.005465769619775433 0.011325928356339976 1.0935378709870873e+41 4.738427542115254e+40 0.6696873686959879 9.799420495330134 8.98641268487229 70.10561723186956 85.05189781141192 7.970696206953817e+55 4.271876688937503e+56 4.228542788383063e+40 1.0333657502987939e+40 3.1951770394739313e+40 4.739434617369028e+40 1.9659841203263552e+40 2.7734504941692283e+40 6.638802785218725e+40 1.6024186959204623e+40 5.036384104736185e+40 1.3961798358214008e+55 6.639823320798083e+55
112 0.2375 7.937553491672864 8.386637853366453 0.0 0.00271410185546875 0.026903458749999998 0.0817183 9.851446991690667 0.0007201461797534057 0.0009271205048371716 0.0007289719873974212 0.2425534098997152 1.3989555626138959 10.648002574383241 2.063876279225937 137227.0 113584.0 9.532214291197548 5.575524641236024 10.965699855643749 4.50645830754382 0.008875463479946876 0.007511383416652046 0.0013694892326608038 0.006606155721816733 49.197252424928614 42.520410585405116 5.3450167369402335 8.128814538706713 -inf -inf 8.034091741355844 1.9909154672484652 3.2105263157894735 83.37039996307212 2.293107748031616 5.241032445174394 3.7892559128134695 0.00684160319536467 0.005680659619687453 2.665451285204622e+40 1.4518664620125137e+40 0.4993191937458007 0.0010125869558811104 1.5425675541718183e+40 1.2860738772628442 0.001981204537910019 9.173464124501393e+39 90.2035816818265 25.632947306870594 4.5919783218395915 22.00229061096202 4.044715982768985 122.4614099530359 0.029904816776403356 0.004343064109085595 0.006179511966689155 0.0062235336104972 1.74355403504049e+40 1.1974668465208356e+40 0.9081505677399284 9.828727524278092 8.782195251346682 56.30088406056885 84.07412954513121 7.581774808911028e+55 4.490041522916679e+56 8.04569986355561e+40 1.8044285643490255e+40 6.241271299585605e+40 1.1964623583745007e+40 4.055296721710224e+39 7.909326867086538e+39 1.9444159090257318e+40 1.3986322472972888e+39 1.8045526841100998e+40 9.901484715781588e+54 5.960061016034327e+55
113 0.23906 8.016027654729422 8.590036397959032 0.043839290738105774 0.109765494140625 0.09979718500000001 0.09877012699999999 9.863971104476358 0.0007649498979460711 0.001336442247441843 0.0006842978392111629 0.24230615215519016 2.0482344004543003 10.690129159332587 2.0686931781293554 165962.0 110015.0 12.76903610477004 3.42246800168961 10.936388687268128 3.8118823269015065 0.012160535391191576 0.005123099229762189 0.0013712843143586018 0.005521438900737312 42.16742187027736 45.30982694054898 6.875313334362628 8.232341966705489 5.467729245610866 -inf 8.328974892339659 2.0103893209796615 3.1830502802643688 86.74512504716814 2.1779088973999023 3.0310698151032316 3.1307168547370297 0.004568308224171656 0.004651238199738191 2.8317944803603846e+40 9.993063772766258e+39 0.4340991464912127 0.0010275886652690832 2.0882609072893988e+40 0.692133053958192 0.001020008299611883 5.036629784165416e+39 90.98670442237493 30.943370916716393 18.618699715758474 22.534899004315548 9.586536695084831 104.00772390801606 0.03123740880482058 0.020782611087133085 0.006375762502612707 0.007715301895917614 5.365827075040498e+40 2.1419529244570596e+40 0.7051427255101453 9.824437169202549 9.01080799772771 61.74805600606739 86.04103077987183 7.660368508815273e+55 4.959730275707488e+56 8.669074944312842e+40 2.0686206265614334e+40 6.600454317821672e+40 2.1414605748189662e+40 6.55031409990146e+39 1.4864291632103951e+40 3.6336894400155297e+40 8.669459218641816e+39 2.7667435137201357e+40 1.0900934074091772e+55 7.55246911830003e+55
114 0.24062 7.975787630224257 8.81970284508554 0.0793585367500782 0.2506198353515625 0.18445973890624998 0.0886767595 9.862895565505998 0.0007157221284207075 0.0013533065892256642 0.000654521647807048 0.2368536392877463 1.5915692619288515 10.691250297431491 2.0700062746617234 160471.0 99770.0 11.547047173647293 7.246258113474614 10.122442221528088 2.8875568170909 0.00992919541827687 0.011559066136088822 0.0012685980127025698 0.003939405808449683 40.43232685849422 40.82700025710982 7.1139720064455245 8.471965398174058 5.286468846556343 -inf 8.553030876935239 2.0299212197230028 3.1559305128418256 86.4443662202646 2.4239280223846436 6.49314372092526 2.271662771308632 0.01033770442012602 0.0031966161644970846 7.212274093066329e+40 5.795310025487591e+39 1.3769278205499798 0.0032094186702527716 5.868205484523069e+40 0.2877999021291145 0.0004151202777120539 2.1292985286232207e+39 91.14590861618849 12.566582025514347 5.3362236351547745 12.710208561400341 1.3336224075791088 48.270834609929494 0.011374804823721807 0.009412559126757165 0.0030081545463406145 0.0029942597416282445 4.421952712450837e+40 3.307607418695846e+39 0.6568457538994801 9.825258003694874 9.102314494166107 68.45734691068154 86.9867581711493 8.165942085861391e+55 5.388979288980492e+56 4.613581788520312e+40 9.488546049876999e+39 3.6647271815487746e+40 3.3114545378785214e+39 1.4115525046174228e+39 1.8999020380588694e+39 4.539151837217217e+40 1.78879333209842e+40 2.750358493958495e+40 1.7997102895528352e+55 8.415170184461588e+55
115 0.24219 7.967618543338748 8.82522861104285 0.1726986668072641 0.08784977265625 0.15701336 0.085566786 9.875621083472463 0.0007189720700053536 0.0013478753607409997 0.0006583364934394468 0.2516522304465461 1.5133248024324324 10.692354729693468 2.071278663763399 197363.0 97812.0 17.159041930736254 6.075364042747128 10.365311717255237 2.090304168282049 0.013626881602108799 0.010251333169551796 0.0014449139362354222 0.0029888202294812392 47.306751803902564 38.52711459027857 7.167715779593305 8.49914574639123 5.635633156120302 -inf 8.540747938008414 2.049636610230998 3.128989636236013 86.14706261664655 2.4163265228271484 5.182731006699413 1.5724515164825195 0.008844702025456952 0.0023354505866944337 8.428422612813595e+40 3.4836817532620863e+39 1.099819676159583 0.0028690490152339515 7.385365172105054e+40 0.16604582822407932 0.0002732279031139889 1.1681960009426748e+39 91.23673227355583 23.322773051462157 3.2750295933244455 12.586261669809211 0.8441085830130435 55.781314186466844 0.017975136726763253 0.0059905691231007035 0.0031532482813549584 0.0022865661096522463 3.1001114049226437e+40 2.1491018246222346e+39 0.7311336164652075 9.830481615745926 9.149230976907283 68.77004537495554 87.52903479092232 9.689873985653531e+55 6.059560357452005e+56 4.960969079001118e+40 1.1107651494733913e+40 3.850203929480659e+40 2.3602821456074183e+39 1.2154579679436218e+39 1.1448242073541707e+39 3.0438299946102114e+40 1.134452129802648e+40 1.9093778763534257e+40 1.8419585056496365e+55 1.0792923489382895e+56
116 0.24375 8.030466175107364 8.895020165428214 0.31535833794623613 0.249816703125 0.21801342499999998 0.099413732 9.881833255168193 0.0007289966688616566 0.0013568315274760509 0.0006563277006448656 0.25196158695128223 1.6002257007007006 10.693433803801547 2.0729083868135927 250200.0 105603.0 25.556292087418175 5.501240122832723 12.212966849040066 1.5976246149722912 0.01950487866630065 0.008353376047313349 0.002238671019068641 0.0021289412092732867 57.2333493485649 38.984241151100825 7.295575241533351 8.525881206793885 5.813564414513788 -inf 8.64513458074055 2.069284027232791 3.102564102564103 85.81652820107152 2.2319769859313965 4.624619989319864 1.1647795270950636 0.007123921397391032 0.0016124109663659028 8.29187338386529e+40 2.9233374050982375e+39 0.7390150157072731 0.0019245409005101911 7.068046358334207e+40 0.1336476763586779 0.00020242795302650434 1.346130343273398e+39 91.41307131354853 30.924320020441208 3.4755197860714486 17.499054416588326 0.6791332385534661 79.99834584925107 0.025519785422646702 0.005854621185883738 0.004899279777046114 0.0020720464572406595 3.8397159404825664e+40 2.4503690642849153e+39 0.5579850822519669 9.819416373613748 9.256495383451224 70.867476533497 88.15675234423865 1.0999499483402744e+56 6.764986039318612e+56 7.421725020683718e+40 1.5434249780613094e+40 5.878300040368649e+40 2.4491675804740066e+39 1.2204009570581366e+39 1.228766624108777e+39 1.7002660948493372e+40 4.960335786567459e+39 1.2042325195393834e+40 1.994267857964821e+55 1.580789084761152e+56
117 0.24531 8.178766082090794 9.067455639401969 1.1211682185530663 0.5264886421875 0.31310617875 0.141846114 9.878408177016523 0.0007932821392416698 0.001330458435898947 0.0006475877649517801 0.23720351854366814 1.5243279499999998 10.694563953434521 2.076232656855907 250896.0 123351.0 23.950172664017437 5.902574206254443 15.615136346837541 1.262561260105414 0.019617382786148947 0.009266117449870867 0.003329657951959202 0.0016658252022324267 77.31630747620648 39.14548432028997 7.885078944346305 8.657005358883632 6.3743002802637765 -inf 8.844859730616694 2.0889885508257855 3.0764746647099592 85.32741059924948 2.175852060317993 4.982971849089912 0.8904833798956043 0.007840460619856143 0.0012152530288718443 6.6302208572142e+40 2.728327959253054e+39 0.9631702307553651 0.00220350661762308 5.417396614797807e+40 0.12663403045169175 0.00018736843082130128 1.6232572410110587e+39 91.91239833528438 19.192536902875037 6.778596034190799 31.138696159515764 0.6232245326660644 152.39573258833485 0.01495179612202775 0.010722737075433296 0.008531812646453595 0.0018269713407135268 6.926678677123943e+40 4.683467917975049e+39 0.4656603382093578 9.804731098674921 9.370581990709132 77.73597325947384 88.84534145751961 1.1715534772002698e+56 6.997187524483083e+56 1.4227142499836036e+41 2.325998098846821e+40 1.1901144405029433e+41 4.6874420322397345e+39 2.678795802282549e+39 2.0086462421470585e+39 6.423269815740454e+40 2.8017593033591556e+40 3.6215105002230072e+40 1.9116703643584476e+55 1.6420419141674514e+56
118 0.24688 8.3871368152755 9.163701034621596 3.973882347345352 3.9618390000000003 1.08448812 0.23359724999999998 9.891363831842222 0.0010055753950901454 0.0016432371941739407 0.0006358679775257928 0.21866444539232638 1.1819374106968505 10.704095494797448 2.0840566040360207 231976.0 139176.0 15.154754268726423 12.633690202113849 19.924555087122016 1.194615700107562 0.011398135544872564 0.02617009481611677 0.004738036505536803 0.0014088151524665148 101.60457709363394 36.7041756871563 8.121762802344488 8.76545012793304 7.080309379492689 5.651453860974449 8.928806255035722 2.108876728900262 3.050550874918989 85.2230426520061 2.162614345550537 10.777505466616482 0.8495263388053089 0.022524379359437813 0.0010085806298774545 4.296464743777016e+41 8.379955552658369e+39 3.2045676028120567 0.011400127784853898 3.9490905429241755e+41 0.30462435814532995 0.0003064586942691054 7.634217985967454e+39 93.41098155582584 12.281797281057633 26.447159385487826 33.600070015370804 0.3723337130112411 159.66657885943152 0.00903134463242088 0.04602504759224468 0.009729352642015549 0.0014488932710277412 2.744145085647934e+41 8.135664357519379e+39 0.21034870641169853 9.82910890398315 9.397544542207296 83.15305519400412 89.62777604199387 1.6327114076818208e+56 8.135437755795942e+56 1.755672433763663e+41 2.4657539115707507e+40 1.509097043537276e+41 8.134591247340622e+39 4.748971411073758e+39 3.385619838545199e+39 3.0561410594299095e+41 1.0216677148817994e+41 2.0344733493479886e+41 5.081061741131661e+55 2.0913890645382303e+56
119 0.24844 8.452927347997122 8.860598988841593 2.9631905257701874 1.3813713375 1.32998356 0.27312843600000003 9.961718661240633 0.0010620256032460224 0.0019809186376694545 0.0008915890475396092 0.21439663803904893 1.7012616241626242 10.730086020582691 2.0919974480509924 314085.0 156239.0 8.965686933232279 70.29487788572197 28.88193120220212 1.1441350938420451 0.00569823238116096 0.1987617006219211 0.00951045516658203 0.0014075106652582485 134.25619287977142 34.670609146286175 7.913143441258136 8.402342365234738 6.869130822577077 5.683081670040877 8.662038490233458 2.128694898568656 3.0251167283851235 86.73893198343687 2.162597894668579 59.865054168711 0.8209166385050465 0.17065089874709793 0.0010315254079579681 1.636854747738204e+42 8.30643441176165e+39 38.08573112317049 0.1331895013405125 1.5273620086527856e+42 0.3981677419224424 0.0004598658901030266 7.721798989120247e+39 94.97816540203617 3.5993632509642297 83.14850811074868 40.0683590586038 0.3102108731551113 202.06177320491307 0.002443992007393663 0.17485642164127482 0.014525909360974655 0.001395845233768351 9.454432364399938e+41 5.548206872536016e+39 0.15204307482761556 9.887365706409833 9.335694544262084 77.63022402223415 90.34824535441987 3.9052207354064616e+56 1.5828005179659484e+57 2.6911712073149316e+41 3.342321779738087e+40 2.3569390258311437e+41 5.553544067962244e+39 2.8729208995584355e+39 2.680623160305055e+39 3.647694660868393e+41 1.049171101474296e+41 2.5985235666163625e+41 1.1473144322865414e+56 5.529645340246912e+56
120 0.25 8.411600825526055 6.359876090353502 0.0 0.001252146923828125 1.0911068400000001 0.247450432 10.028422113460056 0.0010333913392141885 0.008537956053749395 0.0010396743143716329 0.22876226614412581 1.7598721413721412 10.76435817629915 2.101664840115337 250862.0 166646.0 2.862357668914512 42.50449099725589 33.065300424605134 1.1523496947310756 0.004216860571530572 0.09332077651434648 0.01256641517563442 0.0014712825952479642 198.91925445875668 32.458259705829974 -inf 5.974004496112418 -inf -inf 5.68041495081235 2.1485692468725417 3.0 88.95230537242212 2.169832706451416 41.58140319763149 0.8523427318557517 0.09117213413200714 0.0011299567550126215 7.050641310248895e+41 1.21762079991703e+40 12.225641010601672 0.03989416939334563 5.9170175826233955e+41 0.5190400623503606 0.000698739204606476 1.1648848524108825e+40 96.97052999820012 3.259345572110592 15.498252552631268 56.05231889182321 1.0218054731808297 338.17766522964683 0.003074097532496239 0.028555793617850593 0.021795636654271464 0.004107445517995402 1.864343183968291e+41 8.093551740919588e+40 0.4386752798548737 10.006681840477686 8.718982433151119 70.84388272623002 90.88534189567731 6.381736431229704e+56 2.112700425696651e+57 4.083227938207646e+41 4.228184334250806e+40 3.660409504657296e+41 8.093564142457679e+40 3.6562364791999245e+40 4.43732767838015e+40 1.7585539614982949e+40 1.4830343611839536e+40 2.755196364891284e+39 1.2264213784320085e+56 2.516976878656806e+56
121 0.2516 8.39107282105542 6.532117670276837 0.0 0.0 0.945075103125 0.2342595435 10.072875741316999 0.0010365292480464382 0.006260881437740732 0.0010166416859357346 0.23262948756270665 1.7432051464387466 10.83094673671869 2.1177668797816156 141619.0 154953.0 4.402580990923092 12.09671435374739 26.491256210076454 2.621781266493769 0.004236352282157241 0.025532718245502812 0.006337538766935981 0.006152061230119242 140.06736270149509 30.335082237561533 -inf 6.103896394041071 -inf -inf 5.590425893469007 2.169011230596964 2.97456279809221 93.9756102292931 2.1738266944885254 11.672437456501106 2.2796840332809234 0.024572265925318738 0.005706139373211169 2.618964727102233e+41 1.4782185345281984e+41 2.8272507464889087 0.00966789640810319 2.355305928349199e+41 2.0110179974730134 0.005346041990632469 1.4733747632211317e+41 100.42320563750067 7.432453725632686 3.0382337676706768 38.88542216468504 2.815263623418213 223.86778749068102 0.006532277126154418 0.007630391905657772 0.01140606600256629 0.008045942422187154 8.229088153500492e+40 1.6917131291012508e+41 0.49690489589195275 10.0631637905512 8.423165556799193 68.93716285573129 92.15204952593109 6.970112167999999e+56 2.2331855946771154e+57 2.8346660329167555e+41 3.1949552451184324e+40 2.515170507978684e+41 1.6915873978756547e+41 8.089446512970454e+40 8.826427464262328e+40 2.6823993073616e+40 2.230728730805722e+40 4.516705483901762e+39 6.002804652809478e+55 9.454076691389963e+55
122 0.25321 8.386558639041617 8.077087191295137 0.021423544734716415 0.0360220822265625 0.793797205 0.230264668 10.095950739246028 0.0010287124181262402 0.0011886996887618614 0.000976469755370862 0.2462071579801739 1.6200570219474602 10.833937650208565 2.126850799319869 108024.0 178454.0 8.280755419710765 3.0449179401434403 25.932717804466023 4.552045381585678 0.006237599859673619 0.006708049116255909 0.005979282411440868 0.008653411966237971 141.84632846713623 27.91982856000737 6.473142006928425 7.514004884076078 4.451685715098878 -inf 7.919635191120226 2.1896399697179203 2.949291102247147 93.0215438792053 2.1748273372650146 2.8388330635272605 4.107782441242011 0.0063451449606138945 0.008101336768513543 4.1881408942364614e+40 1.953805150934022e+41 0.4580562292325871 0.001995393228000913 3.5738442300345875e+40 3.888338337457722 0.007779173909310511 1.9490851550927524e+41 102.4642348334093 13.824043636627074 0.9803597497408684 43.20786388852789 4.799776787031482 254.95408745791232 0.010895096661634435 0.0026560840541300815 0.013726751123691162 0.012943118035795282 2.2987908796394882e+40 2.407354232206987e+41 0.49771368272951105 10.087580319362774 8.553287711119784 67.8763338704769 93.5884105624528 6.053708849692454e+56 2.157797716677623e+57 2.747355239547925e+41 3.629804468350259e+40 2.3843747915083016e+41 2.4066083456585363e+41 9.718298317489155e+40 1.434778510051628e+41 1.5623699498120874e+40 1.0955819386391596e+40 4.6678800009103486e+39 2.2103718241313424e+55 5.437560950709548e+55
123 0.25481 8.389538946104762 8.495471890698958 0.004077669233083725 0.02936121201171875 0.0843220653125 0.23148483621875 10.116856458948305 0.0010435478744974043 0.001013667465482601 0.000926724112154582 0.24939739596707552 1.608572790251277 10.867461611873905 2.1366166932644903 112223.0 231610.0 11.372650271447817 1.368076534384927 35.23530682431491 7.1740356165131205 0.008666766359339217 0.002844342509905924 0.009356738139011393 0.013477135005225597 187.5723258792668 26.031822500074973 6.077827183729595 8.072742303111786 3.8512405773100906 -inf 8.273897766168256 2.210198876515534 2.9244927593108594 95.30041015769812 2.162626028060913 1.180539025554647 6.543436097671215 0.0024707891947352064 0.012692157246077451 1.8497436276342632e+40 2.5428739229764446e+41 0.31010648639921706 0.0009416781566960884 1.5655458416617814e+40 6.338026406559408 0.012197665399464422 2.5362552446170568e+41 104.55497193755157 17.09049021075515 1.1724042088266224 64.22774511480216 5.975012156014802 367.7985440767846 0.014322850545206055 0.002620646668547975 0.020791397991651014 0.013704612552629355 1.829616457972392e+40 2.019253015371442e+41 0.3254455156295647 10.106250435773616 8.79843580562567 68.1208578604624 95.43806591021787 5.120529813730946e+56 2.020530514670153e+57 4.4491616133703164e+41 4.806998930806597e+40 3.968461720800853e+41 2.0193766476356776e+41 8.906603774180523e+40 1.1287162727847447e+41 1.8144187072830496e+40 4.951853930806698e+39 1.3192333126179634e+40 1.2202632824189312e+55 6.825863188147767e+55
124 0.25641 8.39616700926654 8.701162691633348 0.028828053269535303 0.026588266406249998 0.045752413125 0.234005254 10.150088020485622 0.001050546077180807 0.0009170652304564778 0.0008672604281285343 0.2520228876950155 1.7979395523504274 10.935169099846501 2.150721461597595 133092.0 207088.0 12.918522418982977 2.0523656328058877 27.415680725158953 9.566419061218994 0.010026079603918863 0.0032381158680544093 0.0056713314341068286 0.014269507274535204 167.53704683367283 24.131633116345935 6.320785247580353 8.31700826809113 4.631202917484626 -inf 8.464543328658593 2.2308155702381245 2.9000039000038997 101.0501317720483 2.162595748901367 1.8029411058416114 8.658478228572516 0.0029093098692952644 0.013267898761893803 2.190929209012583e+40 2.304996909804382e+41 0.6711594388330536 0.0011736869899832633 1.8091740629984527e+40 8.44927111720728 0.012671113785356174 2.297147700653266e+41 107.6392957517193 17.57787907625637 1.491726880674824 41.11190233176981 6.990574783619768 241.22352506249942 0.015832878553617997 0.003164936830497032 0.010993149809898626 0.01623932806882392 1.0789484766386696e+40 1.5967371166115775e+41 0.5049097967572506 10.13560544270292 8.984933344720636 71.25312284507496 100.96981966234065 4.437325120225502e+56 1.9306143458695122e+57 2.8323969399755226e+41 3.6738438703456206e+40 2.4650125533050226e+41 1.5968464311315073e+41 7.611349430399407e+40 8.35711488996283e+40 5.13872292546978e+39 1.1944014939863894e+39 3.944321428255591e+39 1.0910122376811005e+55 8.373045262328586e+55
125 0.25801 8.37077222704854 8.904155995397803 0.12840332370251417 0.09519137734375 0.04737941875 0.215986732 10.162726905242746 0.001011236785457056 0.0009644883013595244 0.0008224861256819687 0.24114874740554865 1.8613501838317805 10.946515245491149 2.1604753717353296 144667.0 212845.0 17.386150003657743 1.6042787198665611 26.955901733441195 10.741015530229483 0.013149363053656566 0.002239668684267748 0.00632222352307848 0.017427547033272376 152.47778170073593 22.15193064719474 7.187082509261152 8.547020595642678 5.593186284502691 -inf 8.650437244132283 2.251489724686254 2.875818766714468 100.92115493188976 2.2212867736816406 1.3716771418141147 9.644311297696198 0.0019907059025510215 0.016089403758052873 1.0114070074479469e+40 1.8702967205278335e+41 0.28781549197436523 0.00039112025369694557 6.335734228491258e+39 9.302468917948275 0.015248890164767707 1.8564177586199717e+41 109.18138125106844 18.46211015832479 1.375984364237774 36.76222815188516 6.599517382609198 207.16565650928794 0.015589400019299567 0.0027696190949597155 0.011617432858137152 0.015559423623353129 9.064475482315658e+39 1.1268950746240249e+41 0.5642717497556208 10.147407590640944 9.115975822656393 74.79076664409993 104.57067290253804 3.901227989398122e+56 2.1107910879504867e+57 3.30177153824953e+41 4.585482788197886e+40 2.843223259649005e+41 1.1267424127609342e+41 5.100958565838267e+40 6.166465561899731e+40 1.1660935913479273e+40 1.1572919484210533e+39 1.0503644002058227e+40 7.993274600772278e+54 1.0155831734459826e+56
126 0.25962 8.380623922104192 9.053305948043255 0.1380848865956068 0.271152078515625 0.0989544453125 0.21952276999999998 10.17180401476295 0.0010025126831090462 0.0010011148450958047 0.0007915216585969176 0.2270504163974332 2.057609644005544 10.958755766212867 2.1672836652467034 161701.0 238559.0 22.525258262554892 2.239517589708681 30.40319271714931 10.374701965971157 0.01737902418257975 0.002812033166324629 0.008713273782987094 0.016306802208686424 172.31292540191825 21.73633877955332 7.269221548127687 8.70319576776976 5.467884832736615 -inf 8.792241501311684 2.272350764253051 2.8517833757029503 101.23892432668146 2.4562771320343018 1.809308273791097 9.161033384728666 0.002342302712352888 0.01484674937147342 2.0050129985340937e+40 1.3584016476192599e+41 0.577734274080371 0.0008886773951608606 1.494192172982093e+40 8.54385020427438 0.013299560584316007 1.332010960700943e+41 110.57250175229326 60.931467636263264 4.243888938648018 55.28452517141473 6.372962433018379 344.605707938282 0.04601091790084914 0.006354603380420982 0.021297179607519395 0.013306614359935244 2.7849018911312266e+40 7.786688431942713e+40 0.6300229848616945 10.155828393806468 9.221941306799563 77.16843228071345 106.77624010710329 3.6473606348659494e+56 2.4477074931994207e+57 6.3443524189762104e+41 8.683551498473207e+40 5.475997270118119e+41 7.786940358168548e+40 3.637952146430287e+40 4.148988212854091e+40 5.105478626987554e+40 7.988395125912069e+39 4.3066390923023097e+40 1.045940716653273e+55 1.5620389969671638e+56
127 0.26122 8.497510152314081 9.211015503010087 2.023206949234009 0.8374045125 0.250042545 0.29055302 10.186870564171029 0.001005830503137981 0.0009944226578412212 0.0007664035246113455 0.21241774562928098 1.8592469369800568 10.996444937306782 2.1776598019810858 300506.0 233452.0 47.857234781146744 3.492042315263628 27.201253949994378 7.979974057135811 0.036731504576712606 0.005104812239539168 0.0062940007240175205 0.012289733723166992 139.0536565082729 20.104442568893244 8.069343097909885 8.847236424570152 6.766809480211612 4.85629527964884 8.95794929405325 2.293139219772344 2.8281907970293236 104.15254810968204 2.738424301147461 2.956995054315577 6.8069154849145574 0.004409224454484159 0.010879627343159129 6.094665449960834e+40 8.536272429141963e+40 0.6568567459994232 0.0016480650406174872 4.839960900813212e+40 5.722537293791535 0.008149808638400598 8.05924610884075e+40 112.91154418439334 51.30450833035658 11.375397379215087 48.512260241695245 5.379844104236224 279.90021025291657 0.04413213080391059 0.013438728010499579 0.016611114288032185 0.011608059528491938 1.1750730744592534e+41 5.088550194972489e+40 0.46379284978667057 10.150389017368433 9.457054322375194 90.06116768515643 110.25884615529733 3.923799776252076e+56 2.2840720917514238e+57 4.699702268791927e+41 7.286631487171655e+40 3.9710391202173566e+41 5.087678291655285e+40 2.1516677595476217e+40 2.9360105289101188e+40 1.022573456958483e+41 1.6493710303307326e+40 8.576363547328804e+40 2.524640697337444e+55 4.558769407101101e+56
128 0.26282 8.576006074503672 9.370196883627608 1.6092263236641884 2.3048490499999996 0.70159514 0.34977656 10.190836491748394 0.001035735536767063 0.0011697587361445044 0.0007602401051465314 0.1973138436029302 1.9489144809009011 11.006950332936421 2.1855639463936507 308370.0 197883.0 32.40200957134049 20.465292629805205 19.395815946863202 7.308348408947004 0.02845306328256848 0.04180332044702221 0.003460035521296431 0.011319880607562022 100.75887513684053 18.441793488544207 8.01283853601954 9.028468906540239 6.689554798091655 5.134345905204489 9.097013333618966 2.3139841615843775 2.8048854729472645 104.14646469584716 3.1002657413482666 16.562838464463496 6.106285595035319 0.03583227027924102 0.009861803244267608 8.80744863359987e+41 6.668193373540811e+40 10.782609480189628 0.02808883175969627 8.243590921636706e+41 4.428499667156171 0.0058414541033570445 5.964126482388537e+40 114.7385984991931 32.040874335381325 35.36768463692833 23.526336430853824 6.582377105228649 129.37404299724636 0.027615256465447453 0.0512486205060078 0.008129040140359292 0.012934069187899322 6.246591373484203e+41 7.384301159537161e+40 0.20582665833475355 10.152452637429967 9.56323728218339 95.56540724780318 113.30581994569113 4.965797503052508e+56 2.6305052690928246e+57 2.2272344260269183e+41 3.5084164328119714e+40 1.8763927828294542e+41 7.385624411039277e+40 3.8940226186368644e+40 3.491601806862359e+40 5.118773339453498e+41 5.481503722378038e+40 4.570622967204186e+41 9.871867810893516e+55 5.886385648305892e+56
129 0.26442 8.581205042908403 9.314529460384886 0.7513056993484497 0.6346957375 0.5550721425 0.349296373 10.207637460911657 0.0010599545710329808 0.0012483398114055478 0.0008168260971372439 0.20812280616999765 2.059854298198198 11.008205145914024 2.184432570686983 359092.0 184701.0 24.745016207528383 37.29030570919782 16.957416375445174 6.8062510624645896 0.01961162994738097 0.06939828027572556 0.0031715475782323173 0.009590478634203838 87.49478529186892 19.630731213444076 7.920721207406345 8.948871497064735 6.201413742936374 4.162410659245331 9.063793948743125 2.334885267533206 2.7818621889418353 104.11652905804284 3.449204444885254 33.46684839141027 5.614034089247523 0.0637900244729177 0.008213096434764531 9.082388768192543e+41 8.717332748525295e+40 9.62979730789475 0.030396334950498392 7.210509768948263e+41 3.1736176856186815 0.0033480129312212785 7.751559599587479e+40 115.77764282305462 17.516315833909108 31.27375128430711 6.735393685996837 11.696526490111781 30.7578639593081 0.013298162973096765 0.04970694732937351 0.004245556602366642 0.018123452032076513 3.930266614030887e+41 1.2665840319296164e+41 0.3905654164409462 10.16563344839387 9.55024618980156 94.54994959289071 115.4098716307089 7.016379866524736e+56 3.2102950105045744e+57 8.041966635795896e+40 7.510947338168195e+39 7.290871903652135e+40 1.2669724389195893e+41 8.307576891068344e+40 4.362147513442217e+40 2.0400814395713117e+41 2.0113686574883228e+40 1.838944573470257e+41 1.109743075212113e+56 6.235687023270803e+56
130 0.26603 8.603719405957705 9.294702622591439 0.6457492038607597 1.203891946875 0.72316170875 0.36734826200000004 10.20602415979086 0.001064484330999422 0.0013821658834092022 0.0008682638713034537 0.21962233619368052 1.8053746204653367 11.008387230114158 2.1689639508701157 324244.0 171774.0 21.219413603029658 23.866685748070918 16.875379334851537 4.935881601843836 0.017289411993074436 0.0440260329165559 0.00366039204017148 0.007380404214414318 89.36593171483949 22.381951148409826 7.89370314776055 8.905134484378486 6.134509387497508 4.699288245920054 9.055592988004324 2.3559733722673393 2.758974551742285 105.68829135600049 4.098925590515137 21.294778650503762 3.9143823852185244 0.04000699715963667 0.006125323570013572 5.4809299093910055e+41 4.098767912287667e+40 3.8116614777729896 0.014573150501659892 4.426185415008325e+41 1.4558511555468034 0.001645631376468147 3.222582372130004e+40 116.99037002279104 17.953109725129718 22.459654577152346 41.4845889101978 0.4852333046983092 260.61806172012166 0.018420651243489034 0.03567834033904681 0.01663741790119766 0.0042947244466560695 2.5407903829517385e+41 1.7140412862650714e+40 0.5340426794883211 10.171202139082649 9.506409815657445 94.00691685830061 117.49248471825379 8.146262618636297e+56 3.4285866122861395e+57 3.194465442206304e+41 8.352159028592724e+40 2.35924954025324e+41 1.7188574218132826e+40 1.0409819785510562e+40 6.778754366177617e+39 2.7903991285620847e+41 6.169854228997913e+40 2.1734137020164802e+41 7.581100240847571e+55 4.486948711492794e+56
131 0.26763 8.597934403129937 9.145242542711307 1.2568806856870651 1.038795375 0.7809036199999999 0.36105432800000004 10.242511380838717 0.0010923123498668098 0.0015862007345610447 0.0009110132710774197 0.20714989951304788 2.6618819618179717 11.009786122376877 2.189948363246609 445783.0 167319.0 21.196553871075672 27.115595306063252 15.147645287609201 4.4834648661565195 0.018983755596925025 0.05637293528750272 0.003621589663737812 0.006536627348097039 90.39556433056599 20.10291076440508 7.887319081810723 8.728157017477429 6.4242847962991085 4.807874587526387 8.918932680893644 2.376986189802733 2.736501886933453 103.0224863410545 3.8010690212249756 22.28671871633311 3.513764689638579 0.047613538694568476 0.005387318656170345 6.951744658952202e+41 5.7519169771119475e+40 6.258831824008161 0.02096217463976088 6.075140971080531e+41 1.4603614548053145 0.0018736645732547142 5.023427092801981e+40 116.79925072374672 36.49783564893681 28.237747339469717 29.474086389144738 8.270160644766948 183.98857755179347 0.034013676501654266 0.047886503625515976 0.013199043630251995 0.013773174132638333 3.846744676397077e+41 2.423851396379129e+41 0.42145711288440457 10.19904752096113 9.485966842514019 84.41261447217563 118.45259718896652 1.0302196310937697e+57 3.780132183336014e+57 3.2143050708222783e+41 9.904276220530084e+40 2.223877447879768e+41 2.4232186963582577e+41 1.0797111745346067e+41 1.3435075225882165e+41 2.745453891227182e+41 8.941592475123272e+40 1.8512946415543402e+41 1.4362803970776441e+56 5.325707081450283e+56
132 0.26923 8.592944213659386 9.126275430120348 0.5462488383054733 0.430032825 0.64201081 0.35132224 10.254597548190544 0.0010566703939191336 0.001631233704843818 0.0009523785410172048 0.21712698400014166 2.2926195273940606 11.037551345758676 2.1944945761576626 474270.0 169151.0 23.92526793675814 30.329214163672702 13.65371951102104 7.0268958245391975 0.021714341077390793 0.061211204260157484 0.0033529831722493493 0.011567886986530343 99.76847728445615 22.10671549730445 7.623450601267764 8.730368320118014 6.067009968096251 3.851313181626015 8.886640493716326 2.3980542086110956 2.7142963265609326 105.49872319732006 3.980997085571289 26.44707899685428 5.967463275437779 0.05443152913527254 0.010286851896922201 8.086575892029716e+41 2.9279243570026787e+41 7.8422892736932805 0.023122454020238877 6.842187515327579e+41 4.290699454550464 0.007524445799915846 2.8695689498770784e+41 117.3701406659175 23.292546299985016 25.62247879096209 19.369373808093815 5.191207203493905 138.35693928065078 0.023435200733022504 0.04651473958209522 0.008700286211015013 0.014193769945236176 3.138522087396661e+41 3.273550367083598e+41 0.4873075376493326 10.206630194538064 9.50741638164827 86.33332738889669 118.86740332406146 1.0944205809635681e+57 3.774185962904963e+57 1.6585138115441657e+41 4.333370797651855e+40 1.2251767321735287e+41 3.2742450247678314e+41 1.4599357787855346e+41 1.8143092458700677e+41 1.6695139982130447e+41 6.266052352348561e+40 1.0429087617922256e+41 1.4732000187785564e+56 5.686222728024278e+56
133 0.27083 8.580261012326286 9.087833149703684 0.14369540102779865 0.6522654 0.5994401 0.34116522 10.264105891117731 0.0010823811640622856 0.0017919788573503002 0.0009765254556278567 0.2227009553442757 2.4743505312320013 11.051711425071083 2.1989584778529316 506447.0 173065.0 20.443590726960693 26.069790671764224 13.899149734398753 7.8447831232463265 0.0200494301807703 0.05069108233008606 0.004772016416997186 0.013417737576278762 96.94754124652447 22.38277421902723 7.355379645818145 8.74069029241453 5.4680350682991 -inf 8.804607394573798 2.419177110198931 2.6923531366539892 106.36742191549368 4.054494380950928 23.16051696902724 6.704456235847853 0.04543399830478494 0.0120588918043885 4.551060865936707e+41 2.7067861529340754e+41 4.41995970424965 0.013402132725278832 3.723120025733466e+41 5.258905641037449 0.009716340437835182 2.6552878685325322e+41 117.7823767830059 29.64163921987673 21.58886785588084 24.694991083618326 7.721428473951699 180.73834711440264 0.029088360768221078 0.04152155450754119 0.014502996033226885 0.0150578550877502 2.0834582315163963e+41 2.3197846663107213e+41 0.5092100439882697 10.21621150467493 9.497244857670733 82.30492294736993 118.42522143731748 1.0960839768732525e+57 3.569140617812853e+57 3.358143403886002e+41 1.4707300206892942e+41 1.8874133846425948e+41 2.3199985823061993e+41 1.1149061377110466e+41 1.2050924455240124e+41 9.860511231320131e+40 3.5174372033889734e+40 6.343074036723324e+40 1.2068009687912895e+56 4.451380411813142e+56
134 0.27244 8.583921473338965 9.214236742054021 0.5863898135721684 0.31493812499999996 0.54682673 0.342337608 10.262782872925003 0.0010841995693923565 0.0017016312248762451 0.0009828714488717672 0.24445707989768434 2.0166471572495577 11.064660604180837 2.203887925753848 442567.0 178087.0 20.371088804908947 16.238030240744333 14.24043861159372 8.082668879636463 0.0203994359071143 0.03310474072250335 0.004958905304262407 0.012715085292951542 119.95447457270822 25.88293820936913 7.678325603290054 8.817043977363014 6.117365753756689 -inf 8.980450325673688 2.4404871070148584 2.670532961385993 107.0363886492393 4.179387092590332 14.245995383684642 6.890097659186782 0.029399141811569694 0.011342384020135278 2.432694651516071e+41 1.993667690357921e+41 2.6256329606797126 0.008312963436234255 1.843108307937167e+41 5.606279391807799 0.009330308587155913 1.9434286182199372e+41 118.32274494436302 19.30093962695031 13.203929199896512 21.93618494439581 7.279043263170081 182.4003595703746 0.01939854617506716 0.025927694517944848 0.011974747338183146 0.01508276695043151 1.4784174430859857e+41 1.8230293812595643e+41 0.585613349368611 10.22122966634987 9.519666505790706 85.85520997513991 118.88500268955268 9.931886701761986e+56 3.343957044573057e+57 3.3740513668009612e+41 1.6666177984860852e+41 1.7074335685700536e+41 1.8227119352705584e+41 8.492207474973305e+40 9.734911902275086e+40 9.44545108898457e+40 3.848968750014739e+40 5.596482357123925e+40 8.892976380936154e+55 3.7588931071078417e+56
135 0.27404 8.61875213661876 9.31800501448515 0.13435161113739014 0.6007023250000001 0.55262975375 0.37349871375 10.259423823080823 0.0011129555577556684 0.0016395194579192772 0.0009835361046930894 0.24623580159656397 2.0531274306306306 11.075540202944644 2.207275223699358 404890.0 193906.0 21.758683165031115 12.57920434566878 16.878208859008446 8.362580809274073 0.022184355755236605 0.02203406185690765 0.005760939335461431 0.01327343885595081 136.4811067178233 29.786271400924893 7.41478033635666 8.964757370760479 5.373252053731999 3.8532019981486605 9.055796341201162 2.461719160157855 2.649102320829076 107.64802209782655 4.010343074798584 11.10986439511418 7.117125551917803 0.019359456297802544 0.011848985234088836 1.6829325794156274e+41 1.761973074622883e+41 2.274649650572577 0.004949217587102066 1.239779995970166e+41 5.846795774739138 0.00986690926741697 1.7065514465659725e+41 119.04378147456006 34.282105834002806 72.31421791803719 24.302245645487286 17.34432194285331 165.29252709500395 0.043482620732107846 0.0967964031927236 0.01110331586401339 0.01912152374233294 3.1335366268207333e+41 3.0021555245618165e+41 0.8709686208619045 10.225922672942907 9.535149660186718 88.47709193600546 119.31240488510942 9.227828581580025e+56 3.213416128674475e+57 1.6113606103477667e+41 5.265246891452149e+40 1.0848359221360207e+41 3.0029009200558453e+41 1.7332507768276416e+41 1.2696501422835683e+41 2.8524990471054456e+41 3.2305841680000613e+40 2.5294406284041114e+41 6.731308739674427e+55 3.6718346888593947e+56
136 0.27564 8.0891747721793 8.65905540948357 0.0 0.004523557202148438 0.16380170187499998 0.1063293364375 10.29959141877672 0.0010561907967314866 0.0019488270017406302 0.001040463091275919 0.28770146384400175 3.5020420195456996 11.087184087833407 2.2096830112848638 608097.0 209157.0 23.905348666640673 14.736682172536737 19.936173607485987 8.158128810243182 0.026754305422213197 0.027050725984657503 0.005081439188864692 0.012981074312472371 134.43544180015252 29.496870700721633 4.700026386743317 8.418843097753943 -inf -inf 8.25212839681388 2.48300514370547 2.6279204759831667 108.48256919520757 3.695685863494873 12.89031197864046 6.9290452671104665 0.023511465074643408 0.01153464374489056 8.033284455680597e+40 1.4985981532766068e+41 0.7869243622213813 0.002044274884834367 3.861790607287254e+40 5.646203206202471 0.009386922623649062 1.4393220197622797e+41 119.09220618575362 89.29811689408037 33.37210661912296 64.14451594683614 24.791939052552024 439.11347097511094 0.11527875240918506 0.057067306435561425 0.030435184495623876 0.023205937311274016 1.63038956813806e+41 2.4157867539307367e+41 0.6465737228434898 10.250433044290464 9.41320298471165 59.84928201201777 118.36186422763771 7.93736726021898e+56 3.1502835387979234e+57 9.28851354958012e+41 3.945974563544535e+41 5.342538988730441e+41 2.4158985172696718e+41 1.0923997153156108e+41 1.3234988021146135e+41 9.800252329767484e+40 3.0871484431414854e+40 6.713103882260733e+40 5.727901464684619e+55 4.272659270118881e+56
137 0.27724 8.70058517837152 9.416808074738817 4.159637451171875 1.7822015374999998 0.671635845 0.454689374 10.269518023472322 0.001158790191496484 0.0017021583693951254 0.0009650637265536118 0.2462234187926005 2.0480038692307696 11.102678459139579 2.215262368853386 386549.0 357409.0 19.75481866398915 10.625697537947005 48.444411496787374 8.728260448934591 0.024061934027338215 0.01634536113030892 0.02909545658395699 0.013162571444542808 241.4509181630762 43.317337240470934 8.308293905790626 8.988713222624169 7.021697064622992 5.457052531012122 9.205378302499096 2.504344742488356 2.606983119319002 109.41091359276948 3.5546748638153076 9.596662629895857 7.371857781304516 0.01455927130035684 0.011662368816117942 1.0599580937625646e+41 1.4551149690281687e+41 1.0516219740159594 0.0024072074242880333 5.519798965393608e+40 5.749084206743858 0.009159900053388726 1.3657222600224918e+41 120.84829186440847 27.133314779263205 3.874314760673159 52.509806273989085 3.148827040371476 288.38512965269246 0.033742257549608655 0.008794824038519796 0.030698072953614087 0.00921304731750428 5.037357411911787e+40 6.267318268598417e+40 0.4986907678013346 10.24079706640393 9.579931315073518 92.92812181586977 119.75089398253336 8.547792625028064e+56 3.2296819213194126e+57 7.292453819303063e+41 1.7791585063843367e+41 5.513295311950213e+41 6.267826491921041e+40 2.9498374331797156e+40 3.3179890617569395e+40 9.046859690187312e+40 3.65468864823881e+40 5.392171065910286e+40 4.899890740579433e+55 3.4346210040020794e+56
138 0.27885 8.783765115478785 9.449521474363031 2.6376036182045937 4.08939805 1.4379147887500001 0.5488689280000001 10.287784508245524 0.0012610480896489043 0.002038077542078548 0.000957542905598269 0.2263518870092597 2.0663341218468476 11.113848164474806 2.222394059163157 408643.0 461499.0 20.937427178035183 17.20655927690918 60.72988697275567 8.604780639836495 0.024078776831986885 0.03370444314763266 0.037920002577069144 0.013061410507991205 272.52762836709593 50.55691790890971 8.15146296685444 9.12613889360414 6.845248374157236 5.67694953936863 9.147752519078042 2.525871514687726 2.586157432311279 109.60295735747535 3.1355507373809814 14.48017398051393 7.140411973719221 0.026902641193467216 0.011429404698389673 3.512496053470782e+41 2.0311766244407155e+41 3.8397049996989745 0.011614422477455083 2.7818437388701472e+41 5.321001275482735 0.008720489257640206 1.9161220567127837e+41 122.13381678642824 56.427414153280914 77.32921365857763 22.847234409650838 31.20020060923078 137.2729147670591 0.07121117892611595 0.1545028051671395 0.010658249825787069 0.027384012533333252 6.983348873279643e+41 3.8847659109203624e+41 0.39973331861206773 10.254889415718717 9.626379397481694 95.46409046044032 120.46218250757161 9.537459503010675e+56 3.554529645544455e+57 1.871395887324305e+41 5.413020724300258e+40 1.3300938128849668e+41 3.885667626285501e+41 1.594730821993321e+41 2.29093680268074e+41 6.772595341459207e+41 2.0852368467222017e+41 4.687358488548593e+41 9.072259168574101e+55 4.230190759604499e+56
139 0.28045 8.129122754867273 9.247313501538976 0.6037221662700176 0.29448290156250007 0.23120754296875 0.112836526 10.305392768035395 0.0010788354742620454 0.0017635334637955949 0.001124021784538762 0.22783129350349646 3.8221274841829005 11.12871170501144 2.220826770473038 577997.0 360766.0 19.883176521582282 29.578658217824383 41.549264717120494 6.618077430396839 0.025465501000134384 0.08331261315237032 0.028513642310294636 0.009369813812233322 223.91387563682994 52.927706601932655 7.673775484481255 8.886396478684595 6.500261101791808 5.118301418784694 8.989943489992628 2.5473177317269995 2.5656979853806385 111.37694197478348 3.393869161605835 27.687134602283383 5.328997721365108 0.07812493126994895 0.007947907498918307 5.805370265265152e+41 8.140318524128519e+40 5.312453826350667 0.02446437662789228 4.3618285962831385e+41 3.615836488230052 0.005293578297942794 7.1392437162179665e+40 121.49892284806491 21.722039554405868 28.25677476155156 115.17678812056779 8.001231203877829 564.0996460941678 0.04015970475094905 0.05929439530562358 0.07717746679642971 0.012200868354880323 2.7208042944082933e+41 7.512753656383971e+40 0.6733140208574739 10.261709751362563 9.568254339096903 67.89401855018937 121.14815823762048 1.0767934117605878e+57 3.6413749436201296e+57 1.5368466358910184e+42 3.948401463647731e+41 1.1420064898363305e+42 7.513040174957821e+40 3.671388239337634e+40 3.8416519386501285e+40 1.4372134021289017e+41 4.83793852007636e+40 9.534195507754464e+40 1.4180589143423473e+56 6.654390868783186e+56
140 0.28205 8.531918746685756 9.285058698931797 0.9349925480782986 0.7609160234375001 0.8560285099999999 0.30570815051562505 10.349567111654356 0.0012393262844579934 0.0018925738747345153 0.0011461331075778992 0.22200465630035424 3.597144293477452 11.147231370659922 2.229840760059354 460348.0 370165.0 18.814908267870766 28.743062412022503 36.48796333916288 6.98077670367728 0.02396816001952017 0.09828534780963381 0.01761435996551929 0.009868983311979104 255.6714342230297 58.50001131037184 7.851754974007435 8.910864897018197 6.4370131062890135 5.012796507688853 9.03733451867474 2.5688166211582777 2.545470661230278 112.28268716100962 2.3071129322052 26.31318249865776 5.504573311365582 0.09103957356071261 0.008223338450754722 7.2277757116998e+41 1.2396055601004224e+41 7.488530125878272 0.03803565873522301 5.816438980536638e+41 3.6162538613990716 0.0053177781491594465 1.0928963116776257e+41 124.70442781369104 9.106989190815959 28.978984230777826 90.36039185166491 5.379436260345168 620.2918831341811 0.01641723606616804 0.07384508908987557 0.058339334300143514 0.008555774793380563 3.035649832949469e+41 7.16993677466231e+40 0.6420475775314485 10.317065207845753 9.549057299666277 75.54214910487238 119.80330752954974 1.4347587908281397e+57 4.556744845357942e+57 1.0884660308506536e+42 3.2020193751560815e+41 7.682640928540793e+41 7.171006247828395e+40 3.2659080110655486e+40 3.905098234120535e+40 2.3955939735141026e+41 7.195431441817215e+40 1.676050826788155e+41 1.547614337987763e+56 5.479438072741035e+56
141 0.28365 8.751460899791539 9.058722264086867 0.6290878541767597 0.885383753125 1.31281455 0.5028575209999999 10.397827861998904 0.001277599656125359 0.002126475027606338 0.0011725857070002265 0.2261110824267272 3.3142115598463855 11.174272741247899 2.2402398115171733 483925.0 339215.0 17.535232247734584 24.435926252924585 31.73602905396169 7.10707046445677 0.022724241599380354 0.06675819940911369 0.020554919887746978 0.009127570916846722 243.26162464959884 62.05120205938788 7.627764791474801 8.638014368452877 6.233808892566176 4.5552649946603 8.825515099421015 2.5903678708369866 2.5254715318173804 114.13152370236992 2.492948532104492 20.781534364755185 5.575471406987948 0.05813427288135677 0.007568677852865363 3.5947532532694424e+41 1.3283709641950277e+41 3.0926352982554968 0.015198129923336868 2.8504173579248813e+41 3.8697999140003834 0.00495786151656746 1.2073646499110987e+41 127.90226847492177 58.54691662251235 18.918627671119722 31.46221593109238 9.255354312768599 243.8972699106477 0.07997892576697725 0.04907747528040899 0.016943244532451805 0.012505366157985476 2.483970487789516e+41 1.6229930674429762e+41 0.5022963791175712 10.362788895177426 9.488841627664323 79.59506951110109 121.7937838120678 1.597851230436484e+57 4.887099623918835e+57 4.80225772584075e+41 1.7514580641108013e+41 3.050799661049445e+41 1.6212097790206532e+41 7.723656268815839e+40 8.488441519787092e+40 1.974302972974017e+41 6.842780416109872e+40 1.2900249302124085e+41 1.2457611912580134e+56 3.78309247776591e+56
142 0.28526 8.58823454085203 9.29485355165157 0.19650219194591045 0.43719783749999996 0.66158697 0.347385268 10.391773196114952 0.00125359975562683 0.001839924258179451 0.0011831382475877385 0.22843767524523012 3.966852137700778 11.204042644131652 2.2478124566895366 458938.0 368465.0 16.750033316675502 22.288386646072187 36.05985535543457 6.693803441307818 0.018643886473557112 0.05848240026080512 0.029680456751638294 0.007691391821851049 236.0229111404844 57.215893854814524 7.4829423581229 8.911995590267814 5.661174235578955 3.8517903178574473 9.053475506851044 2.612106352962023 2.5055738624412816 116.7549223080158 2.250434398651123 19.911067803651193 5.123282774863295 0.05231350779494569 0.006165093788679522 5.026633721433861e+41 9.234095484249268e+40 4.667216897633008 0.017345528174964167 4.337775716113493e+41 3.3343379973962666 0.003610607325172983 7.980532016571926e+40 127.99844207134358 15.221864908696618 47.99018385255012 138.80861880632776 10.243810858296978 743.0771345368415 0.03266274486470637 0.09000444427752696 0.14123975886571025 0.011335052767424414 2.4449801398184404e+41 9.236869289848344e+40 0.8528783206189472 10.355374905921972 9.596956619298515 75.19091187416848 123.00351684758677 1.681052747014104e+57 4.6580969174725004e+57 2.242741310104744e+42 6.017627415650798e+41 1.6409785679876074e+42 9.238998394798829e+40 4.765720844682471e+40 4.473277554628009e+40 1.2916804048829717e+41 3.2811947879877645e+40 9.635609263902892e+40 9.083955949445561e+55 4.11544149787205e+56
143 0.28686 8.806931147442715 9.273289775669179 1.0611755102872849 0.6352714875000001 0.84749724 0.570567352 10.440581744908267 0.0013278876696405477 0.0019819457812094645 0.0011811609456567253 0.23281377820942795 2.649880533410333 11.221105730646576 2.2592922743729664 380709.0 576271.0 18.312931595961455 13.275126327969785 59.61164386941291 7.2412231772041515 0.025066027882764658 0.037395570014165096 0.06652157268773021 0.008175774201219052 328.2659646959848 61.36179890295117 7.822605776693458 8.79889675231639 6.298046550761362 4.854528867811404 9.088553332769878 2.6337617119235364 2.486021055567176 117.17967131589236 2.548722267150879 10.798582487720294 5.542773902945579 0.030631802239239954 0.006520899091406906 1.7276405408996845e+41 1.3188892936143477e+41 3.413272572921878 0.012501377410075292 1.4149691200096823e+41 3.6554932255029566 0.0038171161098738697 1.1837115375642924e+41 131.61868551694263 72.9100751079104 38.059437889817474 23.475597047965664 47.206484027541734 145.4295978923425 0.1047407198402818 0.09706853973553374 0.013078258880449337 0.04680601446429835 2.704498517275587e+41 5.556524306923553e+41 0.5103783848611789 10.418992468424817 9.507008512144823 85.21910908796247 122.0372235971547 1.8636367625987014e+57 5.2410776756851607e+57 2.2013402073379163e+41 7.055591435205571e+40 1.495781064229486e+41 5.5559250530441926e+41 1.8839641350556844e+41 3.671960918734684e+41 2.0256070437340804e+41 5.949864288745608e+40 1.4306206157878056e+41 5.423535036531404e+55 2.6694909511269504e+56
144 0.28846 8.699780759338847 9.38141718245218 1.034833088517189 1.104187875 0.51830634 0.43734412 10.423190393976679 0.00135001731192635 0.001836533521844485 0.0011986536055825063 0.2226873101940185 3.7650130446641503 11.23942782622259 2.2574255711882576 385595.0 504321.0 13.411275569343765 11.05084633802776 52.94690298029536 6.204540588097587 0.01629578383630536 0.02661980755530171 0.06120598346273474 0.00597852344944329 296.90721506026887 60.73336491249601 7.790944439050129 8.990720290870263 6.364568676313674 4.935810063481977 9.148495513974053 2.6554684969752964 2.4666851556541634 119.60211849797673 2.3006489276885986 8.660297436739675 4.574278649867249 0.021491805149560443 0.004567884095485961 1.3174970721596692e+41 7.636494231504135e+40 1.5215841649073487 0.0054217718733249745 1.0282007902947726e+41 2.7347057381891533 0.00215884753243873 6.367207323316196e+40 130.7462944246235 12.80344852788401 8.388749540610622 95.80332007427606 1.6564854756420424 544.2857243790612 0.020794392592526478 0.02314457871985118 0.10928338807698779 0.007743050300999348 1.0923590650178641e+41 2.4829601724102696e+40 0.4388908307118723 10.39685839848996 9.598294981703797 78.62953887213597 123.37234851553397 1.7477165036190927e+57 4.598605241045664e+57 1.3109371060397072e+42 3.1803241983781835e+41 9.929046861393082e+41 2.482718447498359e+40 1.3831300029037008e+40 1.099588444808023e+40 1.3035153586989739e+41 2.9637579314987357e+40 1.0071395685864975e+41 5.036898879967318e+55 2.5119129376328507e+56
145 0.29006 8.78331440220502 9.379688963733136 1.907952718436718 0.96684285625 0.6165894825 0.5182762379999999 10.456162019634586 0.001371292238614074 0.0018637326925737814 0.0012166439382347257 0.2231215091549368 3.0229733665717 11.255066238425526 2.2659326562874655 412885.0 564014.0 16.704971887185913 16.814983794247407 59.8582229185308 6.732290145953063 0.02049564328081807 0.045405388806792756 0.0717527817030531 0.007206122881205338 376.46348333986845 69.89543485470682 7.996701069927452 8.974288073456364 6.686020660833585 5.5122757086566505 9.158286981022624 2.677226398733719 2.4475625732607047 120.25507517661897 2.1626009941101074 14.224152679641753 4.973940123534966 0.03871067029737485 0.005585198566334858 2.9958185883965943e+41 1.230909784371089e+41 4.463830038335593 0.01609596867272509 2.482585634309155e+41 2.9514484751995864 0.0030025214644347617 1.0745162123877665e+41 133.21953720261973 24.696383314822146 18.506093851745728 94.32253416760157 1.595900569876582 520.1696550733184 0.0329124341364275 0.04979453154758832 0.10829442357436105 0.008610488289301178 2.5123091491841113e+41 3.8284467298089523e+40 0.3153801792985338 10.430363223099796 9.60700523052307 83.99818886060733 123.39372647366653 1.7944202259461944e+57 5.000036396267685e+57 1.2602656681611524e+42 2.4906352386892815e+41 1.0112021438372488e+42 3.8320966933256633e+40 2.033252922533935e+40 1.7988437755988118e+40 1.5242189539336444e+41 3.5797998364489665e+40 1.166238969582509e+41 7.343741762114007e+55 3.1972186993141134e+56
146 0.29167 8.813173630827965 9.3590113604934 0.8645737022161484 1.3792111999999999 0.63535914 0.554399608 10.487859135719264 0.001375714321007414 0.0019115139900123806 0.0012365969047485293 0.22623561259830333 2.9630093594414926 11.434991747671898 2.274302616285761 466359.0 513665.0 19.353878852566385 17.825913431300414 57.83425309308697 7.596413962693505 0.024512660374223613 0.04982494341219347 0.07698206322570786 0.008267156223422188 340.952880970822 73.71971626170705 7.812978596136578 8.986825952323969 6.308523583158873 3.854520122971167 9.11036407712284 2.6991715720220015 2.428532245345768 146.10976063548603 2.170353651046753 15.250547148196294 5.661757491195081 0.0432099972045425 0.006464771253415751 4.1126285367982025e+41 1.33421719587672e+41 2.7914071765741593 0.014211378320875528 3.5867754305757546e+41 3.242774708284016 0.003647730029066645 1.1063420347950886e+41 135.5424514640936 22.660283186490698 7.603084767527281 118.87532843158647 3.1048097693004766 707.2898026124083 0.03891628251787983 0.02471174871773416 0.15034272331608062 0.01094696615654738 1.3869344790239997e+41 5.098753100090867e+40 0.41773723878040425 10.460640522911001 9.618442124457468 85.97427587986115 123.96489553910497 1.8070751958530348e+57 5.779840877837271e+57 1.8081278345514593e+42 3.851166472544769e+41 1.4230111869701035e+42 5.112146904463155e+40 2.6707745388934534e+40 2.4413723624659326e+40 1.1673984980798404e+41 3.454567640960483e+40 8.219417321038092e+40 8.550079517904456e+55 3.63212346569559e+56
147 0.29327 8.911684793906536 9.380152602207309 2.739892054349184 1.61868485 0.9934494199999999 0.70295968 10.521094333081228 0.001361580257786763 0.0019965963119150595 0.0012606913022837438 0.22840053840681443 2.5090914134496027 11.466026451531587 2.284813005657968 512446.0 459920.0 27.467960471198612 20.65875353535844 44.477933934448586 8.779379865565849 0.036569347537303766 0.06213528061723873 0.05212785249186317 0.010535588662778681 271.51564235029446 76.63591398759078 7.9861137679822605 9.00364963307469 6.844915758035743 5.567359604141219 9.129311801257812 2.7210310962934603 2.409827121764927 149.194717943935 2.326634168624878 17.627881937295022 6.624120353636335 0.0531962238555962 0.008398667684361297 4.6905080559934354e+41 1.5680750414907867e+41 5.397466735461611 0.023249601801065427 4.154975787560725e+41 3.8217090986061786 0.004891358856397008 1.252779254016002e+41 138.62617774544898 25.766533894780537 18.111251581581556 63.253675451490324 3.165209970155528 385.99932843275184 0.039685024196179856 0.0552866179264552 0.07877446441074791 0.01363060219331283 3.8156462507924086e+41 7.91239065420472e+40 0.4825880455237925 10.493290168797452 9.649176079775355 95.07280770242473 124.29117887742497 1.8729989443700966e+57 6.678419099487812e+57 9.202860221641106e+41 2.2403278755085296e+41 6.9625323459498955e+41 7.912692914969646e+40 3.8653732394721703e+40 4.047319682489752e+40 2.5928148423874506e+41 9.394015006342877e+40 1.65341334291776e+41 1.062834902387946e+56 4.991078490684214e+56
148 0.29487 8.927158025326628 9.41420338063856 1.179861694574356 0.603664425 0.91020718 0.7297933780000001 10.535723317410165 0.0013740181350480336 0.0019190115625289156 0.0012867825827893593 0.23376552347387541 2.6553189720281827 11.466191432123502 2.2899457700350707 518608.0 461248.0 24.920198100461107 21.583473977509872 42.56688135458362 8.98053049094759 0.035262321395550834 0.06252145896053392 0.043749140799861384 0.010772459083499327 243.31717104791485 81.19665830397193 7.859894212479589 9.045901536741459 6.4377053379678015 4.639878031234433 9.162422957613359 2.7429408110573075 2.391324990673856 147.9408400938254 2.6921043395996094 16.88694385389681 6.748481129320634 0.05008034875067634 0.008570481397938826 3.178281232206591e+41 1.503753385803346e+41 4.775556045930124 0.01958209327574906 2.6586070427901415e+41 3.99700414032779 0.00510644403503697 1.1897304163813221e+41 139.93856446774447 32.33287610093084 46.40450483768216 29.344724697643166 13.99341298857744 169.0523885979396 0.04548010877271765 0.11636802458772845 0.030483479617579214 0.025739051423053917 3.878540898431625e+41 2.517424576005656e+41 0.7343740230507909 10.509353815766685 9.664458783762877 94.93714526922263 125.09967852483656 1.8360469502579116e+57 6.961240678286572e+57 3.73474780895235e+41 9.43717745963952e+40 2.7910300616758668e+41 2.516905078488591e+41 1.0879728093338706e+41 1.4289322683134808e+41 5.564638345464962e+41 8.651185893339822e+40 4.699519758100506e+41 9.226607529950193e+55 4.7801313991117706e+56
149 0.29647 8.78542617219983 9.18806231031888 0.10263395123183727 0.0682828140625 0.52042094 0.5159432 10.552500981953443 0.001428122644497976 0.001707814345554198 0.0013309530568599288 0.2566192161638301 4.2134072594687 11.466381716499686 2.291425145500805 691399.0 466821.0 23.991583498616723 24.62818209349903 44.06663145119351 8.702489481076364 0.03694290958387278 0.059987830831489765 0.04413524717785515 0.009037101720699494 249.54103538368187 83.86928021568816 6.951907047401308 8.839676593347749 5.27102660591456 -inf 8.919145029264179 2.764900409459732 2.373022565520963 147.32228736679187 2.733443021774292 21.16827595580223 6.470476489740698 0.052782936916685404 0.007015015575351443 2.7461680359003033e+41 1.3802572488574682e+41 3.308774501996513 0.013184882754359637 1.8738131892055975e+41 3.913395636929969 0.004010764344747469 1.0903361798624139e+41 139.82730171483547 45.725388061128314 10.118537029779816 85.34322978682619 8.405399369721943 476.25584551701394 0.09045914044239639 0.028801428218590167 0.09345908068412384 0.01644689000456296 1.1993110925959056e+41 1.4423348286693485e+41 0.6060212327681825 10.517829580123369 9.63145787641392 76.92835694505605 125.86824484095258 1.763981779928358e+57 7.359362364305619e+57 1.1631465285526867e+42 3.210186952225701e+41 8.42127833237352e+41 1.4426273084862516e+41 7.270250981559838e+40 7.156022092321353e+40 5.449777899576058e+40 1.8625352685661526e+40 3.5872426053928193e+40 9.349448784011107e+55 5.678628293376985e+56
150 0.29808 8.869989128122322 9.33011874580869 0.5850173756480217 0.534547925 0.5963564299999999 0.607540328 10.56543053544344 0.0014302718245184037 0.0018275782786072346 0.0013447157639568628 0.2531821986927035 4.178626978461538 11.466795825322198 2.2974861601111547 687652.0 441425.0 29.0034758349033 19.752414220832968 37.068883370967 10.012706835788547 0.04625823340987298 0.0510500288013612 0.03568545080247441 0.010309374807295874 250.04267632785698 88.6791213259966 7.657598721116806 8.930715294428799 6.017757881086604 3.852360247836804 9.100881528945198 2.7870472978490772 2.3548040794417604 145.97179825960472 3.1611194610595703 17.159106083748686 7.590805596022294 0.045369993084532254 0.008125578712955071 3.4559000612802695e+41 1.5832280017233844e+41 2.0677693055678033 0.010229260562521242 2.8078674015622203e+41 4.8269924957713854 0.004526168589901174 1.2779441820093883e+41 141.43928484008325 36.92054907104725 40.40189667679379 49.411656406350446 5.19568873452681 314.5502801526915 0.060797483446612184 0.09441460941936984 0.0538597352486369 0.017233491946761777 2.6463687243559954e+41 9.760634596108327e+40 0.7969672709401777 10.529318396377654 9.70517345658595 86.25515295812126 127.74427666144666 1.8836332098735707e+57 8.195008293595046e+57 7.257718761869967e+41 2.1772336318400197e+41 5.080485130423835e+41 9.764565670118777e+40 4.82515786238177e+40 4.9394078084472555e+40 2.204158513435967e+41 1.8925715202553778e+40 2.014901359411991e+41 1.0322761183370855e+56 5.427092466836464e+56
151 0.29968 8.810511205279408 9.32067390798119 0.10336966812610626 0.113860965625 0.36454567000000004 0.522339888 10.577010282597197 0.0014294793207447493 0.0018149815680141772 0.0013874983198630744 0.2566242553375495 4.273429419723313 11.467078713449364 2.3006617409802437 758665.0 445477.0 32.0295248383509 21.747782496956685 35.040446636585244 10.52047498795679 0.051750822267755674 0.04804971279812424 0.03262525949266359 0.010682892288035973 268.71441140494187 98.63463581398292 7.2491842334155505 8.987848208707552 5.459089171532791 4.159688947890306 9.0424993786301 2.8091060523391893 2.3368926855312333 145.09757380900515 3.342698097229004 18.90937043985928 8.018178496386215 0.04240961190329647 0.008449726696519923 2.3285731378403076e+41 1.589805737709909e+41 1.8989881442124352 0.006285531399849596 1.4479276434638672e+41 4.991186875155678 0.004333017717830839 1.2853204059085629e+41 142.08995335080562 34.35489643918446 20.405038822220796 52.972210205809766 9.988294440460747 390.372071008354 0.06813022399886058 0.04923905657460919 0.0558768294603899 0.022678176009107792 1.543213136656712e+41 5.023892434642438e+41 0.7746125761920432 10.542484565900141 9.697057447111996 85.23698973166667 131.25528154764325 2.1632717240990693e+57 9.316976233218422e+57 7.160918355068016e+41 2.3466604799958705e+41 4.8142578759034486e+41 5.025415674101925e+41 2.1761779972161197e+41 2.849237679700026e+41 1.266420376936646e+41 1.2572148548565788e+40 1.1406988913393954e+41 8.777756675331986e+55 5.782527145817943e+56
152 0.30128 8.594980494158744 9.393231848946977 0.17689704336225986 0.168264971875 0.1466670675 0.310096048 10.582515889115703 0.0013862938326361439 0.0018778963050828526 0.0014198162223442914 0.26037067189476765 4.813818144057903 11.467730343507972 2.3053973066042914 758865.0 487429.0 35.92487336818443 16.299572168746227 36.805069093099334 11.289363433723215 0.06084854577727816 0.036558128866401786 0.03595649545926069 0.015127374133924587 294.58039951326253 98.93423137042898 7.0879752015451905 9.062363667622174 5.4157435112819865 4.552479853640752 9.116375202711232 2.831213771547167 2.3191715347849176 144.0329684940614 3.4454283714294434 14.736356748328545 8.750968923114643 0.0333686585549437 0.012810528364500416 1.2801676661868192e+41 3.607005789476967e+41 1.0424858553583933 0.0037208326853270346 6.143943800498368e+40 5.779092716011706 0.008905220859440071 3.3217157410123962e+41 143.09392269396247 61.93076318423662 119.68925293656848 29.55191508436289 45.58410050116131 166.52646218976858 0.08696088811179398 0.255550723285366 0.02109237338736056 0.061034041599729943 4.524634450194191e+41 9.656434416921646e+41 0.685994032077583 10.549494557824085 9.722041514914824 81.31389653667415 133.54619229867805 2.3517462808856053e+57 1.0126449160871099e+58 3.5309947203399145e+41 1.4090628574328318e+41 2.1219318638285887e+41 9.653592258236858e+41 4.703307581745686e+41 4.950284675379454e+41 2.6960811281475587e+41 1.6843725319629334e+40 2.5276438742493694e+41 6.710599036458324e+55 5.77570203964792e+56
153 0.30288 7.815046143054767 9.251005077249054 0.09988387604244053 0.04753313430175781 0.019233085546874997 0.0423094147578125 10.585100078472907 0.001207660729873437 0.0016059714493446182 0.001503603079381582 0.2565389984179233 4.9484845745807355 11.46840624575945 2.303269920166856 676571.0 434564.0 36.61718783218265 10.808138080646136 33.55572779412226 10.913802928156253 0.060805046416146 0.01838969907490527 0.03180193951325528 0.01485359297336129 285.8441001723103 120.63653990122964 6.783987386494089 8.8898197991839 5.216085650633439 4.153213483648302 9.001090936165252 2.853370150947659 2.301637612255679 144.11640129129856 3.4907984733581543 9.425332532215583 8.419457448136704 0.016083552629170057 0.012628351634542566 4.624506548146605e+40 2.7989049678676294e+41 0.04727710322588634 0.00015546268531201166 3.6502774769261396e+39 5.693051499329666 0.009405513404462478 2.5292374416848827e+41 142.1245652109062 279.5621741538477 83.92699525918253 229.7087244304937 49.22750213875405 1582.9626891650998 0.5584381588085431 0.12360690733399511 0.24793972972684644 0.03264980309331448 2.9228380064698193e+41 6.07690748022597e+41 0.4140162390095101 10.56007921439474 9.595056675237707 58.95220802957426 134.75792375030332 2.4081970482597693e+57 1.1392304339829655e+58 3.9700751028568914e+42 1.1747361817485781e+42 2.795338920814914e+42 6.0762191408098205e+41 2.5642466333102055e+41 3.5119725070529485e+41 2.443163581281558e+41 1.0449266516005777e+40 2.3386709158014716e+41 3.567666572826481e+55 5.855332616331406e+56
154 0.30449 8.977011927910903 9.680660904538847 3.046593964099884 2.21262805 1.17966678 0.7794981599999999 10.59662541307834 0.0015022362083107292 0.0022348077662378268 0.001466053190125232 0.2160863397611628 2.7951848874919794 11.469624841082126 2.3192959161208506 854377.0 801012.0 61.512257455847774 14.247834878261884 72.30880593475223 13.622940674970321 0.1119860272141166 0.038272743866663246 0.09246352641972061 0.01714549229704355 338.75805211994543 156.90547603162625 8.15556069485385 9.31502089987057 6.876311338113403 5.8346668818079 9.420754780648105 2.8757138175853005 2.2841801044369276 141.30531247967684 3.0864551067352295 12.252585685820629 10.524295771517014 0.0329567272272252 0.014228613472892847 2.188483842975518e+41 3.3737745779421985e+41 1.6775834714569706 0.007242666294792101 1.5744050963663778e+41 7.272734972896038 0.009982948385089861 3.02907011399128e+41 146.73651688288138 60.99055300721734 8.959149546945348 70.50579746402262 7.2440380247739355 398.43653081227046 0.10885487928233833 0.031042247036592214 0.0903910622365432 0.020142388886843 1.6365752772083331e+41 2.753252720482279e+41 0.7252257074545909 10.554935973579262 9.924758116866848 101.70646547882802 147.30694158228587 3.0214824951360423e+57 1.1950215767427461e+58 1.6686817776532496e+42 4.135117687847852e+41 1.2551700087865825e+42 2.7533187999789727e+41 1.5109436378265738e+41 1.242375160078199e+41 2.338027285215275e+41 1.0177217259842624e+41 1.320305561821375e+41 2.401860274757943e+56 1.5381807759915131e+57
155 0.30609 9.03511292631551 9.786775746496987 9.783756047487259 4.7274899093750005 2.1431987350000004 0.9018518680000001 10.596488286633447 0.001589317466266433 0.002323085998086476 0.001485603805043857 0.20886793962917583 2.7287917136382536 11.470375305487627 2.3235312125777856 848798.0 860495.0 48.86433663077707 18.12434260482328 62.664538986612776 14.195106517051364 0.08576625162183624 0.051789576653892555 0.07827753388684708 0.018203929872375065 344.1298131411096 152.1543760584067 8.565467761034734 9.343230279416003 7.451982041946426 6.692633000105901 9.580638105248028 2.897966905373575 2.2670129700414914 140.37120244322952 3.0268714427948 15.594321016307065 10.732930414969287 0.04376929610826282 0.014712638702297491 3.968991118065123e+41 3.4713021088616234e+41 3.120137630361771 0.010988736924083494 2.6061027992090365e+41 7.357660269193621 0.010122437418949234 3.061283264694203e+41 147.7426238153512 59.11254132396785 40.981198281124 124.99192267570939 10.639064990381959 623.9734751268379 0.11409133018682678 0.10825133316758843 0.16743956357146128 0.020074039921665458 7.929151042923336e+41 2.410418051668752e+41 0.5887102403611234 10.557963341361662 9.976465241604128 108.48445916366231 148.89462076083245 3.119521020250033e+57 1.2044361564794402e+58 2.824580129200836e+42 5.35237905601434e+41 2.2893422238523207e+42 2.4099620053270773e+41 1.2048716885081806e+41 1.20509031549802e+41 7.556680363995132e+41 2.688315941255107e+41 4.868364435606418e+41 3.1050370594712405e+56 1.3704505396734869e+57
156 0.30769 9.085134326870403 9.748017375311647 5.802444577217102 6.035515625 3.25156546 1.0344570599999998 10.62781853876303 0.0016855172331489393 0.0026245193239280823 0.0015421353931131837 0.23571006734535538 3.2496886537884038 11.470858856253805 2.3294790066170394 1076063.0 878938.0 54.46869605381027 41.55480997670861 37.10037475626696 21.73838538539127 0.097431069639681 0.14932995569125623 0.041192590335183535 0.02729994403957782 290.30944762790085 169.29063290951157 8.396978783153388 9.377719180967127 7.102723944485944 6.011697915638143 9.485919726047296 2.9202677411640483 2.2500243751828135 139.12775532467842 2.8018317222595215 33.6967503443772 15.420607981116161 0.12396102651697359 0.02036771147287882 1.5598072897885315e+42 4.093038658605965e+41 15.169742456874165 0.0710867372430163 1.39511740116847e+42 7.4511119000532515 0.010169985271509294 2.692204585048649e+41 149.45316459372148 173.48724889201688 299.72969024692827 62.94076390400725 217.28133239890468 361.4778500511099 0.2816469859000725 0.7628593139713488 0.03564840326214477 0.28855843757499117 3.1018230578612605e+42 4.1921016008507374e+42 0.3979041301462791 10.583540915519178 9.98730141426922 108.82951183518585 150.2642442137701 3.38978161789373e+57 1.2526156483180142e+58 7.564361082713874e+41 3.3629836230485983e+41 4.201377460020506e+41 4.192027422485908e+42 1.048781520024997e+42 3.143245902517113e+42 1.909722091342952e+42 5.8979262570981965e+41 1.3199294649908511e+42 5.014043584997764e+56 2.0245456930673644e+57
157 0.30929 8.267071035532304 9.600638399773333 1.1530314832925797 1.82881145 0.78316972 0.140924012 10.606209333228021 0.0015280559760929874 0.0020106449743558753 0.0017497075574484944 0.22101393026941363 5.641853833877209 11.471732486650504 2.3214467646450343 912585.0 700696.0 37.313653450415984 29.638001741327113 63.997839026433915 12.676368599624606 0.08157011633662631 0.12767771051192087 0.07373583759696889 0.014357252741047554 332.93796151436646 117.66579189837967 7.99277697840441 9.271075376195418 6.397130152569347 5.002216368249505 9.315851556595481 2.9426160225859994 2.233211549031653 140.19756351398345 3.9940290451049805 26.871553733520923 10.06853881123414 0.11931165838221686 0.012006132142972883 1.7472273777509567e+42 2.38610247726878e+41 7.611478249233381 0.05853288684639406 1.5386548560670693e+42 6.859889992169945 0.008423646226760674 2.084254939774819e+41 146.40345043673832 138.6622960996367 27.463186225113574 145.35325218605786 15.769947412205397 726.4349050072607 0.3473870518998507 0.07269668255680495 0.17978859950652845 0.019670595989379806 6.225036688866641e+41 2.3373176218305886e+41 0.7233098019473462 10.57629444659761 9.824451228238308 80.19688908028967 150.85468882900568 3.580853514845889e+57 1.3051749377163827e+58 3.009608118578051e+42 6.3394511615727116e+41 2.3756630024789766e+42 2.336646132224941e+41 1.1952547813092546e+41 1.1413913500648481e+41 1.888968793145644e+41 3.6924664468341077e+40 1.5197221501491675e+41 5.538785334930014e+56 1.730968710799228e+57
158 0.3109 8.927486512552838 9.630569787816524 2.034489691257477 2.5644943749999998 3.02285424 0.70526332 10.633397703528393 0.001781806019420186 0.0024747352359446215 0.0017581182567843253 0.2154109355104294 5.171682169144784 11.472610614337581 2.328365080822495 1450116.0 699878.0 78.7231823405205 52.64313003664611 38.77333097984619 13.667203895296732 0.15840544632092712 0.21780052801636315 0.04659506819705234 0.016323363677742918 293.7080987752305 139.60401363688342 8.132491526800948 9.26191333674052 6.664556494794083 5.437834387236046 9.372865950591578 2.9651515668009987 2.21646831778707 138.86504848701028 4.126550197601318 44.86811436818526 9.771978805882817 0.18700463028776157 0.012345941790126222 1.79032379446905e+42 2.0557720124463227e+41 13.126004363755486 0.07904255433243268 1.506133622306735e+42 6.082270871076839 0.0076469179746469825 1.6305655969910329e+41 148.506886042403 173.4679409462987 89.70044237544417 69.66996190537822 33.987667787187135 446.94894185334607 0.41465667031365827 0.2565893332570555 0.09815526595148097 0.033367964796315215 1.7033037103411592e+42 4.1600269794235495e+41 0.651560222873859 10.580449556402055 9.964074304949738 101.22252868188373 153.14030518877743 3.604177137174287e+57 1.2251247036643458e+58 1.5350523611968838e+42 4.4349253889546106e+41 1.0915598224168226e+42 4.161131607770645e+41 2.114635637133817e+41 2.0464959707548732e+41 1.0810126165598675e+42 4.0106458512850694e+41 6.799480300074256e+41 5.61099266820214e+56 2.8525492219762515e+57
159 0.3125 9.226161663776093 9.72053519173268 5.5805617570877075 5.9451633 5.0119241599999995 1.435843488 10.630173585148501 0.0017722610190637471 0.00285644663278535 0.001782072461758074 0.2213995066804144 3.147928661834912 11.472918893486641 2.3294152650488713 1373131.0 706688.0 55.55474533612816 64.06350298168093 35.2307383865586 22.62182811498838 0.10742430691249723 0.22193488336346745 0.06801293836510039 0.02771633302635422 255.8874349622525 204.66276183148594 8.497189731938183 9.314056669735743 7.10463913898278 6.024269980576024 9.482288766804055 2.987594126238315 2.2 138.39084075688095 4.474573135375977 58.56569166754145 16.93085594880467 0.20191049275781645 0.021050959610042854 1.4893322082116658e+42 3.416144913328121e+41 8.143872330149904 0.04919605513582813 1.0835701967329435e+42 5.827894888097513 0.007102687675840088 1.596512875062903e+41 148.719065481185 45.40441014078952 60.22162372920074 27.250771940502514 17.157792064282752 224.37137149903307 0.09465793299175937 0.21374591277039243 0.0451483096537692 0.033360625131711105 1.2181709834884498e+42 3.100943477640684e+41 0.7625912187297181 10.567211906675043 10.041936478487044 124.51400704258506 154.0759370361283 3.62040904999184e+57 1.1276211059671054e+58 1.020490331120022e+42 3.813667208186173e+41 6.391236100408764e+41 3.0992217207862555e+41 9.026475528013822e+40 2.1965741680124645e+41 1.0693377858727897e+42 3.559055398331814e+41 7.134322466698363e+41 4.687146370715605e+56 2.060584919354654e+57
160 0.3141 9.234108749325488 9.714600004677859 3.808384358882904 4.2004274 4.04924152 1.4766971359999999 10.632038330021272 0.0018201513966735847 0.0029666857057809143 0.0018668208621407964 0.22196978732226944 2.9330438071148066 11.473170770034079 2.329652799722465 1301771.0 763897.0 56.71647604331377 64.30071140343479 44.227150287859494 16.715893608335975 0.11402217741923287 0.23598970880251222 0.08509521000501676 0.028046799998088203 223.4542519164578 201.14599339020828 8.368763294709652 9.309228796096667 6.971932361870781 6.012207014321436 9.478359596329007 3.010083225363317 2.183699458771092 138.0401941216319 4.732443809509277 58.114909832733915 12.291758588655956 0.21119984875499895 0.021619445192418922 1.6305010277870676e+42 3.9882203125630225e+41 12.047886183430874 0.06284966900628752 1.2408760800182792e+42 6.142306693482647 0.011970597444941123 3.154975597228895e+41 148.5720969038942 138.593950737041 86.82128669111405 42.07991614682753 42.54280631759052 206.3344364557202 0.3120314691691452 0.2938040531556112 0.0508599373241469 0.07348527207610746 1.1832076869981421e+42 7.833416056888688e+41 0.711234349384131 10.573721782920417 10.024016325140524 121.5103772645782 154.53260502312668 3.986336874656694e+57 1.0708841356820504e+58 8.792119793589247e+41 3.2292403147634517e+41 5.562879482188437e+41 7.837108285769693e+41 2.513899731605517e+41 5.323208556387419e+41 1.2237387156503579e+42 3.4531489561996898e+41 8.784238192832308e+41 4.801678425471743e+56 1.9162114342061613e+57
161 0.31571 9.147670428923963 9.68640120766509 3.2404083609580994 3.32474275 3.1359092 1.215733808 10.634029579859929 0.0018898481179240605 0.0030604586464465186 0.0019383055549860799 0.22231275233088488 4.998015130936063 11.473572221452736 2.3289049954296708 1563472.0 714387.0 63.90791278842452 79.14677642738806 40.93597641368593 11.451236874733201 0.11920446604750087 0.2607786107609399 0.06645859835344477 0.01654571283264804 241.6460104954237 124.47915340194676 8.207441350206178 9.289252273279038 6.918791769170599 6.004549122137508 9.442187242690727 3.0327595544468218 2.167463811725951 137.8700675247732 5.407395839691162 61.52948726382125 8.404129469843319 0.2082052297695783 0.01229997398797909 1.0045091653905005e+42 1.6222874859397269e+41 6.232681627717129 0.03236871584205504 5.335833485999502e+41 5.234656572578731 0.007233814269460735 1.3566409373956505e+41 148.107872121741 87.5827148789092 178.12414955534786 66.15794289788836 13.254200709558882 336.86986550493896 0.17558957324530222 0.5624599303026194 0.10300325085639093 0.03178527559653475 2.206068504346102e+42 2.191023382578861e+41 0.48418336697317615 10.559427529493995 10.06643694800056 109.22709713129363 156.2433984719589 4.219518722612319e+57 9.481635807017211e+57 1.474091053887129e+42 5.5385222145295385e+41 9.202388324641332e+41 2.190965103618902e+41 1.0552893806833574e+41 1.1356757243292116e+41 1.2240010941738917e+42 3.216462265325191e+41 9.02354867590358e+41 3.6495499980734932e+56 2.521811981563888e+57
162 0.31731 8.483510555916554 9.633104304588935 1.5080130398273468 0.8102413244140625 0.58761617171875 0.246772699875 10.650846733492228 0.0016668676200450917 0.0024617270731987296 0.002073695382905831 0.22872806796491116 5.63847076936475 11.474851061162093 2.33187411196271 1442197.0 743350.0 44.49867640980853 73.40459082951675 53.38037657358061 10.874969058283423 0.08185218725331003 0.25687024215098414 0.09127288492423433 0.016056992930762657 349.5890442474092 91.97827287436853 8.024155636883414 9.275609368590212 6.597852986558272 5.651047686504802 9.367563748488442 3.0553411185132364 2.151492231571649 137.25467300344113 5.458805084228516 65.00768106352766 8.475281605657878 0.23283107458457455 0.012841184516013942 1.1286997309448486e+42 1.8248471529136663e+41 5.742865811504521 0.029713360829928818 6.17254594991694e+41 6.666180888698089 0.009650967511794154 1.7185536093236448e+41 148.79885381969666 83.4027493152245 28.24382700316483 87.93765493000349 7.6460825896278815 470.2734079695626 0.2073064035841669 0.11026017507313905 0.16002170138560226 0.025845518322014975 3.2133969682834396e+41 1.9594197382500977e+41 0.8300757609718923 10.597438608819505 9.97659339073467 90.6215719362005 157.5114777382488 4.482799189291272e+57 1.0689242461377872e+58 1.8605033683214818e+42 6.132016568010116e+41 1.2473017110245954e+42 1.960049662938406e+41 1.1223691452113239e+41 8.376805176599318e+40 3.673588323363097e+41 3.9983777224860334e+40 3.2737505536975767e+41 3.9493180859137914e+56 2.4607885824408466e+57
163 0.31891 8.558082084589772 9.623716035940108 0.7524121999740601 0.7847542062499999 0.57479217 0.28974548 10.668588154048473 0.0017183307328167401 0.0025408265718452248 0.0021140139457227697 0.23625442846779293 5.838506964197273 11.475381421326116 2.3365880070224847 1543697.0 997274.0 52.51750279689542 54.51115125936005 72.52516879297944 15.597769967277184 0.09956936281467471 0.18475634559826903 0.13565040866600445 0.02439910680413828 448.10737053377727 123.46217743365172 7.742965114782958 9.306636045539816 6.32030788755109 5.535956206868634 9.324120418000085 3.077968320737294 2.135680913110282 136.25209315026524 5.280120849609375 46.04942258303534 11.920901617582047 0.16110995243518367 0.01913085488539626 7.086690517249234e+41 2.744541494460669e+41 3.521859030280346 0.019812670833099955 3.986065754320589e+41 8.06830020481894 0.012083806604010911 2.2336713053307266e+41 150.02163935895564 81.65132691971988 36.402303010262 38.72344693919474 26.921675556033367 284.10958062069005 0.24235890313669542 0.1259670852667851 0.07623367869615261 0.05782760093337035 4.06095960850083e+41 5.249764913438942e+41 0.6049447886738897 10.6035251587448 10.02902020314527 88.37397803011474 158.22430024809827 4.473648618815264e+57 1.0114249407094406e+58 1.1599745299296526e+42 3.220906253512058e+41 8.378839043526022e+41 5.251213100173849e+41 2.4275008499638574e+41 2.8237122515269692e+41 3.98693143108971e+41 7.325558237622734e+40 3.254375603312372e+41 2.64965229067374e+56 2.098909477751235e+57
164 0.32051 8.870559764444687 9.696142694740892 2.077125420793891 0.8485020878906251 0.9516144649999999 0.585010516 10.663454338621104 0.0019052471593228768 0.0028401382640319854 0.0021272221951715337 0.23451965790332338 5.765800639500269 11.488116639021126 2.3372145755132707 1491033.0 1067080.0 49.360331062196245 52.899327030080876 68.1210024600199 20.30065334843906 0.10414495352123644 0.173540520495282 0.1413013589662107 0.03397523595565245 432.11942946536493 159.97536330987273 8.175627022650902 9.326554265959498 6.762359134184277 5.783851987555367 9.444657136667182 3.10064086217634 2.1200274562416146 137.81953620083857 5.303954124450684 46.688452493407446 15.406225408892535 0.15404180086760458 0.026319008697657957 8.65280115806464e+41 4.176856554440532e+41 4.6515368373045405 0.024452426809957076 5.12957734500538e+41 9.301903583516134 0.015189538821163421 3.1769636976222915e+41 150.00504532921715 71.39787815421141 51.79059159885238 250.15810405040804 5.284890720096786 1481.5431490518708 0.17264397481757443 0.1858614826554793 0.47982355990017855 0.02584676200205103 5.531620333741268e+41 1.1329603516640121e+41 0.730740178986869 10.59505698943969 10.06748781127538 93.55055077484434 158.36566694367426 4.26817293351088e+57 9.711804292019216e+57 6.312546428152833e+42 1.3267803693183524e+42 4.985766059409074e+42 1.133827544991927e+41 6.07482100387662e+40 5.263454444471833e+40 2.161332420638077e+41 6.030583004491106e+40 1.5582741176643506e+41 2.8164871259782085e+56 1.9801941151420605e+57
165 0.32212 9.005485173915853 9.763888252694297 2.63554784655571 3.04421505 1.16647504 0.803567328 10.706144222689712 0.0019514580620744152 0.0027059721944325318 0.00218381185695343 0.24109527026498914 5.7744293523831525 11.694768892438068 2.352116523432528 1422654.0 1130905.0 46.27551406994549 42.121714905236445 59.456455031188874 25.096898869821814 0.11270696145453202 0.1492103752071011 0.11682543208735668 0.07309035342081599 455.53488217927253 188.33056889902267 8.30343157561751 9.360096450932645 6.932896811769 5.5783936144735735 9.53855502657127 3.123500570240286 2.1044331305103685 171.43436522162312 4.184445381164551 36.078129359178284 19.625108635181157 0.1301989412042995 0.05963069457958957 7.632066979510573e+41 1.2537534014038086e+42 4.397479373506133 0.02535319645648989 5.2024875050778086e+41 12.736580552807771 0.037898710116695884 1.0825913861850343e+42 154.89183211936825 113.84635988527847 357.05081053007734 365.1101912001631 7.295031136539307 2674.3271720768594 0.27087401599007205 1.1458931838280981 0.7737114516895746 0.03534577279520994 2.203211612572204e+42 1.561522847686571e+41 0.616980085822276 10.649684266293333 10.079293012270412 98.58143242825433 158.55912733648103 4.747843317480178e+57 1.3335445193864583e+58 9.628634118394817e+42 2.5571746443658376e+42 7.071459474322853e+42 1.5702483325032433e+41 9.172264969755604e+40 6.530218357831135e+40 1.2451849137556886e+42 1.2448296124855915e+41 1.1207019523238809e+42 2.8473170189487334e+56 1.631972825885864e+57
166 0.32372 8.822111047002199 9.460126953196399 0.9070998430252075 0.79073018125 0.507395165 0.44946233199999996 10.79155944291381 0.0015908671050596753 0.002457151138829639 0.0023083299049374674 0.26937527997859506 3.7410522080187887 11.695484171052017 2.374709188984904 1139824.0 711369.0 43.81953502310648 26.700291495278087 42.33617747117038 22.716263337313915 0.10669493674784296 0.06266121439607637 0.05732101110345189 0.06776479685058569 400.43144221189675 104.73723120437351 7.669809139781214 9.105051829404752 6.266895345945786 4.818802012180937 9.181451823964636 3.1462631738164584 2.0890893364636103 166.75669133000187 2.3258144855499268 23.922907609446924 18.736496526390685 0.05626268198778344 0.058446077943966626 1.8251242025530598e+41 1.1232216356716865e+42 0.6954728130356629 0.0025919812879176152 3.9477041844551573e+40 14.40747843291936 0.04282136852088583 1.0163178762263234e+42 163.52505442638227 241.048895043718 72.95782890858405 5.986424680823757 280.095594776237 83.58230147812348 0.8332439346283207 0.19588918230695937 0.02754973942133363 0.6941288620316814 5.771376844142704e+41 8.651885116487101e+42 0.7194311297943421 10.768220741564381 9.786933300256964 84.73766039579257 157.78565331611057 5.963669623679085e+57 2.0961421820096704e+58 1.0963349053545656e+41 5.142201375047078e+40 5.821147685983617e+40 8.651671936973143e+42 2.3032876659315742e+42 6.348384271315491e+42 5.240741361213253e+41 9.614652709691617e+40 4.279276089877224e+41 1.70883466364712e+56 1.2961222104474831e+57
167 0.32532 8.834281910747972 9.651152118598846 2.270977735519409 2.7146483999999997 1.0552830800000002 0.530012928 10.729345708902098 0.0021192255212705157 0.0031489738682973414 0.0023507259366294373 0.2521703100281941 6.396546785571726 11.695622596772369 2.3589999025654427 1450530.0 1082607.0 40.80615630550537 46.13083929326952 55.64873076971491 24.37202597165989 0.11807445466870681 0.2251309216454047 0.10139860841209997 0.06304225376480424 420.6044117434306 173.50776732950865 8.173382059021366 9.278590743820091 6.749791429605465 5.534322831095526 9.399315130692296 3.169070220649532 2.0738964711668513 169.40901201797234 3.5273284912109375 41.539467118865815 19.1303988442625 0.20575327563162035 0.05082097736677396 1.83257918981431e+42 8.087843034350168e+41 6.768673220044182 0.06959125100562913 1.512736634778618e+42 13.678200141539286 0.03212599651373377 6.9198731420637596e+41 156.92318607942775 26.982687002451758 63.86713281026591 88.77721417715743 10.45782022882007 609.1173969229723 0.08897280002958557 0.2749890608591279 0.19462162904920668 0.05209260257060553 1.0385355834903868e+42 4.366567801422179e+41 0.48646122346028875 10.681641374494927 10.00245907993391 86.28420178799567 157.82891314202 5.090916237957601e+57 1.4998793448226045e+58 1.934165621941353e+42 3.1941275180111132e+41 1.6147528697527635e+42 4.359916134443118e+41 2.1080391414173834e+41 2.251876996084759e+41 2.351448083668324e+41 6.315463296255887e+40 1.7199017501951404e+41 5.534308772347639e+56 2.1333923327382314e+57
168 0.32692 9.130929620784238 9.70414746269174 4.317201018333435 4.662706399999999 4.071177280000001 1.112645488 10.737759389434721 0.002448104865687692 0.0037054533309982866 0.002410695620396839 0.2545521637596896 5.951479670639871 11.695773443032513 2.363151093284023 1352311.0 964813.0 30.061079966628515 69.55297418204279 50.318582455357706 23.33443179084895 0.07186554178513122 0.373488227199069 0.09055291200262033 0.05806178990608727 402.010955216438 167.0271654027953 8.435145506859511 9.289384245483069 7.005204066547229 5.677728541075919 9.47562943827184 3.1919214135980623 2.058852318610058 168.21742246364235 2.9244189262390137 63.11198232159283 18.595849866400552 0.3427458632851665 0.04732634233755531 2.7027103925157398e+42 7.099046369351524e+41 17.12389059818018 0.13856513524012096 2.2127861850945617e+42 13.921852374933367 0.031131353031748972 6.2362511668719915e+41 158.25851223692771 40.006234035422395 53.63267612429138 95.10586616001926 14.336292894120566 630.8092422918083 0.12714525327822876 0.27568477252432694 0.2175829400250262 0.0592489738623063 1.6656739539321742e+42 5.3391437716776955e+41 0.3554728386785685 10.705041753706126 9.955558397237473 97.199656969739 156.99405672561446 5.3189381197363626e+57 1.5819648204167443e+58 2.0015414118416755e+42 2.73064353338971e+41 1.728477058533753e+42 5.342202447222432e+41 2.496136225056556e+41 2.8460662220599457e+41 6.579557590429988e+41 2.7726724181867623e+41 3.806885174391411e+41 7.972468625532407e+56 2.374955319550347e+57
169 0.32853 9.275692927339136 9.658057808516917 6.937787055969238 4.3412790999999995 5.25824248 1.5407514239999998 10.755510444046095 0.002430284129679931 0.003961524916781465 0.0024932801884078493 0.26582862369897897 5.536476840964039 11.84392720881279 2.3678070644260756 1325097.0 823635.0 25.69454653654205 63.41145307649259 42.32605291595689 23.234944046635412 0.0647614539086201 0.31799270607942387 0.07130079902465757 0.06133222682262109 382.0309830069978 162.9643978982767 8.437384358451329 9.288641003378789 7.402311645907247 6.275339490613728 9.391701771155212 3.21495968723294 2.0438620521717956 197.94890320233816 2.162604570388794 57.30481919005285 18.785317172683875 0.2881711971246714 0.05128359033691667 2.220719515998678e+42 7.607229205616094e+41 16.124373252854042 0.11042234727838078 1.9033568316498207e+42 14.016205404905744 0.03515643328691335 6.789725640942982e+41 159.61857866297441 47.746287510071554 70.02866893494836 26.694896325066924 53.14322303177519 220.909123201842 0.18828654136958764 0.3048520019983258 0.07175399078225003 0.16371556990173616 1.6952701222709533e+42 1.3989275655853445e+42 0.541737572570977 10.7234229623025 9.93483481232763 101.82381846773355 156.4350335766173 5.3148362663120714e+57 1.6221544007345131e+58 5.280877548774121e+41 1.1143873289047776e+41 4.166490218800689e+41 1.3993923504130528e+42 4.946972379023329e+41 9.046951132230211e+41 1.2300450855036968e+42 5.299873403096596e+41 7.000577438882358e+41 7.5722090640921066e+56 1.9249296581668305e+57
170 0.33013 9.36828638197581 9.562659023292948 1.6625390201807022 3.2966724499999995 4.5563381199999995 1.862724032 10.75653719052815 0.0023303831791139686 0.004366272431282684 0.002562536895272076 0.26541464307831797 5.309629725987526 11.8439732875209 2.3657758831327342 1252246.0 857308.0 21.071356783971694 52.35146824709566 45.387327773813944 21.642600815916293 0.05763927765114213 0.26250590115715217 0.07582397610344443 0.061748210330546796 389.6411223938282 171.66052100302525 8.155636744523424 9.137565061407654 6.568546748387115 4.7119084285507435 9.329176629408726 3.2378985539992624 2.029109744646049 197.9414515154276 2.1626083850860596 45.20393324026762 17.442029378728968 0.22494261927587547 0.05197127996834596 1.2083917630163446e+42 8.157364229340015e+41 12.452839029251523 0.07738313683037405 1.0130991002155678e+42 12.826997322784342 0.03728497589465236 7.363156640729072e+41 158.4157020285092 39.40086830901412 52.02645102903619 91.45412848643271 11.809256829707058 617.5832077817226 0.13061967133236543 0.27840642275889893 0.2193851636135566 0.066220075544663 1.2519644432850456e+42 4.649750858214338e+41 0.4173192385916625 10.72211954307108 9.903229771158298 106.36893749768669 154.96087983896905 4.91541869221999e+57 1.5385561824521458e+58 1.5963496713658498e+42 2.6915545653766543e+41 1.3271942154014908e+42 4.6482355056515685e+41 1.9627742805071575e+41 2.685461221399175e+41 1.4409869118587448e+42 5.479551071435319e+41 8.930318053791762e+41 4.9446141655917875e+56 1.3264903885232926e+57
171 0.33173 9.398877527940085 9.403255442549275 3.079671323299408 1.8357767 2.87139844 1.940391936 10.778307896122637 0.0022448314079837094 0.00393355762179874 0.0026544130733475086 0.27587317065247996 5.5507421751505355 11.844113265915244 2.36950657991882 1418185.0 738321.0 28.070838765128318 59.00264959204206 41.77866953716124 20.685552203070866 0.07666712547434366 0.3187604841997928 0.05072974367287402 0.06479942061007905 382.0754436106098 169.97006683836224 8.213491443531659 8.909027280222533 6.841080445196503 5.394556458967792 9.21525006443229 3.260880676198554 2.0144997437675216 196.64889620152738 2.162598133087158 52.83839726670905 16.86948754254859 0.2873722032810893 0.05572845692746504 1.2711559104506272e+42 7.709029529847919e+41 15.144489422669455 0.10422032530729454 1.0052056797463688e+42 12.723134938052457 0.04169962276359473 7.036860851574202e+41 159.87872698118505 107.89357171452114 83.23729884044755 74.9098978524768 31.53573221351135 511.2889985811784 0.4054501667014975 0.41508372351631245 0.1415342970948739 0.09838247007940441 1.118960407129286e+42 9.065014981462155e+41 0.6106400463532771 10.739437765829075 9.884764142629528 105.94755111418714 154.91488578560546 4.848895903066495e+57 1.6062119241371827e+58 1.4452851312151045e+42 2.9205328092208597e+41 1.1532318498494057e+42 9.064744206732682e+41 3.98036993413895e+41 5.084374267181235e+41 4.056809898083384e+41 2.442917941207616e+41 1.61389195617566e+41 4.4369801677487385e+56 1.4933710933696513e+57
172 0.33333 9.341577456157381 9.58456425492411 1.1672389209270477 2.6326404187500003 1.93160104 1.5889524320000001 10.775547812357255 0.0021220508659718987 0.004081581238598931 0.002637129326865803 0.28559081327970404 4.67006352023023 11.844247886108402 2.372161631417545 1169862.0 670798.0 39.033712711006416 17.96979321669485 31.92120392431099 21.776866751420602 0.11151740014169308 0.10032470367590875 0.03238232197868504 0.06959469432570171 299.15960844998557 211.74483109971433 7.902420051742132 9.184479067376788 6.351359636156748 4.5554035885764135 9.34860687740207 3.2839057584019598 2.000030000300003 195.60793601688223 2.3531570434570312 15.529783772841366 17.84279232742761 0.08732054752796278 0.05981608982929782 3.838969084604883e+41 7.686906426210243e+41 3.5027639765852387 0.026225784387496686 3.2495320791044376e+41 13.228349739289808 0.04351231496268255 6.921308300663535e+41 160.08427594752192 32.80478606459639 65.12665751540736 23.799268360669757 35.38795038141454 201.98159121963027 0.1250137314818508 0.2745321636928505 0.05479141708135198 0.1374229580078618 4.742267393899529e+41 1.0030431649384767e+42 0.813570958882915 10.742651108733227 9.913435571225856 109.58374485513055 153.6224785584483 4.476312122184157e+57 1.5891678151070439e+58 4.4610743414716395e+41 9.083361354164697e+40 3.5527382060319044e+41 1.0027350522342935e+42 3.848830059507647e+41 6.178520463389784e+41 3.2420614110897124e+41 1.1795394409904489e+41 2.06252197156741e+41 2.281898953684392e+56 8.692322886676295e+56
173 0.33492 9.148829810366113 9.653730590887895 0.41849682480096817 0.824109375 0.85283014 0.935710928 10.767739192547394 0.002018656278081899 0.003972517290366171 0.0026632834949279786 0.2920718019121559 4.995794142785862 11.844362988702832 2.371352086419252 1007120.0 681653.0 38.72134481134494 17.588488965291848 32.42380147648219 19.776402097265766 0.12062208197357234 0.09499914239150423 0.03337906908282485 0.06548076350855098 300.5327171351708 178.45730825283516 7.5299871045079865 9.312530107461935 5.922494022726396 -inf 9.378820949877191 3.306829200289975 1.9857876507822763 195.3509170347458 2.4506828784942627 15.745134406059243 16.01655808832174 0.08547330873407853 0.055842207593746945 3.9547909392840746e+41 5.611446709427288e+41 3.523737505533877 0.02560701441541211 3.0700413796631457e+41 12.132843000103682 0.042017512040591905 4.989057962365554e+41 159.4094025921444 312.7183502486224 86.8743343801832 236.6409718336458 14.628308329254315 2611.1024864725955 0.9189125607824976 0.37329473470832303 0.4181951152418271 0.08695256013177702 5.015414418879029e+41 4.015989057326441e+41 0.8186267948295884 10.74609103470261 9.86650824510911 101.3425559522294 152.11561136419078 4.243319363356254e+57 1.5692509319979422e+58 4.5338009586280305e+42 1.423934168796182e+42 3.109866789254431e+42 4.016386375609142e+41 1.6623749361185621e+41 2.354011441829762e+41 7.028662955970458e+41 1.164340392680828e+41 5.864322566802689e+41 2.393894527959571e+56 9.832100577984256e+56
174 0.33651 9.464950439470966 9.71082592921912 4.767294406890869 9.55774785 3.82031706 2.422911344 10.797970218042868 0.002539524400701336 0.0039056687366465217 0.0026463435351569507 0.2734121881640768 5.80389304030492 11.844953958321424 2.3911764656268004 1815720.0 615617.0 95.03962955912183 17.02823086082139 36.023903462106766 17.463621827510185 0.28696789502019765 0.09305342278015571 0.029640916654079228 0.056298150645542756 327.3083864511605 129.59266283031974 8.453495679488118 9.349960531931336 7.126725994863806 5.978912797922714 9.43764026210851 3.3297944864098312 1.9716798906421804 190.6208068388246 3.11814022064209 14.411662226042454 14.436456734497709 0.07911651324215423 0.04924045800652207 4.403813025740782e+41 4.598747216097654e+41 4.402645701836637 0.029908536632536502 3.707001581618611e+41 11.937551162652932 0.03966643605239543 4.2332910853862435e+41 166.15009273805723 77.80913692593901 98.72832051115938 14.684258027037568 30.146636773038352 110.89273317396444 0.32277315549076113 0.36914651230515994 0.04098184816882302 0.11705609041610139 1.1439334635977849e+42 7.75213149108626e+41 0.7809696383225655 10.742435233684185 10.103009942231074 114.78011849372743 155.27013638080746 4.6831034848392954e+57 1.9971831499426118e+58 2.794304908632375e+41 6.263450764841289e+40 2.1679598329431355e+41 7.751394400285559e+41 2.8782928110862178e+41 4.87310158618161e+41 1.4095408913576334e+42 3.588972938685625e+41 1.0506435965377353e+42 3.380998576580385e+56 2.17743487354486e+57
175 0.3381 9.246046860896039 9.687392533866664 3.297881782054901 2.363864 2.57469768 1.432652768 10.794284729961522 0.002528836914300187 0.004248621445865215 0.0027938984872450164 0.2514673736660553 6.419267871194271 11.845015839751234 2.3874506732014424 1861029.0 615494.0 80.59737155386877 45.82845963514727 37.49782638272493 15.014148100722982 0.260486775660276 0.22850393792695323 0.03169914494602524 0.04908494646656257 342.8122799177737 145.46355285864604 8.35754452282138 9.304995346319057 7.052730686145883 5.863926929029239 9.429718542567512 3.35280132804636 1.9577048210588583 191.0031555649037 3.189828872680664 41.988335412453935 12.282577688524375 0.2064821015653285 0.042512311883823074 1.4127696097788372e+42 3.2812964974311373e+41 9.077182268173544 0.06364993851404376 1.0970091070439191e+42 9.87522418386508 0.03319965283283722 2.9251578816686987e+41 164.91953595548551 85.45427983270245 98.91581905456945 45.769105987960444 16.90600789623743 372.3249348378207 0.29955144358351093 0.44670085889073347 0.07671035758797952 0.08105273566843194 1.804638086627831e+42 4.36376148621375e+41 0.6538477527461106 10.741142257159177 10.080644435385242 103.21221047280649 153.81945021620103 5.42015376642915e+57 2.1446741578848302e+58 9.82243808550801e+41 1.718157802720142e+41 8.104280283347298e+41 4.36238028669453e+41 1.896350988000644e+41 2.4660292991500163e+41 9.074556200208876e+41 3.1523364912064417e+41 5.9222197230823985e+41 7.203677971758492e+56 2.7959933760694444e+57
176 0.33968 9.23983546063524 9.819888825259405 20.65849459171295 7.568670200000001 3.10279156 1.356522528 10.783173460880597 0.002568774745522325 0.004270103965307445 0.0029413425545208446 0.22579395891355358 6.156776059862941 11.845177573845064 2.3888402223440997 1677237.0 595567.0 60.24147528823293 50.49265518624639 33.81505825885098 15.014147032664924 0.2123826450217696 0.26528765245341573 0.028052774202279557 0.0481269551469123 295.4552812104276 149.55731800273367 8.727146132865673 9.40073714933137 7.66313796561755 6.89283626809274 9.58786480056163 3.375704351862814 1.9439472444653791 190.28924006769157 3.312887191772461 47.64548900178854 12.2890174251984 0.24981561407352842 0.04156510321879389 1.8657598235607468e+42 3.2498681353317416e+41 12.267774349434674 0.08360701146125031 1.474139993612818e+42 9.78471118998826 0.031422425405408794 2.8965740883736436e+41 165.02613776130053 161.3822780301943 62.76484735996396 96.05523501248628 10.785705221930622 1058.1938830990873 0.5526012836137923 0.32185775147495066 0.15335397522698918 0.07273586538575223 1.6869297587726225e+42 2.9174301814843607e+41 0.566810691318328 10.747161031349192 10.058250610719654 109.78448475485884 153.59858236745993 6.67661579628684e+57 2.4302578097917255e+58 1.9929757136517584e+42 5.202737296998405e+41 1.4727019838119476e+42 2.91816404049775e+41 1.108658637793027e+41 1.8095054024522364e+41 7.684148047815713e+41 3.259292528078293e+41 4.4248555177633355e+41 8.834794854814042e+56 3.0789045510071898e+57
177 0.34127 9.379537545629947 9.807035455346451 7.59160304069519 11.070708100000001 6.40008664 2.03907568 10.79638822593275 0.0029190357680352187 0.004831621990087326 0.003022183294666015 0.22128781061220845 6.510020174691358 11.845339247730484 2.3956225484867666 1885180.0 591897.0 70.74673420310963 66.53745566083082 34.62282122621437 15.475734242832836 0.230219343446355 0.38308759717230656 0.027462157209219695 0.04508270382038399 266.4196125252676 151.1726508400203 8.625664091211801 9.422088192549335 7.293705975666774 6.215889227826695 9.537520145234053 3.3987931831296514 1.9302311952413045 188.40387798561576 3.701930046081543 61.57942584963065 12.728945109954772 0.35207944358376964 0.038954437941797496 3.018045436940374e+42 3.871390298022777e+41 18.344444226187193 0.14662144314891365 2.5443035714467192e+42 10.375266526123738 0.029034558187104757 3.5609964713506835e+41 167.41275913006484 63.93577490376638 66.16819685574089 30.168597784851436 16.32530848554561 213.57915154438632 0.24992462150815511 0.3834078474820724 0.05794630158257574 0.08480443658266426 2.4150215066925233e+42 6.039110520816087e+41 0.489386256003601 10.744072708509462 10.130781780745611 109.1935113257516 155.3803497510509 7.439059764974473e+57 2.694079074995916e+58 6.432854360820075e+41 1.1722158054449689e+41 5.260638555481156e+41 6.040334582689905e+41 2.2884359749384724e+41 3.7518986108844954e+41 2.548436496918025e+42 7.69504611698112e+41 1.778931882754055e+42 1.1213617742728072e+57 3.3111301788116655e+57
178 0.34286 9.373821324214845 9.74188525712577 6.1207791566848755 7.7982261 6.044538960000001 1.963878288 10.8030426040745 0.0028964841163723228 0.004934830834638674 0.0031642646090005925 0.22500988863809235 6.335140623086419 11.845497329554778 2.3954558303646696 1859456.0 592932.0 66.13058029163878 81.5849339175122 34.312916091593955 15.23588506710297 0.22083122805402552 0.5261806258469113 0.026168814357603102 0.04819901847566539 258.6393425037834 133.04573346519027 8.37794875001237 9.384507356880665 7.092750806142724 6.0894482551578 9.46022155545777 3.4219227079293457 1.9166423613136558 188.0368137738447 3.742509365081787 71.31845912797861 12.654664820889609 0.46236146736206096 0.042059574919793945 3.8918587872634076e+42 4.21580192323178e+41 30.375851748629806 0.2430688886337165 3.4698048975458704e+42 10.543170624068168 0.03273661496898086 3.956401442089385e+41 167.11375880798764 43.90839981545643 97.37907225615946 31.63869122023711 18.446707342370274 218.08960434870974 0.19310429093047815 0.5743813691514845 0.05942979407527604 0.10066494971307795 3.1674632964428433e+42 7.259823965511665e+41 0.44241995863766065 10.746672507841039 10.122337857040579 106.51637974401577 155.76221563509907 7.649410112461814e+57 2.646340680630737e+58 6.229796449181375e+41 1.1776642829927446e+41 5.052132167735973e+41 7.260850419308908e+41 2.5544603716285224e+41 4.706390046461237e+41 2.2676867164015148e+42 1.0411171380957808e+42 1.2265695812672293e+42 1.204084095427461e+57 3.4672065213342055e+57
179 0.34444 9.321484711193861 9.633728356572695 1.6172677874565125 4.3747699 5.1475376 1.710690496 10.81208340192152 0.0028187250465903572 0.004795314529482779 0.0032989103340163484 0.22925170812666051 6.617170475046328 11.84560680502415 2.3953438195678345 1863446.0 597798.0 53.07906894766306 88.10968362007138 34.262660263007106 16.851877295215385 0.18365120091737172 0.5692610461703401 0.02498788184099321 0.05943540547834739 264.1310368351933 125.04581971509892 8.111574609475516 9.258337365645218 6.70227803267145 5.7173065291236895 9.370556348873736 3.4449467905974176 1.9032632679131343 187.65288549525408 3.7394912242889404 75.70598382971507 14.30970922454599 0.4922575052827771 0.05273837491173971 3.2751083959204445e+42 5.144000536793859e+41 26.319580284345975 0.21756333484808288 2.821180100508575e+42 12.308677590692822 0.04354476477388452 4.899890796020897e+41 166.79870048846826 169.39817710175333 276.4345685340094 123.24314100362204 20.396000262255743 1437.036645668897 0.5703119157532396 1.3378429269408803 0.19977988963106222 0.09715372569084398 3.52864996028438e+42 4.083704435090142e+41 0.664351878083772 10.758542835106681 10.072882888195414 99.41043598322523 156.20209715401492 7.84148588682873e+57 2.5571578345095923e+58 2.325950229738697e+42 6.535746330037278e+41 1.6723755970572862e+42 4.085536039199241e+41 1.7853123988589774e+41 2.300223643405434e+41 1.8982742435895866e+42 7.649041025880148e+41 1.1333701405633336e+42 9.62509567314497e+56 3.2632992148419364e+57
180 0.34603 9.495104921221445 9.676071202939417 2.225141391158104 3.11031315 4.26657208 2.47238176 10.824560634296825 0.0026768279538799847 0.004332966002359792 0.0033289505402206905 0.21856649900914027 6.019544998478606 11.84583273163697 2.404217061566625 1580893.0 583800.0 35.91731408738177 56.68627205052483 28.200207923218333 19.40175854401271 0.12131395333102835 0.337150099331412 0.01705773351761638 0.05620249047144605 195.83643728017276 188.48620232456585 8.184921869338325 9.333626304762856 6.70998312472624 5.635390930170871 9.37718561703864 3.468156589943721 1.8899228390601972 185.36660806412348 4.211747646331787 51.80461996061534 16.06560124082342 0.30940250493317545 0.04932901724755088 1.6104028200048862e+42 5.391684374499654e+41 10.959807848680262 0.0883927427010013 1.3149604550126742e+42 12.793878774040587 0.03758123297974028 4.92000143876437e+41 169.57479697677562 131.75937896399913 53.96334694276335 23.796461780899975 24.813540795384696 207.4177220634983 0.5907988347362947 0.290915309369225 0.05378671587095985 0.11986626905824029 1.1894486919992661e+42 7.945360039717086e+41 0.6836250879918088 10.794785702940263 9.962241614707548 110.95553672774537 166.64950271166055 7.990145954308526e+57 2.828880242162757e+58 4.569108890360692e+41 1.1824772187549434e+41 3.3866316714389418e+41 7.945866298966534e+41 2.7748712698322706e+41 5.170995029437379e+41 1.0789226996585582e+42 4.397801975162275e+41 6.391425016680828e+41 9.107043772500225e+56 2.2107663653881256e+57
181 0.34762 9.476463686977947 9.659495807918878 3.8692789673805237 2.2909489 3.33245392 2.355286784 10.825213257628509 0.0027259770024990345 0.0043866280687739154 0.0033603369374262653 0.22812992945882496 6.575354222622622 11.845914777444245 2.4033209869768073 1701812.0 589096.0 39.20599826768278 58.237571642309135 28.806103075219287 18.388527095424237 0.12629045609158868 0.3428633610019266 0.018607670737985617 0.05999401047004751 209.32525804381277 153.54329255616182 8.240809926430254 9.268830298539642 7.116200850600135 6.450058075879718 9.405037041941338 3.491406224297258 1.8767044473850758 185.15057367475643 4.054878234863281 52.14163375404092 15.380345252945462 0.30764877504675137 0.052730545998165367 1.4618764577767456e+42 4.660767506806247e+41 11.219924480227197 0.0858212700405426 1.2097710598252019e+42 12.665006118417162 0.040868540559479506 4.319529845516293e+41 168.74450224949766 95.67310115552584 85.7921081841858 28.096275016171816 47.20086854074244 154.36596011298488 0.4384452809501639 0.4349501422126114 0.05311759627725178 0.15739687079386194 1.21801855494305e+42 1.322499459321617e+42 0.8290525103756363 10.781397839316856 10.04070486448826 106.16246994894554 164.3465192887225 7.427979153431776e+57 2.528322734884647e+58 5.001280321732899e+41 1.1856000588956896e+41 3.8156802610348035e+41 1.3229974338005873e+42 4.8790658389464764e+41 8.350908495470549e+41 8.446975420471755e+41 2.671510615881895e+41 5.775464801115191e+41 7.099173447726829e+56 2.015734144063027e+57
182 0.34921 9.479421918550024 9.583448108517834 3.2314374297857285 1.959991525 2.72898028 2.34384496 10.826556605852343 0.002747854975695706 0.004673508009194745 0.0033819169692704755 0.23501149539523908 6.389551855239598 11.84607176814439 2.4017490070606167 1836607.0 625249.0 52.675735921370226 47.174763237947644 28.66215795478308 19.638937926817093 0.17744421910939515 0.27060863646074884 0.018424289331056824 0.06390851706105072 223.01761783155337 157.2943864418726 8.068658977510367 9.20893057796786 6.852230849039991 5.779851090698925 9.314450540474848 3.514695407641213 1.8636064259328196 185.09666296199782 3.9166438579559326 42.41364518394437 16.21267437191319 0.24453020477217377 0.055454443810839166 8.002814286260926e+41 4.363003868371097e+41 6.534056882394878 0.050761242986951755 5.932876299932575e+41 11.704901441192584 0.03561692373486383 3.649754459743736e+41 167.27329428860133 80.91289776760979 66.99430804368328 50.571076108960135 13.111719728613185 488.8860997503332 0.31377736341923307 0.37634271705075995 0.09187868434704781 0.08502433881203297 6.9687744975300375e+41 3.0936457035948203e+41 0.8043821267256037 10.776347880839372 10.047477308247423 103.408942314025 162.10986044843608 6.686329571189e+57 2.3889500591591184e+58 9.102170746134633e+41 2.636462162450243e+41 6.4657085832385954e+41 3.0949876362126212e+41 1.1145153457166311e+41 1.9804722890605723e+41 3.662356044732563e+41 1.7163761743236694e+41 1.9459798728145584e+41 4.724858544511054e+56 1.9500228738372398e+57
183 0.35079 9.545481785014568 9.69275708696483 4.238235116004944 3.56616435 2.8827110800000004 2.720958272 10.82471973731124 0.0027567446053655418 0.004593170774319207 0.0033699000692478465 0.2253518945822941 5.729121196603526 11.846300097118633 2.4053351692950056 1710695.0 650939.0 51.21973345023135 33.79725003397478 28.31401320014479 19.83105643858042 0.18255186067742105 0.19486154838305086 0.01564474972345832 0.06090700349082931 202.70955738318443 181.25441506757068 8.233612685595139 9.356298473343566 7.151815582599122 6.502515397964442 9.398007567130803 3.5378770124449637 1.8507084010376578 183.96677966754106 4.067656993865967 29.69269512029677 16.126046485246118 0.1710719289008345 0.052272957270535256 6.6314864401054425e+41 4.069546475753571e+41 4.498887959873013 0.035419499932395314 5.273288682113494e+41 10.897903792623342 0.03020922988206786 3.2709555516863876e+41 167.63300046385945 81.3105320958796 88.64057840641983 15.756708027252264 42.8653772838197 110.00876332817874 0.3778692727800101 0.4546245993157719 0.048537363644293556 0.16146937166481184 1.096087613137522e+42 1.1198423551249286e+42 0.8178118266698587 10.780409024223355 10.05719151978729 111.71510138886974 164.9167712373415 6.310786121775443e+57 2.326026762965461e+58 2.6640826205001263e+41 6.171837309182382e+40 2.0468988889487296e+41 1.1192634233524853e+42 4.457454922958108e+41 6.73517930811575e+41 8.766081700464789e+41 2.522713173149022e+41 6.2433685300024024e+41 4.264375511868454e+56 1.7007140769256615e+57
184 0.35238 9.432576264723126 9.667859313162083 0.5111894384026527 0.37198311875 1.08340873 2.062086304 10.821972945850874 0.0026891847035394184 0.0045890483074632945 0.0034103765254862284 0.22504454492571557 6.57994465018018 11.846354737216835 2.401186905624528 1774020.0 682738.0 55.38178577030654 33.04922948613593 28.463671027532865 21.07512714859009 0.210132771851201 0.19640892467708707 0.01653340489775624 0.06295706430967621 206.2105160119508 182.16391675922577 7.383390312158371 9.340020214299347 5.936638218306197 4.650931085142117 9.374727795515296 3.5612441929721625 1.8378455076905613 184.441580288057 4.064674377441406 30.287343128847688 16.91402136390809 0.18052527632594534 0.05302638813668697 8.991101852955982e+41 4.288021270258296e+41 5.283840992082467 0.046192682933320586 7.385567631588142e+41 9.93250500522719 0.024832907825770852 3.128724171773289e+41 166.83125454117348 45.96593716305747 52.58975067240959 25.2224220400496 40.66351836812818 135.73823264900957 0.23065057183709362 0.3033305247811454 0.056509861466784966 0.15993191527111966 6.447769270583595e+41 1.030379473391308e+42 0.8048921085629728 10.777076250201006 10.048164506752023 102.62725626673 162.9548738053864 5.968464167317871e+57 2.2798780252327654e+58 4.1896890677240735e+41 9.384287958748635e+40 3.251260272734136e+41 1.0304408541856839e+42 4.096374035904461e+41 6.208034505324554e+41 1.6602202437993441e+41 7.006986258820542e+40 9.595216167048554e+40 5.444663737412621e+56 2.0247565743517138e+57
185 0.35397 9.347941020407216 9.723455982034313 0.4377728868275881 0.2760830984375 0.856680255 1.697638642 10.815025400281346 0.0026771038907579597 0.004596211641248553 0.003410998443975534 0.22187699283415518 6.645520924989604 11.846479854770992 2.3989188512749 1633642.0 712902.0 60.58437849183445 18.624658706115284 27.550255583271056 22.65116754420274 0.23735904157327825 0.11096109874832585 0.015062746431739648 0.06827223267334473 204.29230296073416 193.0586899632883 7.523881767798073 9.382825184043318 5.9017189780006944 4.976589155590966 9.448102262827671 3.5846500684873717 1.8250981721614825 184.53460443400078 4.066339015960693 16.7703067439795 18.12618553782532 0.10077959735957191 0.05678802821720477 4.382756868486675e+41 4.755571646881916e+41 2.620265536921257 0.024068546373907946 3.4409737220006624e+41 11.103574887177352 0.028065336637330355 3.68145491884472e+41 165.9390513567983 235.7062134238151 256.617972086688 163.2294078459865 43.39261485426647 1678.7047137999512 0.9692360899299739 1.1790908991188216 0.3212673960289451 0.12569521574605938 1.4122000113433738e+42 9.329314856421002e+41 0.6475688757100324 10.775557525574232 10.03997427311952 100.57199022629956 161.90478034760253 5.397978048912234e+57 2.1301790610393433e+58 3.000185755641482e+42 1.1853481964913511e+42 1.8148375587938107e+42 9.329549002108526e+41 3.873723461139742e+41 5.455825543816811e+41 9.184279475914616e+41 1.3892498662270338e+41 7.79502961204477e+41 3.9681271848460545e+56 1.915211824230651e+57
186 0.35556 9.335928344787172 9.666073721742759 2.0635255724191666 0.4925388125 0.764888745 1.640062264 10.837373065677063 0.002831451303358289 0.004240198777195124 0.003409882317584386 0.22872995357861262 7.353741501824901 11.846928923657973 2.4083197062429935 1624353.0 668995.0 54.197679504748 37.286548842192325 21.53439705790756 24.778978416404584 0.22583413197979438 0.1985099730273258 0.010273653700927077 0.0682453630118408 187.8047974461885 206.47437614293696 7.977970168834915 9.319228720907972 6.710116105825309 5.814442520312657 9.396598141387035 3.6080943544718993 1.8124648441894475 182.2337047578699 4.8581438064575195 32.489041000620446 20.36103914469438 0.17361129403419653 0.05841841209002248 7.161121757164157e+41 5.518381957820139e+41 4.074833865732362 0.03524303336419674 5.10451150057354e+41 14.777925358507863 0.035911702504432264 4.659835508141581e+41 168.90898896658672 299.3336583276585 141.1017000272387 53.9129691698553 133.18922853147757 269.68826172023347 1.3401913383263626 0.6287420292447446 0.07733980331432846 0.3339583760712548 8.95034991389042e+41 2.4317615979691684e+42 0.6702038333630852 10.799199075002418 10.01793690481588 98.70317401822322 175.62848904093363 5.3967316936997894e+57 1.9115618136363558e+58 7.554575085994601e+41 2.881355468505343e+41 4.6732196172812395e+41 2.4315485554188234e+42 1.18030650571209e+42 1.2512420497293816e+42 8.22763544906804e+41 7.856321394491938e+40 7.44200331089718e+41 3.549958068135634e+56 2.1797474115754997e+57
187 0.35714 9.540656741906751 9.906666521414701 4.540929973125458 4.94576525 2.5737817 2.723143896 10.80104110334224 0.002877994399029177 0.004788167576821675 0.0033653594106086756 0.20823818106134462 6.142355036920765 11.847129533766838 2.4017808949371915 1547033.0 697494.0 79.39867970738051 10.56422361273664 22.483465202633155 23.52919053401818 0.32671199242252685 0.0687396447072306 0.013472893128523131 0.06872130865156913 189.49008622741223 190.67079218217287 8.367234704263899 9.520278422904978 7.060757693338083 6.189961422527598 9.661765861715622 3.6314289601010636 1.8000224001792011 183.24646973920474 4.214325904846191 8.723403356078443 18.9208749111477 0.057003197061917685 0.057118969735792696 3.3018956865527427e+41 5.019677303606245e+41 2.9920414954627894 0.022656271404148647 2.9052196569342695e+41 12.948544632394068 0.03385340501760743 4.09025010035873e+41 165.86383079239488 163.09829537420933 88.99464828575206 66.21549526915615 35.544659074137186 751.8207918773218 0.7516821631255833 0.43045154894267007 0.155838279750408 0.13499955792560012 6.4442737350312794e+41 8.110154727576623e+41 0.8799772093233323 10.757516096665084 10.149142674182526 118.26624734813063 163.82525512232385 4.842002542203919e+57 1.9960131974149565e+58 1.0231445113588318e+42 3.948330296026669e+41 6.2831148213731755e+41 8.112785891071343e+41 3.8748532716309296e+41 4.237932618131547e+41 8.632121572965889e+41 2.317591485287667e+41 6.314530096569141e+41 2.8968117802223824e+56 1.847930672171144e+57
188 0.35873 9.686619328945003 10.000531623381752 10.435349941253662 8.9942186 4.02689384 3.8211139199999997 10.790629425974405 0.002978838928505761 0.005040827504121288 0.003360416787793735 0.19348882074412246 3.881948434347167 11.847325654931748 2.403643493779724 1277739.0 707828.0 67.98791715820492 16.492244290868673 21.29695430994561 26.792934206177925 0.2851977720568184 0.10103912936640476 0.012189439090268839 0.07827036740279951 250.34976832997586 211.94742307711374 8.71110833495624 9.625490663666788 7.51032988733847 6.74889356021062 9.7444407063874 3.654948977839026 1.7876118529255987 182.48945585499553 4.570362567901611 13.177984752129213 22.068860672832585 0.07978325328965798 0.06593924186921751 3.5124977485300124e+41 5.53052973012347e+41 4.101573695004856 0.028581376333111374 2.8084465722165557e+41 16.549414391979973 0.040625038701179075 4.8167937929009366e+41 166.7688000968367 146.96860855904504 100.91810438711305 32.11331013783239 35.68506262352226 243.31128757480218 0.6501281013240667 0.5543407743262567 0.07260645876746452 0.15456964404423623 1.356529682593715e+42 6.158868576833211e+41 0.6946043531483086 10.748683321276351 10.195824191345611 133.95998956594127 168.70842434510604 4.7648373675443756e+57 1.9217975578799016e+58 4.898797005824939e+41 1.709698451500989e+41 3.189098554960915e+41 6.158499069936863e+41 3.1683891690406208e+41 2.9901099012366804e+41 1.9455893954452785e+42 5.924614117683185e+41 1.3531279833347728e+42 2.0947358531851247e+56 1.5026428712696065e+57
189 0.36032 9.622408092440823 10.018071629778529 11.698964476585388 8.4478934 4.566128239999999 3.258874176 10.785220643126815 0.003000035293533031 0.005029159929357276 0.003453170197723002 0.1919344566885752 6.087715889707143 11.847432033397949 2.4042682797089974 1444013.0 723996.0 70.57249796603797 35.749832160354195 23.099718846159163 23.7896417343855 0.2974962897817575 0.2592567983014479 0.015131102392746258 0.06780234801445624 280.08885386307 185.13890032597158 8.691148851191755 9.614536563114017 7.470928270226672 6.716339984487719 9.78647519342286 3.6785065565023327 1.7753108348134994 181.9777272804215 4.350511074066162 31.473484761324066 19.377135276915244 0.2265325525574124 0.0564699080187085 1.6973574136760435e+42 4.828226058290738e+41 9.965395040872695 0.09932083403486484 1.4921591526984238e+42 14.707727565879297 0.03587881270216686 4.105264754494773e+41 165.78058516078622 48.83714515566167 87.33556367288541 25.55309234300243 50.08620120398016 124.08912486540704 0.26229130326727407 0.5377989713314976 0.059290459409136555 0.18226981391116578 1.4608244538876404e+42 9.494796180667547e+41 0.7337859299214513 10.738793854844069 10.22031402810678 128.25904331714275 165.27539510023576 5.1269760986704946e+57 1.9905128102140848e+58 3.3068018876740992e+41 1.0937625488263114e+41 2.2130393386454446e+41 9.502514488636185e+41 4.728441297994711e+41 4.7740731903291826e+41 1.269901064343801e+42 3.588993799197688e+41 9.110016841907731e+41 5.707761195714035e+56 2.2224925089396958e+57
190 0.36191 9.33905493255385 9.927213717729764 10.574803829193115 8.376066 3.6939909600000003 1.7336736959999999 10.792302378162503 0.0031841745735253163 0.005099119243607321 0.0036279293507372047 0.21854785520800768 7.4496394871671665 11.847523445311094 2.400437123693913 1605787.0 683151.0 77.06900170383359 37.68102266537942 23.710921516242294 19.803126826896413 0.3385357675322532 0.30516874503022 0.017808035517586862 0.058860249791124974 307.94269283561124 166.3971818496133 8.721645581623868 9.543108252938143 7.619351721599778 6.956440968019704 9.685240351184097 3.702101413055385 1.7631179022408885 182.3994034211033 4.119482517242432 32.83654023195572 16.11358703386375 0.2686369549238857 0.04880776447390464 2.1572808117185056e+42 3.807285774714323e+41 10.072974668233904 0.11701942260552632 1.8781705383379883e+42 13.1252448178493 0.031926795921226936 3.4458368547210366e+41 164.71970236149693 172.10608747512117 91.3655494364643 96.07785153504835 38.55140101584768 1198.4157736155705 0.8443068572896908 0.5674729002276366 0.2175259489145206 0.1146500137496863 1.935908705053453e+42 7.396209074093593e+41 0.625073522077261 10.740929263560794 10.186741591858507 106.24706598657806 161.92485091157621 5.3015511227749505e+57 2.0721721137503253e+58 1.5596709925319033e+42 6.444312342314496e+41 9.152397582555438e+41 7.401492369281767e+41 3.715476476239123e+41 3.686015893354514e+41 1.2434768326919112e+42 3.971194835941448e+41 8.463573503065451e+41 7.173091746401541e+56 3.044181375446985e+57
191 0.36349 9.795630939681606 10.068169213026481 35.13326930999756 27.9838208 13.04541536 5.012169472 10.774270509208993 0.0033300256170941678 0.005806654389245592 0.003598479494594378 0.18945074892930397 3.409264769689819 11.847762431695669 2.4054494973256286 1187271.0 723448.0 50.65333969455421 64.6579585880559 22.366234130276805 19.76947175211842 0.20514860150830436 0.550318238735774 0.016738763392701635 0.057302942491375186 190.6003141737195 198.9774126102501 9.045657264676281 9.63482602957837 7.93394058017522 7.28650338853201 9.84818418091395 3.7255845218153794 1.7511073206965806 181.0050858851254 4.591496467590332 57.02206018155388 15.696286809249862 0.4840906118464534 0.046653955000798684 3.7543212414727736e+42 3.2769407315861274e+41 26.949907278067005 0.2811366349114921 3.491942232461052e+42 12.013550699210517 0.02638067476763221 2.8549163469743513e+41 166.80863201947915 78.96833082890137 112.73919625487304 27.521769447289216 17.48184245233276 187.4682625759767 0.3654528809818225 0.8812672054885734 0.06857381906547295 0.10514011859846424 4.552016421928943e+42 2.6758499293443302e+41 0.3547383580292751 10.735884435067788 10.223496093628127 145.10694721121862 168.77873761217722 5.676444293569388e+57 2.000721113310117e+58 4.103363129370186e+41 1.3821987611674797e+41 2.7211643681197516e+41 2.6830702419256584e+41 1.4295190633876322e+41 1.2535511776777408e+41 4.522393010111233e+42 1.2248908054849396e+42 3.297502203325394e+42 7.7842047641364735e+56 2.784898789688274e+57
192 0.36508 9.809549148155648 9.962957139708559 32.31835603713989 39.007692 18.372854080000003 5.2499296 10.78755378081844 0.0035708250949520156 0.006224300978674323 0.0038923316855540998 0.1950336932184544 4.090457182942943 11.847906462901932 2.404865378813799 1349895.0 718839.0 39.08693387858248 116.37249412255518 23.619108917628694 16.851641863050602 0.1518252157457085 1.0869394058360402 0.020374396504454807 0.04831210911051968 178.37585666832285 180.8783463898244 8.848115878294323 9.548723409679038 7.821244228201633 7.202671280237352 9.728554222327572 3.7492528565054744 1.7391256710857892 180.76196989689194 4.539613246917725 103.72981776150613 13.300272409166531 0.9646589452821002 0.039111984517003116 7.614677614990007e+42 2.6662182091768927e+41 57.08769203947706 0.6298317777964749 7.075242535774905e+42 10.19747536977453 0.02144553332133715 2.2957797219218016e+41 166.45065204130552 68.87462660765978 433.5218311760403 130.9713626341129 67.41891144202707 1053.7877755307034 0.3186228077430267 2.699215521087489 0.2565342203610982 0.14192789601161315 1.0305894894803475e+43 1.0605600766330496e+42 0.2896983933128633 10.744097055866822 10.176687761302386 138.9906109469657 167.32544872026813 6.534348035752173e+57 2.295978049173649e+58 2.2610618748693844e+42 9.206431552562337e+41 1.3404187192843616e+42 1.0612968977672842e+42 5.671642069703866e+41 4.9413269060426816e+41 7.508451474019781e+42 1.8930557188244068e+42 5.615395756147087e+42 1.155552932104917e+57 4.674086625288157e+57
193 0.36667 9.286344796123396 9.352661797272832 0.5976219000294805 0.26801383749999996 4.356221148125 1.50204225175 10.841049206609808 0.0033795689932378577 0.006180788955491949 0.00433786829767247 0.21926693567011943 8.117047075061729 11.848844131825285 2.4084912204428974 1599626.0 656385.0 13.76067786646498 173.92712392087435 19.535214727111192 16.69497640282733 0.10015144941314923 1.4561383740230156 0.012543686218892767 0.05010560224060255 123.28835205475683 236.6034133036025 7.431808875819071 9.037562385352318 6.068238215492975 5.1624164950503495 8.98585602000582 3.7729576239735727 1.7272479341096898 179.81226465469035 5.264705181121826 167.14479033504966 12.84714832025456 1.3989995792943852 0.04035697511630117 1.2280143673364435e+43 2.1800105662617246e+41 84.63813003386568 0.8304067872546049 1.0926669078110562e+43 7.603571631718301 0.015631778566421464 1.5495102312304794e+41 167.69829864618816 9.913875486307319 77.07119989596335 23.1774455981311 12.794555677551097 134.37316517923776 0.08240105605826496 0.6230882267343218 0.07097269478602138 0.09467514014214112 4.7415579022056676e+42 1.9972715816095463e+41 0.2857656258390717 10.81912727063376 9.753293424763323 85.18361394808187 177.47266475264462 9.585273498123174e+57 3.075845970745832e+58 3.440227235113939e+41 1.4339625945604487e+41 2.006264639273853e+41 1.9986645407999504e+41 9.97050068173945e+40 1.0016144717112322e+41 1.3999545617186718e+42 6.988646311156244e+41 7.010899278648458e+41 2.364288439650599e+57 8.127501468214696e+57
194 0.36825 9.544825876342934 9.200349429321733 0.16459276527166367 0.16756957656250002 6.732053820000001 2.74115248 10.846438666268309 0.003410438112050485 0.005867250343559883 0.004471488181289332 0.21880959176161488 7.36554234195734 11.848978169682841 2.407865228560994 1006589.0 651976.0 10.425353428013649 69.48510380812812 20.308953171857723 14.089515532268761 0.05892261217106382 0.5635404786889421 0.013423135013253219 0.04267504367291128 124.89371508813365 220.51194565775157 7.196827121417658 8.795725617321883 5.5032047157633155 4.153267186680277 8.938306239991617 3.7965491163264846 1.7155465037338762 179.58317155030008 5.212846279144287 66.37204064327929 10.59530390660569 0.5385066418691036 0.03372538587815153 3.252005874694546e+42 1.6966330890237025e+41 19.1484097146944 0.21392275540999608 2.747625921329999e+42 5.98436050700207 0.011604299731706043 1.171071061806133e+41 167.22365109350778 14.968533051670486 32.96999373436843 27.601491752115106 10.22816639887778 181.39536783333475 0.09172598590921446 0.27341098338314196 0.08273214378332217 0.08564058642696877 1.3031149443928283e+42 1.6211791033322595e+41 0.6085114540400651 10.830892552296461 9.608014007340481 100.47110598572893 176.35447236712199 1.0690316157192595e+58 3.073539855615043e+58 4.8523370882046464e+41 1.9679050663456453e+41 2.8844320231696337e+41 1.621918073127091e+41 9.070830111775586e+40 7.148350627091807e+40 3.9460971006047136e+41 2.6153413796379396e+41 1.3307557229609232e+41 1.2795254389500436e+57 2.4877212033079493e+57
195 0.36984 9.443359997540874 9.125054578330612 0.18101000227034092 0.1449848296875 3.737300635 2.1400888599999996 10.850524280225851 0.0034098795991965086 0.005660976339118537 0.004494937272236022 0.22821313678867694 7.739802536336337 11.84907538694779 2.407618451080876 746308.0 646937.0 12.49658608976541 24.48782529756735 20.876374036903478 12.183368134539343 0.06255763069838956 0.17952834278823301 0.012819728701252227 0.03607577262311351 126.91303681179402 215.66671872317448 6.914391781096799 8.664628186957453 5.588521608178808 4.4580769609225515 8.904937264421488 3.8203256803368064 1.7038719446247024 179.26771056105434 5.306195259094238 22.06852730542384 8.94659078612635 0.16349559884319506 0.027850581649529745 5.659624899171862e+41 1.3774251649024176e+41 3.798808237061692 0.03880465406334268 4.358842239454819e+41 4.549424293195539 0.008102974510122173 8.936270011220373e+40 166.98293318974441 20.906071451664545 15.097227938926535 19.658104967769987 10.921908679719566 109.63809505868286 0.13253259956014588 0.12867311998000938 0.06841854356101706 0.0979377235206451 2.96199255026575e+41 3.326508792550236e+41 0.7262241202453474 10.836260280465444 9.5591705700261 93.66628928699596 176.50486781669832 1.0325239504781858e+58 2.786802389397742e+58 3.1066180210815096e+41 1.1877239520989942e+41 1.918894069260706e+41 3.3278481317285094e+41 1.6467675335190016e+41 1.6810805995820046e+41 1.0286500636002416e+41 5.886115353349015e+40 4.400385302646303e+40 4.949597968136114e+56 8.396280121335119e+56
196 0.37143 9.552824769421889 9.089813940987119 0.05183001980185509 0.054616335449218754 0.7259709799999999 2.75831552 10.85247202362562 0.0035146511319329547 0.005677058364338812 0.004495124458391859 0.22896040490393396 7.273955651939248 11.84916207588161 2.405911367955996 732818.0 651866.0 20.34434477397437 11.27029515486047 21.587156552263078 13.244187146749866 0.0949954878921355 0.08046041670476235 0.01338170255571918 0.04637678730318077 126.5879727257736 208.55819734260885 6.3489906265178835 8.692568465765733 4.844948786230009 -inf 8.833604536964291 3.8441378353400806 1.6922973373179335 179.25340300357811 5.370914459228516 10.202829351600927 10.109168209838828 0.07342681627139813 0.03842437042983827 1.7107951267860584e+41 3.5124228337593056e+41 1.5145843011689848 0.0146629005507654 1.2879742041396928e+41 6.244475154517364 0.022352236249245098 3.0913952399179075e+41 166.67017352402092 32.69254865523185 10.77709192095393 29.84738932076074 9.825398851295184 157.28786248874724 0.18570338040430454 0.10313880593803987 0.0790457939975627 0.1103467069448351 1.003695049226155e+41 5.884802914071892e+41 0.8583399722640229 10.83664512165038 9.57722846766033 99.79838195044435 175.7985277319623 9.612110875050742e+57 2.505560135846022e+58 4.500890503960305e+41 1.8996513905435246e+41 2.6012391137696906e+41 5.884162665984415e+41 3.009087019885483e+41 2.875075645456527e+41 3.0287892688855944e+40 2.1990712535229536e+40 8.297180106601721e+39 2.6146103029626125e+56 6.113721951225033e+56
197 0.37302 9.695111297965111 9.192076359460431 0.03156409412622452 0.07167459804687501 0.08369819749999999 3.8481747199999994 10.853312578252726 0.003575376258408232 0.005737764038067895 0.004466208733605537 0.22950520504825142 6.802668696014474 11.849645989980019 2.4074901681843004 741509.0 674936.0 29.35769422283237 4.959343258213128 22.112443015629164 17.56930310890252 0.13439452316552267 0.033875943382688845 0.013175302080659488 0.07066316530320174 120.82930612064519 208.12730901844392 6.547393433710393 8.809214414959811 4.56848865243163 4.15757722743998 8.929469411301563 3.867985300895938 1.6808214036780869 178.64562974984128 5.256985664367676 4.464800898914245 14.253363448411655 0.030603783917041084 0.06217676694437642 6.02815141138539e+40 7.630446978399663e+41 0.6541185871540791 0.0059102814981294655 4.1926697304579963e+40 10.99136454423891 0.049487633360703734 7.276366287904678e+41 166.08439915724102 27.70892956918269 2.6253165541630814 33.20174773526386 27.60346415750144 214.29369864690528 0.16187938310014385 0.058361777593718085 0.09198625187174096 0.18456744407035142 4.504590914492701e+40 1.604427230394441e+42 0.6498516320474778 10.836101501766406 9.636288707292033 108.7151431230512 174.91963539933744 8.90640624929591e+57 2.247532387722406e+58 5.770095697229914e+41 2.3034926809793046e+41 3.466603015413828e+41 1.6044224557536535e+42 8.75273893682216e+41 7.291485625615443e+41 3.278290685963738e+40 1.671654587607812e+40 1.6066360971500098e+40 1.4535626230832168e+56 6.616821553131874e+56
198 0.3746 9.64343175404296 9.377236874999296 0.10916697606444359 0.15617277499999999 0.10845069375 3.351790528 10.849011127540447 0.0036115280178115636 0.005379951210327556 0.004448207692497608 0.2195759483978761 7.065583866751366 11.849806009250749 2.4078845777284403 678287.0 721216.0 30.898495383004374 2.4160291503130904 23.84633767548195 27.837472574448494 0.149034512907127 0.015912246954669966 0.012389124116018717 0.12457085651813112 113.86319652862757 218.67256744084966 7.060065907202054 9.01826690631855 5.403478957182579 4.347225660786415 9.112562502935955 3.891717483675721 1.669514148424987 178.22038340923487 5.375763416290283 1.908952895404646 23.98626117353663 0.012886413271415608 0.11354851759582908 2.331708749848711e+40 1.4342787480721503e+42 0.2768490933354242 0.0023335198270797285 1.504778991467497e+40 21.231182570092802 0.10275949178730989 1.4035186524782632e+42 165.70445749015738 32.51121989813906 6.4953633572151706 37.322677946654096 37.49577410798228 189.94626675125178 0.17432472115677836 0.08199629738741901 0.09476835848053608 0.2407760743131502 3.470403392488059e+40 1.9879824005846235e+42 0.9038974101081217 10.832955078272832 9.694366353305147 103.99752072651498 175.23686955063772 8.118268689915895e+57 2.0336604778200575e+58 6.288167582673597e+41 2.2123806505052305e+41 4.075786933180156e+41 1.9873937278596867e+42 1.086151840757113e+42 9.01241887322083e+41 1.2898633139720036e+41 1.0191186545877708e+40 1.1879514477380352e+41 9.246485786297683e+55 6.953057612024475e+56
199 0.37619 9.560611459952451 9.400406616769475 0.20971667021512985 0.085678278125 0.09696860000000002 2.729140256 10.847484332034867 0.003653677976808085 0.005162593463814934 0.004432421263551792 0.21449179177804872 7.938207605663098 11.849931010607035 2.407553104151467 758632.0 748108.0 36.862063909936865 2.620274206921017 24.70742773464365 33.769728780821076 0.1781028292504364 0.014832319881727365 0.01125851349073042 0.17063530255316597 109.30321150027676 225.87418416993455 7.059541011590092 9.111535581543482 5.591684547747191 4.705443308722516 9.073022692157817 3.9156345128285848 1.6582312129509025 177.9368402461254 5.579923152923584 1.6178924219938884 29.444794803117308 0.00963467123397505 0.1563301092509698 9.242330949861479e+39 1.5599469890049373e+42 0.09146814774915889 0.000725098961279975 3.554853828497848e+39 27.109664471718784 0.1446428711281667 1.5333381733040963e+42 165.3343931183249 56.13650865941036 8.355014019647102 22.502178184987645 33.30919480938192 135.2735546258711 0.3240433173663653 0.08064566011307442 0.0896640931888028 0.22071557590536126 2.7233997359871125e+40 1.386912071609665e+42 0.9524077196927112 10.828087394771373 9.747312696236026 95.3307440055291 175.81655102131495 7.480331267432975e+57 1.842875202734494e+58 3.16413607444448e+41 1.6410914589974651e+41 1.523044615293759e+41 1.3868829667842122e+42 7.37599904260941e+41 6.492830626698012e+41 1.2343670329270242e+40 2.5331478050437268e+39 9.810522535057288e+39 6.411721045021616e+55 9.492653342129087e+56
200 0.37778 9.770198685477986 9.661341437496505 6.928134700283408 3.218329675 0.8424781124999999 4.3133696 10.831427544822757 0.0036117125879490193 0.005361184521685922 0.004434362834357707 0.18861496663069102 5.611517833159827 11.850069955899864 2.4070663232617457 605722.0 769440.0 37.411274978138074 1.4519485315616425 23.96197544781813 37.16044523004591 0.18593476039523482 0.011382102855039891 0.010939106293262614 0.17631418289475267 112.32365581439251 216.32049853232735 8.249814443115245 9.332599271807334 7.391181615242797 6.992575834158125 9.377091860716694 3.939586015218875 1.647043252686749 177.68995590310456 5.444220542907715 0.9660684936851122 32.154444023352966 0.008074230204910562 0.16063691136288835 5.186337381057121e+40 1.4027510384566332e+42 0.3640719429078954 0.00466129435462229 4.654965235409647e+40 29.930959083492233 0.14828209650639423 1.3783991863786073e+42 164.70021852110466 38.27487803183806 2.3451134848067734 26.355664255947364 41.100054315141755 147.93153652558414 0.24424062901307494 0.06966696819556008 0.09644896205947964 0.26848292267716056 6.67490597920188e+40 1.5731022637909944e+42 0.10537974683544304 10.817662251212434 9.82615613232026 118.18164692251702 174.2719224576417 7.150467808258748e+57 1.748833101587666e+58 4.208586805597273e+41 1.3751205802252599e+41 2.8334662262951585e+41 1.573134774931766e+42 8.581647638597845e+41 7.149700108674686e+41 1.831695846681743e+41 4.349545314354167e+40 1.396741316458906e+41 5.570893186255289e+55 7.5822639850463055e+56
201 0.37936 9.79222238420316 9.715271483658874 7.1331627368927 2.7908197875000003 1.5731771374999999 4.490187560000001 10.824229203025634 0.0036429052105380407 0.005650824062535158 0.004464399384485662 0.17554595917685223 5.344208299409152 11.85019051390393 2.4068360626753096 611357.0 803588.0 36.57723374343587 8.052364825660678 22.49740138040508 42.3609328369573 0.18540404552986378 0.06853113809338965 0.009699545589535133 0.193087546940425 108.27936000865473 203.82475729178094 8.389636324834552 9.407291510202352 7.436550801203306 6.990443555205968 9.399507081001616 3.9634207521960567 1.6360185575706456 177.39117144489745 5.397802352905273 6.10883955771777 36.46779489688979 0.054656704355693204 0.17466797606339973 5.141013462351051e+41 1.3480733224684842e+42 2.8738939988454586 0.03218408411521165 4.7888129062539235e+41 34.18126893543123 0.1584333361431973 1.3232531215481884e+42 164.2622020809071 49.31706558093887 11.517331890994855 18.51421530324569 49.6418240735237 136.0355226982494 0.3144100932681448 0.1226541922821682 0.09940502973669339 0.25435234759202036 3.07947621142665e+41 1.4621619567813126e+42 0.6317343784499889 10.808860899927057 9.875686891947959 120.73210510792788 173.45139204435193 6.865629823415657e+57 1.7363967575943932e+58 2.7397185119094195e+41 1.686707601011324e+41 1.0530109115141905e+41 1.462218338967641e+42 8.325488770203692e+41 6.296694619008658e+41 4.430462849541378e+41 1.4614019657013355e+41 2.9690608808255857e+41 1.9123161376961834e+56 9.678272539483118e+56
202 0.38095 9.832857361137323 9.762554011513622 1.3953138589859009 6.065677000000001 2.95011488 4.912573952 10.814188120918683 0.003682947323048431 0.006085492861964215 0.004493704861156271 0.17117277770520833 3.4979682155520906 11.85033985458348 2.405668339381317 634997.0 845940.0 36.9891615774314 16.808576556260952 21.789437880603472 45.02508145402004 0.18710089501483884 0.15071839374818638 0.009578319175165346 0.1937380184184819 113.21072244498595 202.46821896337832 8.201370530480602 9.454299343563347 6.725456826384748 6.22260204743538 9.436115388139285 3.9874401521903975 1.6250164063525396 177.28921336350444 5.192226409912109 13.66110027340634 38.410342196704654 0.12505463014544219 0.17398162239117715 1.2950080760291092e+42 1.257711108678482e+42 7.91757986032248 0.0833718892317814 1.2341028099898145e+42 35.82888033710906 0.15581141357916373 1.2310122009161338e+42 163.4756863002225 84.4463796664536 142.60886694346587 125.67988569472965 99.91641711756738 703.1175325622706 0.37001139907327696 0.9209018168050873 0.20339533760108022 0.4648932202008842 2.1311509171257346e+42 2.2792685388136067e+42 0.6488129287495251 10.79710862027004 9.919200726027588 127.95847598303514 170.95293477274876 6.249483701173867e+57 1.6907134095244997e+58 2.385809842549121e+42 1.0085631054676384e+42 1.3772467371086008e+42 2.279987341227483e+42 1.413863142766988e+42 8.661241980685437e+41 2.107711786388657e+42 5.845158013333312e+41 1.5231959849935282e+42 3.749080821251081e+56 1.3085837813353301e+57
203 0.38254 8.866949615689927 9.390848920403366 0.5512687675654888 0.710313425 0.550564585 0.47733182399999996 10.83944220301208 0.003416288276218873 0.0051528151436160425 0.004508804997367947 0.19669629055912857 8.53250542076538 11.850832053129063 2.4068166667357818 1064821.0 801249.0 35.26724581228788 15.667710522811404 21.14905545957033 37.72493221748624 0.18701201610115278 0.09473404105739176 0.007075535684584225 0.18382421172510902 92.86376346858755 192.75639207735628 7.6432727302550285 9.067857442151498 6.125216627906491 5.2863155281867025 9.048022664897937 4.011493191498246 1.6141057144350919 176.78679025629333 5.487884044647217 13.420336642285132 31.724205821515962 0.08188058992308253 0.16189445657588764 3.170263399486227e+41 8.384337146349451e+41 2.067730254248124 0.017976618802661066 2.262900726290738e+41 28.139419979292107 0.1277121033759819 8.033227359667826e+41 163.56748781167715 57.91342898520013 8.37581573641197 22.35745732811667 30.471560745499925 111.08444606264014 0.35110267512959514 0.0983254670767148 0.11275842187466319 0.2514661674197905 2.9252549520259794e+41 6.999119660035878e+41 0.375640927527359 10.81094173912589 9.835579138944974 70.52711926043567 173.62582835848113 5.7588217280595135e+57 1.5801087178984355e+58 3.191194899282393e+41 1.1886806056462045e+41 2.0025142942132938e+41 6.999278655053145e+41 3.989272315851402e+41 3.010006339826193e+41 2.3123633108936263e+41 6.636096620260475e+40 1.6487536491097402e+41 2.602046642389421e+56 1.4068113659050764e+57
204 0.38413 9.27452033937937 9.462561630794141 0.6197407394647598 0.736681975 2.13403568 1.3777940800000001 10.83522321574446 0.0038828884234380664 0.00530984286685695 0.004490787778474532 0.2030088428338665 8.629406061230462 11.850959375389149 2.4064868031602615 1116808.0 793836.0 40.05268898129301 16.751117760642526 20.099462590897655 35.618200311783625 0.21657763914912304 0.09895702526063735 0.007161872148752401 0.17439045658587998 94.98104718115955 191.93510286176706 7.647204892435446 9.127505201774023 6.195715552581065 5.409496095694762 9.135994987576042 4.035579592324561 1.6032853461067864 176.51341502850528 5.388299942016602 13.784831608608014 29.574304060623454 0.08231528939038951 0.15201551181228823 2.8138088417020657e+41 6.716630704468409e+41 2.7599625051896393 0.018038671170407364 1.9816049860031644e+41 24.821761727237575 0.10909070540645803 6.2716238943010745e+41 163.09914891009615 48.50674529153131 9.553917723622185 22.463429113380506 28.85244068596726 108.65296839518763 0.3181890514846797 0.10742410477661207 0.11279830040579758 0.25276481173230314 2.5807414568345764e+41 5.578888132158263e+41 0.4567156172466975 10.801311420285147 9.905302313068255 80.88935905303441 172.72151670697917 5.201980169839632e+57 1.5247902189764485e+58 3.3432345874434496e+41 1.1733491514463812e+41 2.1698854353769443e+41 5.579704981019306e+41 3.0586449559267895e+41 2.521060023847206e+41 2.526259690645001e+41 1.0128852220647853e+41 1.5133744650662662e+41 2.3175116597115347e+56 1.516341141370582e+57
205 0.38571 9.479226025205532 9.505155763083879 0.7811505496501923 0.38390751250000005 1.81900172 2.1745360639999998 10.832162437664543 0.0038722229759383144 0.005409589350519851 0.004466571839923604 0.2038904459496833 8.550094637532533 11.851113681787536 2.406100835879961 1183136.0 784572.0 44.870149078377814 15.976636329157701 18.672088366684594 33.03117673911591 0.2519555281548269 0.09409471296462138 0.007079303194866198 0.16773923334459984 100.40552759423002 192.07052093759228 7.750988260322029 9.173767295535143 6.334170795810137 5.563084796799607 9.195459624800261 4.059547279577936 1.5926213994970313 176.2611170158649 5.253588676452637 11.397200511003405 27.065165582282912 0.06659210248198386 0.14473773880366136 1.5742491300060707e+41 5.253917368849324e+41 1.4802020261477178 0.009540632013678538 9.345664453178094e+40 20.70919124083222 0.09054047234922592 4.695772635533318e+41 162.63421097613772 57.473076351334306 8.824458282552836 19.026842748633605 26.248209855742015 122.22134355633344 0.3963095973222333 0.10009258381163261 0.1207518853026933 0.21627683283429874 8.733662009762447e+40 4.638022060324051e+41 0.7824359157955033 10.793653799405789 9.952568702499537 88.69622657774923 171.92034202774047 4.7223692523166844e+57 1.4717017162343733e+58 2.685133499808789e+41 1.2623810316104276e+41 1.4227524683676064e+41 4.638628360613964e+41 2.691351081782517e+41 1.947277278606351e+41 8.490858512582442e+40 3.2378153408831286e+40 5.253043175008107e+40 1.82059555726466e+56 1.5428947811682704e+57
206 0.3873 9.755926841724795 9.781196650526459 4.933814339339733 3.1507184734375 1.7142819428125 3.9804768889999997 10.812011666366255 0.0038038181419980206 0.005978922496629228 0.004376459244413536 0.1918185140469381 7.415494258104257 11.851282745621166 2.405729109275925 912340.0 778428.0 41.22773505793688 8.783213996619496 18.057491477066595 29.88271494808695 0.22868566616442335 0.05088466120847573 0.007483660342418096 0.1538390514877398 105.56712684116904 187.73909207165687 8.385772966451174 9.389584026887427 7.169779025728102 6.709380471467117 9.543705782318337 4.08369936613205 1.581977794990963 176.0084887822584 5.211264133453369 6.215310828646574 24.099100169584798 0.0345835888373007 0.13140516236383318 6.70783133439016e+40 4.078464152299218e+41 0.5372795197049123 0.0033137935833575227 3.135196682545829e+40 16.494799690556558 0.06749975331575009 3.4474117293350397e+41 162.20651636168208 73.14206563705028 26.153989476567983 24.365999085728628 36.28072271673878 183.5182050620446 0.4921378050558174 0.18505610571634332 0.1520228426034968 0.20689531636475586 1.7183939674371632e+41 5.982580273879992e+41 0.9067277210285312 10.783935674030609 10.004447110031519 115.1015605435263 171.26603221626075 4.24801877706705e+57 1.4330172816038873e+58 3.2751596145481342e+41 2.0845325630059052e+41 1.1906270505427243e+41 5.984364026574024e+41 3.606438929129947e+41 2.377925096734521e+41 1.760226402146093e+41 2.6792393057053906e+40 1.4923024715725324e+41 1.2425033268254375e+56 1.2651426327062065e+57
207 0.38889 9.866628903612302 9.905398242434217 19.292876720428467 9.998875 3.6171684799999997 4.849237504 10.794991194270773 0.003751764269032305 0.0065776516353594 0.0042955733307399055 0.17460783771301996 4.1636340509817495 11.85150661033264 2.405094252166888 782634.0 768308.0 42.422392342154296 2.9978714546934806 17.63356484141668 26.668854385553907 0.2248950329355201 0.017372381386713112 0.008322491903479456 0.13618760041928976 112.01924066751545 182.33465764431585 8.731227062435693 9.516337956005756 7.738721227269528 7.381713092283947 9.660712445875113 4.107883984881283 1.5714212245107868 175.82204845931233 5.154104232788086 2.5425785081568066 21.263735306692208 0.014534047474599528 0.11524506139427453 3.6895769731575617e+40 3.314932747052766e+41 0.2913452796251586 0.002201179200593595 2.3203406609838483e+40 13.433711001260578 0.049626611825399784 2.6937601251224602e+41 161.6657357182045 41.476061462107 3.1705854702117535 26.89670021240894 20.980475193061853 148.3685285580468 0.27239517070588926 0.08996223570045403 0.11720642206901405 0.21191879780233286 9.459006637041096e+40 2.719645448718245e+41 0.536713678083725 10.77343277171859 10.04388122102657 136.15197086195226 170.0787327749685 3.847380093457185e+57 1.4160885339793451e+58 4.3230591264858165e+41 1.657967279656094e+41 2.6650918472130413e+41 2.7217886445902026e+41 1.531710171415911e+41 1.1900784744222162e+41 2.4785621133412733e+41 1.076074523815375e+41 1.4024875929691593e+41 8.94691589213671e+55 1.1805072215008422e+57
208 0.39048 9.883726677293321 9.932172826677743 10.173473596572876 13.206405 6.2990208 4.92748032 10.790393034284019 0.0038568455269482 0.007273745849573617 0.00424816415704896 0.17317966650579866 4.680155673408794 11.851753859762209 2.404901909246301 803448.0 743748.0 42.80138489460325 7.230011028876684 16.661978514934212 23.200046897902794 0.22452977930884027 0.05870178721004464 0.008236615455570783 0.12035570808608359 110.87922867545433 181.7171391194987 8.568344313574327 9.600733919656463 7.3812558695209916 6.977197496135497 9.624161623788096 4.132100859584671 1.5609506248719525 175.55254196073776 5.11846399307251 4.209768872317724 18.2006313755525 0.032912087990328166 0.10019762327768543 3.1342580838134945e+41 2.5914894190275194e+41 2.4242924020776244 0.022083939422961378 2.9704882800746093e+41 9.609765095017293 0.03233851643610477 1.97528612227111e+41 161.31080382146644 57.75463327249421 16.62905944775442 18.22918815607173 18.861652596410906 126.84249719286636 0.37704251485048534 0.1961587791185121 0.12279117824561063 0.1719311936977817 9.617943194147933e+41 2.677621003351657e+41 0.3394940689976509 10.76751159931169 10.06898179165933 138.4481915370975 169.85292492737406 3.698268143451937e+57 1.4217493656673335e+58 2.4031542482393143e+41 1.2255068206478211e+41 1.1776474276222784e+41 2.679861635041245e+41 1.5467681097384e+41 1.1330935227192992e+41 2.101183036910003e+42 9.025306772686839e+41 1.198652358000618e+42 1.83090847902393e+56 1.469138690288459e+57
209 0.39206 9.896548678531142 9.903480016707322 2.864066183567047 9.854769899999999 7.916404 4.910766144 10.79268562003854 0.003924706469293024 0.007639814779217169 0.004324689091629517 0.17915283269503446 4.015979188700495 11.852005317756465 2.4046778075399704 989068.0 730926.0 42.69862343466709 35.953594895277035 16.863276639240418 20.321471789375426 0.22576605268026595 0.34064586088542625 0.00890991764728049 0.10642459197390987 107.27600299862341 188.28716287584248 8.340286383760384 9.545938265825882 6.8565038022867215 6.22022686915892 9.620642345826793 4.156197106514025 1.550630005611386 175.2943957557439 5.0886149406433105 25.473362255624988 15.70170972206622 0.24240480393291441 0.08741581892104411 1.3236138111749018e+42 2.0526442467784856e+41 14.637631572464336 0.1521128467741996 1.2042247657841004e+42 7.476998907966952 0.024932332317994823 1.5037742580471348e+41 160.78193561349948 43.12531748223698 70.03399690195421 36.67025150601463 22.534888738137692 190.04847759594935 0.26384778396070235 0.6601119806521142 0.13358904313974054 0.21313187038919507 2.5062212588690398e+42 2.2840014032946873e+41 0.25714829914696585 10.759742354647333 10.098273141183517 140.87227586396284 169.42978803239896 3.895575770136971e+57 1.49869764912463e+58 5.454717125446973e+41 2.354204587199312e+41 3.100512537541427e+41 2.293176509842827e+41 1.4296288157806326e+41 8.63547693726555e+40 3.477773228885008e+42 1.0755858626498268e+42 2.4021873649127124e+42 4.837306450583989e+56 2.314294067306635e+57
210 0.39365 9.887783180845627 9.687542744272124 0.6024165600538254 0.744956175 6.5393379199999995 4.74124704 10.815411154693832 0.003912702327783056 0.007156534781516256 0.004540483334463194 0.1937299582584964 5.268774112857089 11.852543418326816 2.404543778442248 1446567.0 713083.0 32.88041331183824 84.50060831514632 16.511260574115052 17.859007764415907 0.18216023663200237 0.7231502156055037 0.00856146567380797 0.09421102589458791 99.7837853295748 187.89603950455538 7.62973266638662 9.348203605710786 6.358231855581847 5.960642659026944 9.389035712638947 4.180477467446085 1.5403277022735935 175.0754440151831 5.176722526550293 74.54651954489115 13.53916764943082 0.6392311378661265 0.07580663857306567 1.8529164265569037e+42 1.6405660554604349e+41 22.652918902715772 0.21020484800017478 1.3034227196356853e+42 5.885032781003242 0.020473119569835878 1.1888020596279514e+41 160.5728157906169 31.686055312796984 86.52972067472926 22.165405039058914 13.545950441095036 135.22590146005396 0.2337968409225159 0.7564790212728854 0.12025507021787839 0.17406480138541877 1.6701566960335085e+42 1.6358816643565129e+41 0.5139699143110698 10.766243769848948 10.07437018057193 134.11976397164085 169.79937268387192 4.179969010482239e+57 1.622278168915064e+58 3.1343431834254537e+41 1.3829974572690904e+41 1.7513457276368795e+41 1.6424338306763555e+41 9.463443276193954e+40 6.960895040232978e+40 5.947207181288517e+41 2.691718435798112e+41 3.2554887462532575e+41 5.8734060206925665e+56 3.1604497956410535e+57
211 0.39524 9.876574185907739 9.682919172492666 0.34621505439281464 0.39826371166992186 4.59625168 4.580658896 10.816287806130873 0.003936795770853897 0.006861275828157194 0.004609326295292127 0.2065833448211616 5.288689686352505 11.852653737841054 2.404431649605778 1436505.0 704454.0 34.74038201531547 52.15057951802486 16.460607043214765 16.38853977470277 0.1957585537464753 0.4336958526048549 0.008901234411268914 0.08665288057960054 96.85420550512654 193.7811787292433 7.464996719970275 9.275148833028627 5.773669150440705 5.111239849795057 9.446946921608193 4.204789259720455 1.5301082886347537 174.76768888874943 5.190616607666016 48.653368616349965 12.25890947572127 0.40549922102292063 0.06868082994192123 5.802135020088649e+41 1.4801736437512894e+41 4.606121356086754 0.04344047750389933 2.5846810486932782e+41 5.409326426169861 0.019656200350697747 1.108700677613036e+41 160.1636775843198 45.49452055585132 36.759562650719595 18.433320316763 13.94065086148596 108.67396100888791 0.31808429234373176 0.3550034099430773 0.12382012483794806 0.1628342701847248 4.020132344761399e+41 1.788761207463491e+41 0.8433213995399437 10.776812646212461 10.021613037902258 132.37763826757143 169.7113956756353 4.303882684393992e+57 1.6479711339074868e+58 2.3128415224075817e+41 1.093147882060775e+41 1.2196936406670346e+41 1.7927235139859962e+41 1.0810366376901211e+41 7.116868760161899e+40 1.6669869377537007e+41 8.871244102120026e+40 7.798625295125871e+40 2.6028715358793386e+56 2.1441025069778393e+57
212 0.39682 9.873544316887802 9.764380120658215 1.3218506276607513 0.9041282125 2.0391248799999997 4.576338048 10.810260545999355 0.00397901946629652 0.006701922449652569 0.004610510677788142 0.21306770617198675 4.6335407128893 11.852821335122204 2.4037118735356673 1338403.0 698651.0 43.099070622741884 24.937411353073088 16.513219659891217 15.0210648831382 0.242169747958977 0.2013778834133505 0.009399558527333561 0.07854318299710941 97.51685835318598 216.8882599422479 7.835756801105723 9.34181392624784 6.464170159677175 5.8893756510442685 9.547090358135177 4.228979011592211 1.5200342724661056 174.59769212819342 5.313066482543945 23.19921388724866 11.062900908714441 0.18820608552299595 0.0613480250027251 1.8116864998780282e+41 1.3040627928375575e+41 1.0813937761179284 0.011939876056096463 8.00901682262227e+40 4.957283317218095 0.01815109980097479 9.872283993738954e+40 159.57292124271297 55.64973055217502 23.247411976403345 19.116129206285027 14.050201193793614 115.71371060228256 0.3872590795406309 0.2476125863446072 0.12043295653122267 0.16629421115847332 1.2990705660317978e+41 1.7085630317763066e+41 0.9505830246196328 10.775967671135524 10.03010545642804 133.06278999887786 169.716146965906 4.1462109441556195e+57 1.5851085888829267e+58 2.5904236314482377e+41 1.2084313629537698e+41 1.3819922680184672e+41 1.7106840286030332e+41 1.0561966776498957e+41 6.544873506826231e+40 7.788720136824756e+40 3.1032012205255433e+40 4.685518920924782e+40 1.5041127451033938e+56 1.8042867968420254e+57
213 0.39841 9.862265904338198 9.849526172003271 3.4904541671276093 1.824766125 0.862121245 4.499302456000001 10.80234441435433 0.004038501580393906 0.0066447892564506375 0.004572831071018924 0.2194364743719964 3.684075008287775 11.852998414296762 2.402795178540549 1253225.0 689750.0 51.327460499909726 11.431783798829084 16.404109909221805 13.5956247141657 0.28022898396151175 0.08757310216797838 0.009929588045083194 0.07039960761385376 97.934407492686 239.97137365514328 8.318008267942542 9.422678736708985 7.12311942970612 6.752213213060815 9.638310004705083 4.25335264964724 1.5099771592078515 174.46850794042115 5.406839370727539 10.241084902693828 9.82031702409766 0.0786786306892817 0.05394093961326917 6.613165813784844e+40 1.0992143406600555e+41 0.4935752676793762 0.004642933954164773 2.7069994211003103e+40 4.315635292974322 0.015115727443925657 8.136515615282997e+40 158.87668455766013 78.41634264953072 34.37118622217325 35.00718878585376 17.78381701043978 183.5497207558435 0.490502778172129 0.28558575189716523 0.1430683604876321 0.18600825910794744 2.667342528765678e+41 1.622012308681925e+41 0.9419165122929444 10.770987373267428 10.060342278530598 133.1910923956796 169.60615610975367 3.8795350184764515e+57 1.4944681298284324e+58 4.6346164349039e+41 2.3433933889171902e+41 2.291223046330124e+41 1.6255752576642862e+41 1.0885893455124018e+41 5.369859107754985e+40 5.0842984608970215e+41 6.467738106193564e+40 4.437524650546849e+41 1.0367931310389527e+56 1.7734666513786666e+57
214 0.4 9.884040820065442 9.867950398933278 10.851014882326126 9.87391864140625 2.917177755625 4.6738712815 10.801566763582858 0.004079850616952074 0.006887168897613884 0.00453779808896038 0.2164327766296847 4.0969507969507974 11.853093868211038 2.4025112219320572 1300421.0 680121.0 56.279983673720224 9.375595965295982 16.248956743586735 11.97473700334506 0.32140886268092717 0.08976152045810155 0.01025655403767637 0.06244338452244992 102.88699199865975 247.25080419561235 8.566059332151848 9.502403993050937 7.485078836374624 7.038575526076185 9.609461616085579 4.277756898051284 1.5 174.1974815275153 5.7153120040893555 7.571173040306404 8.433879438178712 0.07422019722024087 0.04668795440371919 4.941482032805565e+41 8.995064245126166e+40 2.1436599495275033 0.03510127590119217 4.418573862288356e+41 3.5898742964260277 0.012605563923125994 6.49169369968002e+40 158.55090525624644 54.00276083710926 9.615954404340584 18.32414134863511 9.991742525573695 104.35548090639365 0.38582342756564336 0.17247935346692023 0.11780384290005493 0.15139191020665094 5.906665007710126e+41 1.0575053205208962e+41 0.49343096380898993 10.765880191073517 10.092494823283646 135.19413257348748 170.37028681332595 3.7182433531761464e+57 1.4829838795360574e+58 2.368418783278084e+41 1.1640673542649874e+41 1.2043514287091977e+41 1.0665595879161968e+41 6.765062333600412e+40 3.9005335476087457e+40 6.986849478776536e+41 2.4163996301523912e+41 4.570449843693502e+41 1.8234422883904714e+56 2.3746129321996397e+57
215 0.40159 9.90378605807047 9.913278458144577 3.556382954120636 8.6296728 4.85927328 4.809482112 10.79587793072432 0.00414361650273602 0.007348756702560202 0.0045345673868187435 0.20907573348694172 3.5606062199769 11.853297722222628 2.401331796106782 1332128.0 669563.0 57.08919067449388 15.934166947879136 16.36772860456184 10.590045440009138 0.33537919689414125 0.14504774879665633 0.011161940728134435 0.05482363440293199 102.0798227716411 265.2276236322455 8.337271006251736 9.577023078817358 6.949379923820305 6.358185651655347 9.60363425592065 4.3021914833856005 1.490101845165467 174.12938353662895 5.951013088226318 13.195104746306747 7.262956887276098 0.12096959990711888 0.039965417125826866 7.064906873344467e+41 7.438781780897258e+40 5.512328749146783 0.06631548780433344 6.150909250057569e+41 2.930159163729985 0.009900302330819954 5.150052356240123e+40 157.8109046443236 78.08767540402924 46.464582763202266 29.48525243534888 11.957514811549576 175.60019829727847 0.5358703528414785 0.39204893243365524 0.13726367690548422 0.15359594196932647 1.297123120174233e+42 1.0635387282766229e+41 0.739329176203677 10.759005787193841 10.123106121461083 138.34363918257958 170.60675469473517 3.793584667080554e+57 1.5335868445595963e+58 3.563299015881706e+41 1.8882786392367686e+41 1.6750203754355912e+41 1.069790597030384e+41 6.883679018869137e+40 3.8142269586703395e+40 3.149813033256563e+42 9.213971604274938e+41 2.22841587178114e+42 2.0996399748271137e+56 2.5798185113705885e+57
216 0.40317 9.915370181860293 9.853494888094398 2.973760485649109 3.54119905 5.14909648 4.769731584 10.805383543711542 0.004128815712530399 0.007289606514715836 0.004621975673425629 0.20591098351484444 4.357431247202587 11.853447732347597 2.4010935607316224 1635606.0 662586.0 54.5115735227847 54.06988919402146 16.322508914820684 9.14977561679423 0.33232101336473674 0.4510128215708123 0.011667493482470277 0.04635375314539635 103.54648272044626 268.1783888074169 8.26737661072243 9.471428809096508 6.911114783327573 6.316433922360643 9.602185272425844 4.326502173549485 1.4803432795098845 173.86554485895545 6.231766223907471 43.239849678313306 6.042417973723778 0.3632980815207676 0.03265339761850219 1.508827823888999e+42 5.991885617536412e+40 16.03827518922042 0.1420216705475967 1.099282948351405e+42 2.3194823163690925 0.007763717184935586 3.990530487937598e+40 157.45525906518233 53.67146833933921 55.78417778670141 19.7514395999829 8.700806831045961 115.44130070739165 0.3897029673682794 0.5427078191877934 0.12090784292168585 0.14078287649942178 1.547009434014288e+42 9.299980970900155e+40 0.43945089159354656 10.756164412924154 10.14555026743589 138.1908861792961 170.913977988817 4.135537522293675e+57 1.655537215947508e+58 2.4384377543914886e+41 1.3221678386479597e+41 1.116269914187916e+41 9.408070793598834e+40 6.1974640110449935e+40 3.210606788458355e+40 1.134282450659123e+42 3.789184993192667e+41 7.553639508243582e+41 6.090850626153077e+56 3.985971548842675e+57
217 0.40476 9.918650162457192 9.810330984920547 5.41508162021637 3.2542625 5.281553120000001 4.5902975360000005 10.811008335201928 0.004136263338109661 0.007091158613613886 0.004702285279361767 0.21629333192022485 4.734919635723415 11.85351188270953 2.399863466038268 1812340.0 650986.0 52.34502814825054 54.5645842178063 16.84982859988583 8.240990026376858 0.3228324143988701 0.4610167642386702 0.013204848398935288 0.041597905474362915 108.63860964448767 259.9745207462845 8.428634418368459 9.361210592309424 7.1262833756184705 6.6837650125872505 9.604774834207081 4.35099642764129 1.4705998616464075 173.7824673921487 6.5437331199646 49.02782868678181 5.418955121391894 0.4166900740206224 0.02905100180760314 1.288797935287157e+42 5.69066842801262e+40 8.813330201747744 0.09235188947789276 8.954198999989765e+41 2.061972976115888 0.007228336107685248 3.86139179040322e+40 156.8550532973597 50.84954394638978 55.98859279318442 19.96288547978605 7.829470248143978 116.10664171744307 0.38403547873707294 0.5204834366236037 0.12356775427058246 0.13480958318548603 1.0098539444943948e+42 9.930449440658274e+40 0.7027216256938493 10.758345908087524 10.141503656146066 137.1268646426611 171.08516278940291 4.17659087652609e+57 1.695517689920545e+58 2.3520703161208368e+41 1.2245502581276323e+41 1.1275200572112757e+41 9.965983719638834e+40 5.580908210803508e+40 4.385075513051562e+40 7.417520315001528e+41 2.805129512144925e+41 4.612390801649085e+41 5.228237781964333e+56 3.671656503964167e+57
218 0.40635 9.933596606965397 9.845093362513413 4.0729886293411255 3.4874395 4.1671516 4.4658661120000005 10.808627287961906 0.004103099627599579 0.0071776907343514065 0.004710748048973361 0.21672733370052763 5.178795842342343 11.853563889561128 2.399064500283557 1799166.0 648703.0 51.22769374004712 39.253186072862036 17.033690599277843 7.974061801963804 0.32028574428917156 0.327875331778172 0.014089302544212713 0.041646431795832356 112.06379207496931 251.21412404429012 8.389333594003675 9.399981924495629 6.98672084719451 6.42438964404975 9.638315181604 4.375520202630055 1.4609326934908329 173.61214664416858 6.871578216552734 33.433922912796106 5.325399463335559 0.2829913358970362 0.029839428851679457 7.97069970165158e+41 6.9216641963692845e+40 5.499823267502598 0.060776711325332904 5.803534004748692e+41 2.3738503825575084 0.011043742245661603 5.297501513142221e+40 156.36244569278955 49.02297694316549 28.970881792120643 22.73012963793318 7.2840045404162215 142.9680036120119 0.36889667928606756 0.3066846157514886 0.12300117247356253 0.13397722186732888 5.80237654092737e+41 9.965004647813386e+40 0.7412020022465293 10.761461190149461 10.13429382349537 140.08945726843078 171.3131472530124 4.2199329006345535e+57 1.6961881763629644e+58 2.7176792641710017e+41 1.4481360903639677e+41 1.2695431740956371e+41 1.0030326564670088e+41 5.583656545545599e+40 4.446670012771392e+40 4.7944614304344004e+41 1.7434324287502247e+41 3.051029002619404e+41 4.617387191860789e+56 3.444703673722834e+57
219 0.40794 9.947551535978548 9.87298199782446 2.8553402423858643 2.147319775 2.6439557600000003 4.4083459199999995 10.807501794204716 0.00404221288566331 0.007345782845363846 0.004702465257304075 0.2224632227060186 5.68049169881882 11.854171907478287 2.398686699358932 1837511.0 645415.0 54.22831538726499 27.870190102614327 16.68815967928166 7.701778737575487 0.3342778460870606 0.2320610467417786 0.014698180624670537 0.03940834890311703 103.9053536998681 241.07631635961025 8.310621738113047 9.432195258619322 6.782325133393963 6.134658008898431 9.6640177313574 4.400073226781206 1.4513408834632542 173.4702493207657 7.161065101623535 25.324905772617047 5.186289969980177 0.20947983265438708 0.02856377097693338 7.436747358272098e+41 7.142189646470329e+40 4.677036285868236 0.05022073704338314 5.7280530226533126e+41 2.716973821782623 0.013469960438562788 5.774197860098191e+40 156.00919871405372 116.14858634671553 93.10987771799776 32.425171294978774 29.410132762632358 223.64140308460063 0.8001542086587172 0.7030275381482606 0.16548043652077452 0.15163737694191115 1.0923937557912925e+42 2.8759255439082855e+41 0.909832885062465 10.760338127633661 10.14830814510091 144.08740339890653 171.60670159038781 4.139329028244471e+57 1.6892998802221056e+58 3.243194025078338e+41 1.670553853661577e+41 1.5726401710795712e+41 2.881204733732646e+41 1.698268900067908e+41 1.182935834591229e+41 6.355866330977383e+41 1.9687004262358673e+41 4.3871659129373995e+41 4.145265280078062e+56 3.660121920619711e+57
220 0.40952 10.022064636972308 9.914428151605117 11.346526682376862 5.826603825 3.1248872199999997 4.890940416 10.801761814639898 0.003900891382827599 0.007478625274945455 0.004711289298645802 0.22040203678192452 4.983941237378916 11.854488570998777 2.398066195572134 1876570.0 664684.0 72.56064283214133 14.20888851390816 15.637942904410226 7.679598756516512 0.44302756169491075 0.12179717591281775 0.013300689158949502 0.03477931414061617 96.74062711438329 236.8081426744468 8.737083633687593 9.483937644528373 7.6394410108086275 7.264167468969786 9.702997101634574 4.424500535015243 1.441883180308654 173.3221923733203 7.353845596313477 12.027943742470297 5.002392265369142 0.1042204816519155 0.024472752223725462 3.923981449819488e+41 6.570959643425954e+40 2.1800631059550786 0.024812502015860063 2.5748213469297537e+41 2.800205556372889 0.01236294085876447 5.265319056787429e+40 155.52291075805903 98.38902280655944 39.62808460667129 43.312343229465185 14.440698780802688 247.33169942844225 0.6933341730469578 0.34080439504604015 0.13894917517303668 0.1618385220748463 4.700658261364226e+41 1.3460865517457892e+41 0.9497521617437806 10.756411361343488 10.16116960302821 158.7220814055319 171.6614928747671 4.0756661844607555e+57 1.7047719049379652e+58 5.03006240944222e+41 2.585089393159429e+41 2.444973016604238e+41 1.3521061020528553e+41 8.638827111643645e+40 4.882233922438029e+40 4.19385958897023e+41 6.193865542350867e+40 3.574473037031796e+41 3.3936404348586333e+56 4.4909342495606234e+57
221 0.41111 9.99127817656018 9.917197187378976 7.734742656350136 13.627469736328125 6.011607100859375 4.842693455999999 10.803579068954823 0.004148103872883681 0.008229309860994244 0.004677282875741025 0.21052315438671285 6.509056218186133 11.85482142433967 2.3979276354336174 2003972.0 642126.0 80.80989752294118 16.338560369155243 16.341502910449417 6.960442289233836 0.48034582443050095 0.14798779857124403 0.015300495007870757 0.031314069036113605 91.47148751237594 220.38566695451536 8.538162421628552 9.552276128914416 7.3001264322899635 6.8338138147509815 9.642825238839317 4.449111064312824 1.4324390065919097 173.08061050972927 7.782586574554443 14.238581373406815 4.601738297039885 0.13005668162914563 0.022128269868698796 8.958908399088038e+41 5.714010412383002e+40 3.264735359432917 0.04025669368350248 7.332161433802636e+41 2.6534983621300374 0.010632679863941242 4.584409210566399e+40 155.40490281047428 93.97607145200422 20.680634009674876 20.965267542166114 6.421863622184882 109.68719671037321 0.6065036338833067 0.25970189353780143 0.11994420772083166 0.12276228204277094 1.0574580117670275e+42 6.987004151362987e+40 0.5100010811979674 10.750006503579023 10.194431097312286 152.56463803230193 172.1406599682507 4.0951973692817945e+57 1.8004279925175568e+58 2.3824569634247226e+41 1.2377743541326337e+41 1.1446826093318935e+41 7.318782652981337e+40 4.2017034489819195e+40 3.1170792109249313e+40 2.3165305175283142e+42 7.882931315745958e+41 1.5282373876590302e+42 4.174391070809661e+56 5.48723687261711e+57
222 0.4127 9.976757089764625 9.88847470212451 1.2382280826568604 3.0176675750000004 6.27014224 4.813641856 10.808936523534973 0.004242377055805444 0.00826503653054443 0.004796214821852492 0.21221224881995776 7.497067010504094 11.854916478456719 2.397437371593229 2250825.0 641751.0 74.38848746707342 64.26675603353338 16.813974644530106 6.641149056411701 0.42434054690742323 0.6006722038848288 0.01582576878005039 0.029894793284756294 92.79343401233577 210.03788675566028 8.178768873275443 9.499496575773248 6.497731410093314 5.934329292796732 9.639107797923796 4.473750031868582 1.4230676035861398 172.86332542107468 8.13741397857666 48.53411766749627 4.359421378867444 0.45207757628995376 0.021033256767492126 2.0530767052319203e+42 5.018087480784185e+40 16.283034044961493 0.1727138521729257 1.5417774510916564e+42 2.38140124718747 0.008986134981955407 3.839047680018968e+40 155.01670271040174 107.2253501832512 96.99737013940984 22.575376531832063 13.906579075989907 130.1936348521995 0.7175886865261751 0.8783533870859992 0.13802135322038311 0.13489383830449425 2.5197528051458578e+42 1.4695664121269227e+41 0.6767269122834119 10.738266264244624 10.240739410836804 149.97047676298345 172.40259453837146 4.5856298192706775e+57 1.9371899873583224e+58 2.337838368467179e+41 1.3035315095534325e+41 1.0343068588385388e+41 1.484666491934131e+41 9.68437336897333e+40 5.162291545696147e+40 1.7852415847390943e+42 4.897825833813517e+41 1.2954590009210725e+42 8.823491324608841e+56 6.898785384595881e+57
223 0.41429 9.939161654120728 9.920683112385984 3.9183497801423073 2.95793265234375 5.73784764 4.2846958719999995 10.805912081078478 0.004120374369830757 0.007618701659423827 0.004885032572145809 0.22120395074344965 8.033195134070992 11.854995962290328 2.396594211085555 2301092.0 639827.0 72.74116653566868 62.01443918237184 17.07605505059983 6.204305324446707 0.42219866990027766 0.5628241101057145 0.014734157798216897 0.029806157547830555 90.72626906691559 191.9729305547335 8.44978814161924 9.455744547283254 7.02211875497948 6.536592882113579 9.725885542148271 4.49841716769153 1.4137681334331025 172.71465710583064 8.44998836517334 55.26397772205923 4.02284385403825 0.5011729580935573 0.02073635212834529 1.3983058453977955e+42 4.520335218969944e+40 8.590477299149812 0.08783418198653917 9.050768222178514e+41 2.1914966458011573 0.007997072835793652 3.4164402572418677e+40 154.5544618582151 85.84106547290762 49.70453700241305 21.667441698094542 6.902982075170402 110.77317191481147 0.5677273511221806 0.5244566251429775 0.1243686999781501 0.11695627186848379 9.740587592941007e+41 6.99654384104935e+40 0.8325346045017716 10.737865101358093 10.245676252397159 149.26004295507187 172.71917432692567 4.466644389776916e+57 1.857129436327536e+58 2.356943249530756e+41 1.1692461653571356e+41 1.1876970837048353e+41 7.089238510388014e+40 4.161335415598237e+40 2.927903097488475e+40 6.200967485996587e+41 2.1492353161519788e+41 4.05173217204708e+41 6.153742871460999e+56 5.8262985815204216e+57
224 0.41587 9.926379232897666 9.980187356321055 7.333224594593048 6.924661200000001 5.57590233 4.272511064000001 10.798958874462262 0.004222614844865425 0.007627714765064558 0.0048600170151667085 0.22563220559152009 8.14596989162496 11.855079750146116 2.3960452776309036 2202716.0 639915.0 70.85980306633955 37.83638352840014 17.5599341404706 5.893679836636497 0.40597382956473904 0.3271092622619417 0.015482455121259446 0.028222005075828997 92.52754491427324 182.73943488929493 8.561005133804288 9.538252682604206 7.31424351788127 6.923820569158833 9.771157189564432 4.522956800933538 1.4045975905932142 172.5118706289983 8.735095977783203 31.136740510572352 3.773201345756002 0.27288162165102914 0.019430388181942607 5.25459297503484e+41 4.254758604110943e+40 2.475309087847773 0.02630627249007205 2.8699374010031174e+41 1.9801844202995011 0.0069371550908171025 3.170869523182429e+40 154.22595574370504 65.98207091737699 47.2137841053177 33.691271606868476 7.204665626547398 152.82801788272687 0.44920801872496335 0.45809172571692264 0.12187334160041 0.13056772841130826 6.591297748163018e+41 7.074401872910736e+40 0.9011567885221167 10.733585517423165 10.263643821904411 150.50891315374082 172.93255351815907 4.2102557467386216e+57 1.751856014336225e+58 3.854735003776178e+41 1.982277820014438e+41 1.872457184295224e+41 7.196792725961658e+40 4.835068154745747e+40 2.361724563729692e+40 9.66789946101609e+41 2.261430725837804e+41 7.406468739965732e+41 3.620428809526467e+56 5.090335753205577e+57
225 0.41746 9.649088418023588 9.936934726811431 1.608685165643692 2.51141105 2.29046336 1.901495904 10.808947971453941 0.0038696998933041363 0.0075940075007330295 0.004926432861222896 0.2367654087062117 8.484095479202278 11.855298213569007 2.395945848961795 2373897.0 630492.0 64.3011730771717 33.07373054614103 18.620953744016337 5.6245896658847965 0.3940704098041149 0.2817867333344582 0.017917014139336503 0.027374123908418282 98.81791803449204 177.05408899505133 8.108308260866334 9.568290380578672 6.4508581371595115 5.867584647685231 9.679813056546806 4.547679292176838 1.3954390839840944 172.24605832764914 8.972804069519043 29.446351340165236 3.652166902151721 0.2507009365819093 0.019012211188517474 7.521846810030846e+41 4.2631930104407426e+40 2.893752072414314 0.03511321192916949 4.4638248459246426e+41 1.9073382923083426 0.006923736143602285 3.2180394671186427e+40 154.03190327221506 72.11288854010085 35.24718881452709 23.368078224346394 4.845322675534982 120.66218888735008 0.5382381568535018 0.3810085523525973 0.11815135721939986 0.1088443782247004 8.362576941461352e+41 5.196671366268355e+40 0.751661744631115 10.735118540898595 10.272252894839994 133.81791044428107 173.24884698409008 4.16732270682403e+57 1.7989132430921019e+58 2.767650032691912e+41 1.3388721783650713e+41 1.42877785322232e+41 5.281651529390868e+40 3.39186878021067e+40 1.8897827407704701e+40 4.741617767787457e+41 1.2139009784747726e+41 3.527716796661213e+41 4.394610088715742e+56 5.465959082563235e+57
226 0.41905 9.689020305067011 9.987085914408187 1.2699596285820007 1.6619454749999998 3.14140884 2.09625872 10.80471029039793 0.0038961349482534336 0.00756840520523526 0.004905660046429174 0.24153234528174727 8.45004786909602 11.855397478807966 2.395722051192322 2338027.0 632076.0 63.718568657663134 29.58994635866572 19.205273658720365 5.16404749560417 0.41050088727198836 0.25661417180412516 0.018590882705482644 0.025418763953159118 101.61953061395752 165.80851623356136 8.124461047556423 9.60680432186956 6.477482979913869 5.856900645101305 9.742025464785785 4.572429146098269 1.3863500775563775 171.98292688895572 9.112715721130371 24.93269094393508 3.282064796051593 0.21741818492615447 0.017397631649652804 5.851363747448273e+41 3.8631603896686164e+40 3.481695078246335 0.03960946015883741 3.3128383122496732e+41 1.7119631461088587 0.006422380491945121 2.9179242032590435e+40 153.8069792744551 70.82014313513493 21.153094323611565 26.771918879878267 4.288795306751207 144.47981369636406 0.5452521350312133 0.27591914158370645 0.11898106727732134 0.10738148932690456 4.7137507360991494e+41 4.409069352800934e+40 0.8042762163795709 10.731366534657411 10.29266288844699 136.79649918113543 173.5041859673687 3.970470313256751e+57 1.763560665238229e+58 3.2738386528433805e+41 1.63714653833192e+41 1.6366921162058526e+41 4.496840991168971e+40 2.812797925910207e+40 1.6840430656519865e+40 4.828100129288315e+41 1.0124946204322745e+41 3.815605509141985e+41 3.7065328110143044e+56 5.306141236188787e+57
227 0.42064 9.705570366658558 10.002020818385601 3.713743656873703 2.25652305 2.91419936 2.148504864 10.805740155003232 0.003901959209049048 0.007534385511733812 0.004896507784351383 0.2564689158884136 8.316504825243705 11.855465656567036 2.395736974632074 2386432.0 646242.0 70.79055672454523 24.49548685914491 20.917626253207402 4.876394575648661 0.4756021008787811 0.19584316284165587 0.02091870051828202 0.02234292039548724 106.06914721855836 160.8551080894811 8.336280807696054 9.590014317769079 7.047826737610903 6.63603641989434 9.780968035068192 4.597206094515153 1.3773297831875237 171.6681002094958 9.160262107849121 18.88799902325316 3.028658535080138 0.1520601726072458 0.014957749093803598 2.9478022002625156e+41 3.801795596315489e+40 1.1951970668537573 0.011908671993917526 9.952012069465993e+40 1.5468321110864132 0.005373508114500666 2.918580860895174e+40 153.66629411829135 93.66865491498378 14.595454440271064 26.27031232547944 6.167140810215394 138.73795482354276 0.69571652515188 0.2095738346490436 0.1224525246735242 0.10594213769647834 2.602498797888852e+41 1.2405990767599068e+41 0.8239817904576694 10.725756287321225 10.31808174498154 137.18291987545942 173.73378153311094 3.7508016752479206e+57 1.7549929038060424e+58 3.179220866123286e+41 1.5043519458905197e+41 1.6748689203781645e+41 1.2465268400529964e+41 9.03689056753593e+40 3.42837783185588e+40 4.5820696118992285e+41 4.82089728977711e+40 4.0999798846099104e+41 2.4443679834138e+56 5.340428948051951e+57
228 0.42222 9.786893189056556 10.025202220073961 5.348490059375763 3.8042194 2.5311588 2.7017038400000004 10.804536517214544 0.004033471617815339 0.007707956091113256 0.004862455289526395 0.27034032036635913 8.03666927890737 11.855631309809864 2.3957991501118383 2440948.0 675443.0 75.76907165698233 25.203508624527235 22.65322314775829 5.972207528878887 0.5104254963332737 0.19360595024535532 0.023575172096400043 0.0215708883048885 110.41161823037663 153.49808381085893 8.438301317297952 9.631023129348616 7.058094606130404 6.614018079548634 9.791009446648939 4.621853787847067 1.3684335180711478 171.36701169104148 9.129722595214844 18.308149708479146 3.9690403575851176 0.14375892990188166 0.014569046537392213 3.0660860161922766e+41 8.051880744073919e+40 1.3292219087834407 0.013751722268929545 1.4308255027666413e+41 2.5764300531495348 0.0061250530413436725 7.219024824515197e+40 153.51342390280237 81.57382365917056 29.99112461555023 25.9367203114641 5.7891150174679415 122.82342518233189 0.6028598148567953 0.3252812704315665 0.11376370447686712 0.10673853327758083 4.096270773165761e+41 1.3250161535687057e+41 0.8889398137538801 10.713442859350417 10.355287098062949 141.16853360637168 173.97342154271752 3.590310369285246e+57 1.757081044894544e+58 2.9569120326737897e+41 1.425168888512245e+41 1.5317431440327335e+41 1.3324491641124626e+41 9.208451351528466e+40 4.116040289570715e+40 6.9118954046194454e+41 1.0777621602031462e+41 5.8341332397489784e+41 2.3329890415769693e+56 5.589536262129759e+57
229 0.42381 9.892144317431747 10.029252654535687 5.126670986413956 5.107690225000001 2.88669603 3.642619068 10.805411463950044 0.004229619058766172 0.007908772473625383 0.0048633389331358395 0.27463271677008594 8.28468461103257 11.855745159773004 2.395712101947587 2515084.0 688091.0 80.32672232084985 30.737141049985162 23.984032814317654 6.942350048701756 0.541892167058497 0.24698277056363385 0.025245880215352137 0.02259244382103186 121.47262927285094 145.5995909756163 8.44769461488919 9.624844053093069 7.092239950352197 6.713548875184103 9.800915894561292 4.646683956358293 1.359547910620325 171.08481848916878 9.102293014526367 22.920444309814425 4.8761182895704644 0.1806832233299944 0.01598559077785299 4.874134979100538e+41 1.1640315083734876e+41 1.7991241376183 0.021218803227770134 2.5306114850935626e+41 3.6590068129818536 0.008886516794479504 1.089800493565244e+41 153.30870929974984 104.62917971785691 33.11313328732523 30.911849693440544 11.56817381431273 174.391347811899 0.7723330895188723 0.3376411948165772 0.13138136966499891 0.11141989577245974 4.821065479399644e+41 2.023107287220696e+41 0.6481037550332428 10.70666869045907 10.374553615089544 144.53958599233528 174.29430432140356 3.567898291066908e+57 1.8286913714767363e+58 3.828930306388189e+41 1.51056756571196e+41 2.3183627404536755e+41 2.032239485584199e+41 1.3509150272532789e+41 6.813244568191962e+40 3.718726244147322e+41 9.576067671531622e+40 2.761119475886294e+41 3.1864838645506273e+56 6.137887217003521e+57
230 0.4254 10.015314473740723 10.124244828974675 5.348120152950287 7.873658675 4.64396026 4.59820088 10.788830257773427 0.004326458265319807 0.008174844904419037 0.00478235360336672 0.25836754924235816 6.725471168522368 11.856071019657401 2.3959359048427773 2336591.0 715932.0 66.37734369141333 36.75199540117616 24.80903695002935 7.151614661527319 0.4358265317236412 0.3444595741378829 0.025124968512588743 0.024659902641033737 132.11941900649646 141.99589331679246 8.609452270301118 9.706915308806154 7.116697175204769 6.684297174694339 9.897678767280182 4.671540419291927 1.3507287259050305 170.784856449217 9.038894653320312 31.483293170510557 5.003713743046417 0.29506278928994956 0.018078187129640943 1.6338317716999023e+42 1.1923724793065331e+41 8.080737183251237 0.09971284668642612 1.2164170246295608e+42 4.021490815752756 0.01200169838615916 1.1303211025807833e+41 153.16380340809576 59.725112725029184 45.41183702954583 34.56021931873576 3.902290409876878 156.0687156208021 0.4683383726417188 0.4903788925185082 0.12029034137722204 0.09874299579703057 1.605919491235685e+42 8.52258507490156e+40 0.7065544865120025 10.69524557541737 10.40196295950672 158.69940718943252 174.56640895784747 3.8626886328649245e+57 1.8267109036957622e+58 4.030479881643675e+41 1.596531822011282e+41 2.4339480590869238e+41 8.626200492767735e+40 5.248750713176431e+40 3.3774497859822677e+40 9.560732658229206e+41 3.5053162072904555e+41 6.055416454714868e+41 7.1252310907253015e+56 6.682419940943962e+57
231 0.42698 10.033135386674694 10.146883000865 16.503402590751648 10.328736 6.201253249999999 4.495955576 10.787278370576063 0.004401017794455188 0.008223299364136728 0.004803552906408956 0.2530704912629348 6.174959559401709 11.856162354477265 2.3961918933798683 2310486.0 718078.0 58.867149921245655 44.37569793219735 26.228439109713825 6.485414015248391 0.3695375467169992 0.423881184542837 0.02855185759360987 0.023990624480284238 150.58471870632766 140.4310134596681 8.845237168160406 9.696083244351076 7.719484659505753 7.437735730776555 9.943693973308392 4.69626633590618 1.34203007166612 170.4362650597169 8.943436622619629 37.41469015832703 4.471553883735714 0.35512522862066803 0.017779449680531304 1.802442579429719e+42 9.965128212086395e+40 6.360146487954585 0.08325999576872667 1.2692597527490759e+42 3.6670568755980026 0.012357703075037973 9.436348418629614e+40 153.1053142875102 64.6183818500686 49.65649414902541 32.39299960225407 4.0203406925817395 167.93062061419263 0.47918288941824294 0.5577428689547917 0.12230778143095244 0.09777833448501032 1.5719203295935762e+42 8.279403184710782e+40 0.635856896726462 10.698775839022607 10.403481034683216 160.9004812711588 174.898434874945 4.177261262890707e+57 1.8554355953992382e+58 3.6960115750135735e+41 1.4633816954485907e+41 2.232629879429629e+41 8.432045426726295e+40 5.12366942038295e+40 3.3083759964647345e+40 1.2230949357366435e+42 3.1344536835018906e+41 9.096495658472326e+41 7.784815052080576e+56 6.601692425536517e+57
232 0.42857 10.056145769373542 10.1308512019467 4.852715909481049 6.8298942 7.66272368 4.376481984 10.794212528858134 0.004496800327422031 0.008505382280432376 0.004867116397828209 0.2506359736728478 5.569528905389235 11.856520615063909 2.3966661916081202 2425713.0 711788.0 53.99498556426625 62.869264518592956 27.080692115096 5.561714050543296 0.3276303913541688 0.6113912557315951 0.031699905327349905 0.022246831900184748 163.37174317958537 136.1658569089754 8.553579613296753 9.73032060491141 7.131218766589376 6.761422522252163 9.895619901183279 4.721174428053706 1.3333411111370372 170.09708560510919 8.89441204071045 53.058388802369606 3.7654739758497637 0.5230681940713366 0.01644509319927008 2.3638886026703073e+42 7.809143275184044e+40 9.764705596631543 0.1329955910427606 1.6676037819144192e+42 3.131233451308275 0.011641048151647316 7.372112470437098e+40 153.05825348316995 52.12660019717736 51.54431505051209 35.5132734340948 3.715762878938854 205.89960381820214 0.39475735556743713 0.5834053965901492 0.13048315670667127 0.09234447429773006 1.6092262470975676e+42 6.774925543527646e+40 0.724978194172507 10.701608724912676 10.406060686615245 162.71230833882882 175.1984259907516 4.453215143921429e+57 1.9258355165624712e+58 4.692046789249735e+41 1.7319079044419628e+41 2.960138885073539e+41 6.910770204913355e+40 4.241736537773716e+40 2.6690336635170246e+40 1.1214478248296925e+42 2.782930793993589e+41 8.431547467335839e+41 7.803951673662751e+56 6.962846662271125e+57
233 0.43016 10.061058462866301 10.126107237338166 7.155951380729675 5.762780299999999 7.32467248 4.109704768 10.799609015856285 0.004570349022703745 0.008619181542460375 0.004903363776084269 0.25802423434225047 5.013061862861837 11.856606691354935 2.397298610653226 2480209.0 725350.0 49.57774955717039 62.397728195721974 28.77365368142271 4.71402051328566 0.29208681562087613 0.5819646985564134 0.03390568997081206 0.019657642378772103 191.695695098664 130.99432060744874 8.536271870233868 9.696551926474399 7.293164527092982 7.047604704879379 9.907586226703256 4.746108018824939 1.3247163846010785 169.6756700955849 8.826482772827148 51.50732013551627 3.1157157391902177 0.48706707632721896 0.014363995820434282 1.2812465786417702e+42 6.060367418976996e+40 5.626714929385208 0.0717318330199327 6.989495598311285e+41 2.589997657285147 0.01009482622219602 5.6817309075384015e+40 153.15259109948326 49.01211162377033 53.512732931824786 34.06715298537772 2.982846567219186 189.12077682014424 0.37373395878553833 0.5879448294638476 0.12363405004472344 0.09246763704089812 1.1293878799952737e+42 4.857800995939358e+40 0.7768559793880687 10.70828268653258 10.403540413767962 164.756318241636 175.3853901671169 4.393904375260431e+57 1.8872536523510514e+58 4.2163415145116134e+41 1.763986850644121e+41 2.452354663567456e+41 4.968284293326215e+40 2.9085107836109145e+40 2.059773508941e+40 9.497186163000873e+41 3.3391020710844984e+41 6.158084097535949e+41 5.517173927498322e+56 6.279470615621501e+57
234 0.43175 10.052504161860895 10.133984901030017 6.807806968688965 7.3265877999999995 6.695293919999999 4.149917503999999 10.801652706797798 0.00470965405442253 0.008679068602952969 0.004918990835428905 0.2660686684626353 4.876523452728368 11.856669516276506 2.397756848734403 2495077.0 753846.0 49.48942223287929 48.62018724241768 33.79248927806775 4.124750403726779 0.30588428387560074 0.4552436680589404 0.039396397562905895 0.017861402792725255 222.34721095275037 125.08039345506047 8.617351000360916 9.671982896245174 7.209216320989883 6.854561080742349 9.933641421469714 4.7710668433702255 1.3161551823972206 169.2858681446313 8.852029800415039 44.02994461329575 2.6844209581022294 0.4125819846525655 0.01296813717223651 1.1392156801527881e+42 4.879774116264427e+40 5.00907205702015 0.05792907165954148 6.876230501812243e+41 2.1993540151785 0.00888470878319724 4.521817596665669e+40 153.21000279965833 38.29177595739971 53.06276650704396 34.22527360720732 2.9525969693179905 219.9538081994555 0.3284436579809612 0.5579107809750725 0.126397345544486 0.0912671957286913 9.894745820561107e+41 4.761618317879335e+40 0.814312080240107 10.715765172965835 10.397571324175345 163.79044229618464 175.52642694723355 4.4889449836487545e+57 1.876436443406677e+58 4.361401138176976e+41 1.6794402101986639e+41 2.681960929052605e+41 4.836666884244639e+40 2.8291270922727256e+40 2.0075397972036556e+40 9.252214874695536e+41 2.1266891671466332e+41 7.125525712222342e+41 5.8918669700540505e+56 6.0628114080879366e+57
235 0.43333 10.065967240459933 10.147898788247401 9.87764573097229 8.8424096 6.70028672 4.437356992 10.802184219947769 0.004782977225759493 0.008983354604674082 0.004896943636902007 0.2653470741528148 5.441265673540206 11.856759864955459 2.3985829317826486 2596551.0 768123.0 52.684651972541445 46.27253545600398 36.05732802809915 3.663702965966607 0.3275623156858584 0.42295808838820415 0.04159661423219568 0.016990241087107994 227.79517942302115 118.78144822356028 8.705235726883574 9.708670035844492 7.367007115215035 7.045623652953023 9.934307659124427 4.795893429077679 1.3077100593081488 168.8338921995749 8.885159492492676 39.00907302117087 2.3526954928191373 0.3593603824591313 0.012352383506891445 1.2531768931402063e+42 4.2190678991460297e+40 4.772010295826512 0.0578009040222733 8.012436345565312e+41 1.9068296444466464 0.0082463412188014 3.878955148213324e+40 153.307284307236 54.79202928901429 52.54250485735835 63.25258834651703 2.7670900286146156 398.19845806921853 0.4201635065682445 0.562919005384338 0.16472035296324966 0.08920584451638099 1.2144369678823134e+42 5.009917706740633e+40 0.8022319653991967 10.725128214599188 10.386801143866451 165.34129311503654 175.5721417412521 4.466322676866575e+57 1.8830945844205008e+58 8.851633963511942e+41 2.478533642324445e+41 6.373100319492072e+41 5.148640890451055e+40 2.7403899013427367e+40 2.4082509945743305e+40 1.028906689714252e+42 3.0377688465997765e+41 7.251298048056691e+41 5.973189829278123e+56 6.530226625993643e+57
236 0.43492 10.078602570372162 10.162935765786388 6.726946473121643 5.5109371 6.678733599999999 4.6198848 10.807957653855588 0.004780410249152455 0.009090374789943654 0.004880982054717233 0.26250586534243 5.314963670589051 11.865251649795509 2.4007445679313597 2591376.0 732298.0 52.96925600848364 47.45277861586144 31.09564843819834 3.6773439089718467 0.3273869033576431 0.4403685565311529 0.03491205497683124 0.018819896821814713 199.57724263408693 115.67241491302921 8.632073315501236 9.748115089188987 7.272571948027322 6.967344832866719 9.93378254496186 4.820901774051741 1.2992734295962478 169.75766606706472 8.71455192565918 40.21615047048084 2.4109154256419374 0.37389313075501457 0.014380826074026055 1.1995222816975894e+42 4.793557650869315e+40 5.192508300609251 0.06455980955865709 7.523929271371797e+41 2.0058091475734248 0.010633320450778742 4.468968837897983e+40 153.90568103420932 84.61278765623315 22.12221079252258 39.408447229784585 2.5881963053461914 248.24032466066413 0.6609910528838678 0.32066875573193726 0.1296322233938841 0.08802908052410972 7.527358861942318e+41 4.705207735691603e+40 0.7147929680140291 10.736678345153623 10.385240836200614 168.16221528176766 175.4251890105345 4.598125619833253e+57 1.8905138749669362e+58 5.364729265123511e+41 1.8392853460031605e+41 3.5254439186292005e+41 4.834187905794265e+40 2.6104820352423864e+40 2.22370587657821e+40 1.1402051085994366e+42 3.1058609334767128e+41 8.296190141254912e+41 6.533152663333419e+56 6.540631138750304e+57
237 0.43651 10.09918405358497 10.14802526751407 7.177359700202942 6.3384158 7.03923856 4.8510768639999995 10.816059778261545 0.004775652042184709 0.009341082152657111 0.004904637406492785 0.26878792123896555 5.686263342738122 11.865425420227846 2.401849568566252 2822857.0 727526.0 60.67121509261953 43.676171430330385 30.608802804473942 3.356136539782594 0.37858455956209136 0.3911365122221213 0.034186919666911605 0.018275499038921655 188.7941616952725 111.10726558326907 8.66721557084192 9.697096990100615 7.28916986690976 6.960434838535699 9.943493217967124 4.8459345628982895 1.2908982612082198 169.2666392713737 8.711396217346191 34.630452713061565 2.1917554043232736 0.3112193294284603 0.014080375174926793 7.836763281896997e+41 4.375519781340737e+40 3.8171507448907467 0.04175229022258162 4.153195005078054e+41 1.804652010138546 0.010479359641497711 4.0662881256332567e+40 154.13973824751406 78.50274592622681 34.458038170684354 42.007571899146505 2.0214660560119273 239.353515675843 0.6104019126415671 0.3879610860623514 0.12382917146655412 0.08556572144093023 6.618030756188989e+41 3.599524659395425e+40 0.8547089574473848 10.731043398590199 10.409959425516826 169.43632722359436 175.43665318281253 4.556638159466264e+57 1.9234187250353445e+58 5.789828472524152e+41 2.0977702137324835e+41 3.692058261320348e+41 3.693890680124207e+40 1.720020468655457e+40 1.9738702144924503e+40 9.82632085127554e+41 1.7555882142091198e+41 8.070732641406019e+41 5.891983536083931e+56 7.187633523969353e+57
238 0.4381 10.110375180217645 10.12313129529008 7.3830708265304565 6.1216783999999995 6.011942879999999 4.922856 10.82648529202697 0.004804840398377353 0.009599416613434386 0.004949305264010355 0.2766887443206422 5.586697617617617 11.865537574892556 2.4027168642252015 2921650.0 724201.0 61.62006769057381 43.95371566066815 30.530950646678882 3.12096735974202 0.4104195424472878 0.37022732251422297 0.03412538423968813 0.01615900754368045 180.92185341533227 108.24068567458649 8.585835617604376 9.715602228481114 7.23876544430416 6.9785605181478605 9.891679284567278 4.870991532775758 1.2825838849577722 168.8123723536361 8.661023139953613 37.753517045393494 1.9928929309599044 0.3166229031678262 0.012178249320669568 8.052142553393752e+41 4.0137857271399096e+40 2.6733346632312425 0.028617904277998645 3.625024318784448e+41 1.6247345069354509 0.009113939724620298 3.7093104311305617e+40 154.3785532025418 64.20960297890363 51.52362469786484 46.44664302466153 2.3281958273325976 288.9783373534735 0.4906117970037005 0.5138265833679158 0.1337118680808055 0.08514647686806469 9.842616385330175e+41 4.292472748254146e+40 0.8723891084233157 10.730017651511348 10.425467901101728 169.9435602935952 175.4783211480347 4.5521883262203965e+57 1.998724504201421e+58 6.899163136724177e+41 2.1498970000008332e+41 4.749266136848259e+41 4.446228862915362e+40 2.0492332108382788e+40 2.3969956440188377e+40 3.978596332303788e+41 1.3675143246483297e+41 2.611082013875403e+41 6.017320868640469e+56 7.656993498001376e+57
239 0.43968 10.126215332521605 10.157444493354078 12.084452629089355 7.3878588 5.70449904 5.032615936 10.825248438702372 0.004824330907830318 0.009730594573597947 0.004880256297466662 0.27666016443870073 5.256995234569956 11.865712916621847 2.403841277175375 2799801.0 713949.0 56.75027468804967 41.164875451418446 29.35214881532856 2.946088318420413 0.39011164331885956 0.33998526905820003 0.03266238071718476 0.015055932824866789 166.6623423612195 103.64374276486906 8.747842482767505 9.732407317319979 7.584172593091033 7.378414963479841 9.937380879685074 4.895914605720966 1.2743813682678309 168.32476181501212 8.638864517211914 37.07705506390402 1.8529027931992081 0.30309126149817284 0.011249124645963511 8.58251784117687e+41 3.973628395939455e+40 2.8034935340842386 0.03191899951361752 3.980236966799018e+41 1.5129359335330095 0.008512273476468005 3.6756747790838576e+40 154.73796514722156 88.03983369917479 29.223629740827878 34.112040328393995 4.810904445183253 215.2851921025769 0.6998681415356177 0.3342982273146879 0.12163735638819165 0.08625557772476751 5.866008606333797e+41 6.91173171009555e+40 0.8904340989737161 10.736321126749866 10.427351179187152 173.05264962915766 175.4002603352059 4.523364755331735e+57 1.9938112585761004e+58 4.404333084024762e+41 1.549993033032562e+41 2.8543400506553895e+41 7.027735781250855e+40 4.006597816806787e+40 3.0211379627227824e+40 6.989475835057179e+41 1.785985904583262e+41 5.203489918092235e+41 5.833029935194117e+56 7.569843293621265e+57
240 0.44127 10.144653129833289 10.186713639254474 12.86794662475586 9.5437984 7.2408718400000005 5.26088384 10.821977860686331 0.0048952364248511125 0.00993326908077486 0.004820844355187903 0.27424595607013186 5.073450297629936 11.865810672615128 2.404526717225854 2897443.0 706014.0 52.39107217673408 35.42829141711787 28.68481225602994 2.5099004137006857 0.34849154164281504 0.29069946604236707 0.030645687162308952 0.01293274643488243 164.9955720179145 98.7059141243181 8.757735101643544 9.754551728738509 7.446565171641063 7.180302626304759 9.971562824781921 4.921019003232205 1.2661862351848074 167.9075871256395 8.728379249572754 30.93156735765301 1.5387645486981596 0.24902783707307224 0.00947900093768048 5.684725215082666e+41 3.211895280383813e+40 1.9221329040104798 0.02096374986609101 1.9914257759516006e+41 1.2254238367700154 0.007042190279463525 2.9295553954885156e+40 154.8601514640349 50.87352547608099 79.51121611326072 45.30697047482241 1.7373211842322203 241.03267114311328 0.43684497914630055 0.6537556081082911 0.12054023171057836 0.07792597632186693 1.2245197475771202e+42 2.637452674645058e+40 0.9455442910992218 10.730167954548119 10.44744298622704 176.25592074838622 175.45573259835552 4.3626451143834095e+57 1.9362152337151448e+58 5.703095398745422e+41 2.0488534001840846e+41 3.6542419985741136e+41 2.7474359925779274e+40 1.2844887718807964e+40 1.4629472182053739e+40 7.820058776900858e+41 2.6245913128041596e+41 5.19546745844174e+41 4.87540180064544e+56 7.647765288669748e+57
241 0.44286 10.158322909657512 10.197506267739001 9.651519894599915 15.107581800000002 8.8639572 5.4601224319999995 10.824318764802365 0.004983976728563538 0.010241369985239562 0.004780445219603886 0.2799810180703836 5.439495349152228 11.865887345107692 2.4056124235670793 2807342.0 688624.0 49.869158174071586 34.25821475112643 27.550743354533054 2.3741855660145816 0.3414307337450156 0.2887067967128499 0.0293522272912956 0.01116046512077484 155.01704133515423 94.72622451152002 8.761921604972644 9.736088104602892 7.331291712715247 7.099873355359607 9.994531443964194 4.946146798001457 1.2580499480648513 167.41130326519723 8.640433311462402 29.438888433707692 1.3989830215829406 0.24307442774055785 0.00787445543052991 6.3692832053562825e+41 2.674778673456437e+40 2.541392623945626 0.030753288026533872 2.862947551459089e+41 1.0487068008057179 0.005496316931868417 2.3609171060178556e+40 155.06664087259756 82.17878393179149 72.91714283632683 53.42508489186811 5.3781752658246385 324.2775718848254 0.5617073922199539 0.7106573597747552 0.14068381124834745 0.08632051572517563 1.3829126571799553e+42 6.266857649366331e+40 0.870219690805533 10.744703202386436 10.430322751996172 177.90327446317247 175.45791218195953 4.3604149110767083e+57 1.9529693657490032e+58 7.132887170231375e+41 2.5465892347106902e+41 4.586297936750815e+41 6.380056277108052e+40 3.973837383640081e+40 2.406218898423015e+40 1.884842663846657e+42 6.119815066432899e+41 1.272861157372119e+42 5.279097989834575e+56 7.331358292958965e+57
242 0.44444 10.15319108447791 10.176385337346563 7.346376121044159 7.505316175000001 8.5828582 5.298968416 10.835559525597931 0.005041094832219248 0.01034338870293165 0.004870670979253491 0.2706014640209751 7.090668276236235 11.866195583556975 2.4067123987171244 2773289.0 671482.0 54.451407253865106 54.121630739743736 25.8448320379687 2.4532521945166086 0.3593092513262146 0.48646186976916206 0.027854032186476 0.010432887651656092 148.79549886552897 93.9740282658719 8.680136248941082 9.748145028483128 7.242931828982202 6.9848070703201035 9.9562766247342 4.9711394755582425 1.2500225002250023 166.96120379993664 8.559867858886719 45.55828505934306 1.4168314004680083 0.39982971877384677 0.007262353185898831 1.2651900500866174e+42 2.6598528576497566e+40 6.933704259414868 0.0808847621573402 7.249191606888946e+41 1.0181174257727044 0.005095535845296123 2.296144900619166e+40 155.3760936426842 93.25049535401351 116.39980145711719 31.282624349426918 4.920673830626752 190.4366666159275 0.7905511423853907 0.9403445024928553 0.10523780647480778 0.08446317854529525 2.2081120363219293e+42 7.080806077228451e+40 0.8719810465445533 10.752172193598511 10.430935460404099 173.86729515084284 175.37506348720046 4.582863157562455e+57 2.0628851921728924e+58 3.4024699801512467e+41 1.4985395324670942e+41 1.9039304477761026e+41 7.164853736207379e+40 4.615852795706369e+40 2.549000938557214e+40 2.3805988508023484e+42 4.489102327927539e+41 1.9316886186175086e+42 7.333202782620026e+56 7.651286897919952e+57
243 0.44603 10.150801667480012 10.141511262888207 5.149167597293854 5.7351056 7.97168112 5.328429312 10.84592430427001 0.0050591367867311885 0.010680452468796309 0.004953596794450287 0.2785879629485988 6.23791840954955 11.866357194973212 2.4068093930351258 3160251.0 663078.0 53.65535615307831 58.171815974215356 25.90637480946432 2.1995464328465983 0.3775037992035939 0.5458717398533617 0.027789768988271474 0.009620058561723164 147.01167405052973 92.54085808936023 8.545785354014097 9.708763397726795 7.036414159903027 6.824129016235145 9.925640408707858 4.996313140050406 1.242001659081228 166.67574699305274 8.731817245483398 48.86643214658585 1.2503214621892207 0.4526791991154397 0.006565847619556499 9.880220321601364e+41 2.2507836864293187e+40 4.4784750437060765 0.049067876804885974 4.242406623690009e+41 0.8826738719618018 0.004436628463625608 1.922779227811286e+40 155.39029884403914 43.98049715269497 62.95239065156701 39.92470023340966 1.9352712518826418 215.70259902004352 0.39956427235804315 0.6806387978145778 0.11680357379306863 0.07714822511987196 1.232884267869515e+42 2.476671056928839e+40 0.899909672897427 10.761649315666917 10.418670946297675 174.02569956012954 175.73506398979754 4.612376989093815e+57 2.0806275146430018e+58 4.9362888973973145e+41 1.8172603474509222e+41 3.1190285491576488e+41 2.573580973220895e+40 1.4143632691958002e+40 1.1592177044399115e+40 1.1018728845321168e+42 3.969717070105929e+41 7.049011750717985e+41 7.197903009550723e+56 8.0605550356992e+57
244 0.44762 10.127126660328402 10.139903754634268 6.302965521812439 5.5656204 6.8613953599999995 5.10947072 10.85123381026529 0.005127192343368124 0.010648157913562318 0.004984217947746222 0.2852588710093835 6.485545459724084 11.866469950651934 2.407502271963245 3091322.0 648882.0 57.55365434648745 49.044866898515956 25.05032986509655 2.168861435001729 0.4222334697492316 0.4652181346347969 0.02703035207477765 0.009103154146490159 145.43200962443763 91.35231157186766 8.634302291828227 9.686646809443593 7.36226315627556 7.180605220516348 9.940337694120212 5.021509422778294 1.2340377999195744 166.26837117267115 8.785632133483887 42.745847176114005 1.2163078020104243 0.4028364155127612 0.006119059603527671 7.549056836988077e+41 2.0926880134881955e+40 3.527455250365143 0.04084167900618448 3.1499327627803466e+41 0.8285272303268509 0.004009688362384748 1.7490630652242869e+40 155.5553633972193 112.13476205597772 66.44116485037442 30.611927089077675 2.7557766577651766 187.64367379633066 0.8981508843747003 0.6852065956129739 0.10792879663675517 0.07876003000370364 8.897244849995024e+41 3.695097420450787e+40 0.9197634348514483 10.772202358649153 10.408460984347009 170.14717084156229 175.9438102846031 4.593284705657973e+57 2.0955085083908476e+58 3.508916117938808e+41 1.3607111710538103e+41 2.148204947107046e+41 3.7639615927786875e+40 2.4084008715117695e+40 1.3555607255185698e+40 8.589718850867359e+41 2.027024250997933e+41 6.5626945954882104e+41 6.262657917860734e+56 7.522422515860944e+57
245 0.44921 10.138337665708017 10.155656394836113 16.4667729139328 9.89669205 6.56071 5.470914352 10.850964762448088 0.005267356205114218 0.010800417684061363 0.004952459806719355 0.2884489862823989 5.444829928282898 11.866798794387996 2.4079547112347846 3260885.0 635630.0 63.73171930258493 34.91068071353409 24.35395490920781 1.9079869940267895 0.4514179997254264 0.3329451205823984 0.02545076463833249 0.008349499291718774 134.42901542100938 88.69857511706014 8.799161117060272 9.703432437447493 7.696066935951517 7.557018544304013 9.955141056019931 5.046728064604437 1.2261303176687965 165.95023744620815 8.90807819366455 28.044506983668523 1.057912036694002 0.26612652051403723 0.005533102637714712 6.012265460678351e+41 1.738614632953597e+40 2.2566970350674107 0.027599158044057995 3.143721234360098e+41 0.7179993845658962 0.0035648694917105833 1.4440968663562454e+40 155.62641309653563 61.681653193598166 54.60959902892548 45.03009250179706 4.164109781343473 275.3863286812009 0.5186161084683635 0.5639195991067968 0.12727908451984013 0.081654809715324 7.617595765456866e+41 4.359180251593846e+40 0.9536724380184018 10.768672366964221 10.424194557121346 171.07071401592765 176.1955758219 4.5161141958606655e+57 2.05759325385573e+58 5.633240760222197e+41 2.1784467472122453e+41 3.4547940119807877e+41 4.439548124292111e+40 2.8495186331786666e+40 1.5900294934770863e+40 6.930020755400319e+41 1.2512444957157873e+41 5.678776255348866e+41 5.451103973390338e+56 7.691425262547375e+57
246 0.45079 10.137462448126087 10.19127865668882 21.667251586914062 15.0530274 8.55065868 5.6642622 10.847441129725084 0.005477041810684867 0.01105013670402396 0.0048427388484455925 0.29349236491687025 6.275642838613998 11.866929926010762 2.408761640427913 2984368.0 626713.0 72.03221183500845 30.858464625012935 23.74285397128989 1.8515486261335101 0.5109870338225696 0.27301194380116484 0.02681788892022056 0.007692330878397758 138.78947539106397 87.09431542909878 8.970391914045363 9.694269658541149 7.878620546055509 7.74847205576276 10.011273441949484 5.071809991609509 1.2183278244859026 165.53031842340147 8.976247787475586 24.797501336180417 1.0104199194020864 0.21554418776602013 0.005047221756101829 4.130558511208753e+41 1.638130108838504e+40 1.7000760396747434 0.018312166765291828 1.4753951898439098e+41 0.6646442155159415 0.0032127910244528716 1.3380330419020465e+40 155.84209131185105 71.95048597675843 36.1594337355529 36.373344966220344 1.429122284219799 202.04326800451528 0.5719048871797161 0.45305346013554626 0.10958247616860663 0.07376062020286586 9.255177764796147e+41 1.6281971697838586e+40 0.7336148722190778 10.774721629844025 10.421348603872888 169.51946512995787 176.5720260644124 4.40602875798482e+57 2.0881947110129553e+58 4.564188469318322e+41 1.8281013917755595e+41 2.736087076847949e+41 1.6801119924966215e+40 8.991879624917228e+39 7.809240289901549e+39 2.0803871521114627e+42 6.173994034448044e+41 1.462987742811827e+42 4.640985368393054e+56 7.380538245907421e+57
247 0.45238 10.14126817588693 10.156144181222265 10.865558862686157 14.0465224 11.12391328 5.7179392 10.857655056257492 0.0056296720037021806 0.011389340325919347 0.004996464529067697 0.2941401995050305 6.698487844892584 11.866990434946551 2.409412854347956 3134387.0 631090.0 76.94690109752933 58.36933627476857 23.776874260017916 1.7375506818621738 0.5190026188085712 0.707392359974885 0.027563544421290827 0.007054779039955615 141.21369812553695 85.34946266600652 8.718177243563119 9.700096312927888 7.361945268702472 7.210722522746144 9.947928614728129 5.0970724398580645 1.2105309695388833 165.1268273013172 8.992409706115723 40.37452966619181 0.9444331406608998 0.49583251119379457 0.004596154032437038 2.6244303820621493e+42 1.496004562483488e+40 15.00165015987756 0.23584162199075848 2.2802674940472965e+42 0.6128894780460015 0.00287120529163877 1.208970363622678e+40 155.97739735011962 101.97599244401718 33.9551708377397 31.172179700202232 1.4647857721237674 181.68036558324076 0.7742328309948637 0.5773462968326984 0.10378844767584097 0.07175253733629372 2.4783595313272664e+42 2.0769074812466926e+40 0.4013628553956066 10.774397740459056 10.429695245349173 166.00544703931374 177.74545045112052 4.976783709204367e+57 2.2915941996512167e+58 3.7932697696525054e+41 1.527779521727883e+41 2.2654902477317053e+41 2.1376314181540375e+40 1.1807504264876326e+40 9.568809780838539e+39 3.047896226746687e+42 1.1257539593114041e+42 1.922142264825853e+42 1.0082359137031968e+57 8.96607483196279e+57
248 0.45397 10.154851320381542 10.093536328255682 5.369950592517853 6.286741999999999 10.38396688 5.629050752 10.872209777330616 0.005608388071128831 0.011438826805838595 0.005229841770603606 0.296179528102726 6.558622565571725 11.867074461151773 2.410063093250536 3494429.0 649333.0 74.63610944815996 62.78866872460542 24.57061703237923 1.5520388644868828 0.4838082090407467 0.779912800318351 0.028354397474035353 0.006346577707483638 137.95800006309037 83.94648599398536 8.575416223766771 9.622595884925001 7.14629241604778 6.997185045081571 9.894028780269062 5.122356474733867 1.2027887305328546 164.72998213546597 9.100159645080566 48.44586548912983 0.8477479055920617 0.6061909706252103 0.004079647683055336 2.010225996658991e+42 1.3036583604811843e+40 10.025699039636153 0.1746140420853071 1.533270569720224e+42 0.5769498081422223 0.0025849312256846584 1.0745332078509541e+40 156.05455221389136 97.57793386734764 50.06370246229703 28.413370618335037 1.6000526285252967 176.12683079710965 0.7153776219934077 0.6968129019475594 0.09829469691534337 0.07082131236009725 1.627173079169791e+42 2.1208742411027408e+40 0.6622283752918809 10.767065956832928 10.453693668929105 165.70416010191587 178.3226793186068 5.593340716982532e+57 2.376004080678607e+58 3.3750333177105735e+41 1.384007591986764e+41 1.9910257262108972e+41 2.279045659133379e+40 1.2801089358057112e+40 9.98936719863336e+39 1.7206964669868152e+42 6.5333120604767115e+41 1.0673652619196794e+42 9.91348524685171e+56 9.075625307987405e+57
249 0.45556 10.169597323781934 10.083473328761341 9.087719559669495 8.9400758 9.9152928 5.775191296 10.87622795898078 0.005657837223604516 0.011357265967001614 0.005323927448648652 0.3078874853380437 6.375124249233849 11.86720886927435 2.4102291093423696 3697953.0 652916.0 76.05301433977623 60.26268411320417 24.793927151574366 1.4229429997679826 0.49779360737856704 0.7117892346674253 0.02821429048253189 0.005739090227790266 133.21539460210676 82.28137943273674 8.677807820377307 9.628517931298441 7.3802707088406745 7.255215283035729 9.873637674731704 5.147661839329141 1.1951005356045306 164.43627581175943 9.209004402160645 50.008367006683216 0.7930977745929624 0.5952527837135039 0.0035988548278367716 1.6437726910625e+42 1.174793594129178e+40 8.819882946352656 0.13411096623249275 1.1874044117740963e+42 0.5605765297222479 0.00229231463234368 9.796521371248249e+39 156.18181134915983 103.05244856818811 125.3158398200262 47.010792376557646 4.391779284144235 314.0191125147362 0.7074682285902734 1.3486536410935386 0.12574058156357248 0.07824365148133612 2.1934258243309527e+42 5.094895388823031e+40 0.8791328778016817 10.763007664563693 10.468007966519862 166.90064756192888 178.73087324656032 5.812583449681655e+57 2.3951038769053055e+58 5.8171500181337424e+41 2.502370631351025e+41 3.3147793874568935e+41 5.178537779949918e+40 3.3836602886711245e+40 1.7948774912871755e+40 1.5340342942669296e+42 5.0698517056946696e+41 1.027049123681526e+42 8.775877183026877e+56 9.308104584635153e+57
250 0.45714 10.0933300331921 10.063733914848305 2.7412590384483337 3.4920712 6.344608560000001 4.797203328 10.88404528488874 0.005726212344337992 0.010620108271785654 0.0055298286455728925 0.3165942687402647 7.548898265636406 11.867354151267708 2.411471011934785 3629305.0 717475.0 79.39423397719976 62.56518586860621 26.247505938651624 1.5684337784592828 0.5513982291670393 0.695410698736836 0.031130336422391318 0.0057627594549586846 145.53748177934457 82.85364019340068 8.313857842880264 9.681194354203427 6.811499094044535 6.685838045037151 9.803278973584872 5.172828926213742 1.18751367196045 163.94474556939193 9.097962379455566 55.35538820439171 0.8925779472847416 0.6155082135569989 0.0036476994234069257 1.6843197381977088e+42 1.3321348008412757e+40 7.898278153822736 0.11725845539675141 1.0960019152926108e+42 0.6757085583577515 0.002428802120948075 1.1462859577035519e+40 156.44774086510526 126.6151352545266 62.278705969652215 27.296032163560124 2.50648302216631 153.02882590026104 1.0261374418299487 0.7283274728867258 0.09838535172540837 0.0721290027250657 1.6422285840690695e+42 3.107838014028085e+40 0.7001487685271915 10.77515129960212 10.455778653936447 156.02001098820864 178.93658841562512 6.0699443638996605e+57 2.4601087374665636e+58 3.1763563343944784e+41 1.2812970551589707e+41 1.895059279267681e+41 3.501440793701211e+40 2.0217235562622127e+40 1.479717229609784e+40 7.812734281071688e+41 2.9931600045977254e+41 4.8195742736632874e+41 8.99272944870026e+56 9.158649088813108e+57
251 0.45873 10.151816742623092 10.123477814981241 5.297405913472176 5.6364903250000005 7.18393406 5.62797912 10.876745309543255 0.005803281709205424 0.010951436554862899 0.005416464699524642 0.3109273124259677 7.07443365063063 11.86755477884611 2.411682046375582 3664340.0 716660.0 77.2512664053721 54.13442921478683 26.300641973947453 1.4402075712650892 0.531906720279144 0.5866352231884632 0.029961412643559 0.005380791727886783 144.0747731344635 81.45543485353102 8.534405275129767 9.702946549381924 7.14105975239128 7.024849810022137 9.89485361510458 5.198176051684903 1.179931550149325 163.65841436569013 9.41007137298584 49.25780413294617 0.8334386766709952 0.5295515047419053 0.0033710810925776306 1.5508250087685996e+42 1.1958000585137124e+40 8.025575840342862 0.11013944478362926 1.0114692911443118e+42 0.6438481577061888 0.002169629162681809 1.03475525022144e+40 156.45392008766333 87.60879726086551 77.56128199220447 39.47414392974277 1.596834526238759 206.32972000648036 0.6720674318120873 0.8508048082083272 0.11066960609772272 0.06746358399629616 1.650602081703079e+42 2.0378099361518758e+40 0.8529112276232196 10.767434320368375 10.477734802822782 165.13818084836151 179.22944144344123 6.122900195296185e+57 2.4343303292016488e+58 4.5466217744971166e+41 1.7371050008958507e+41 2.8095167742493995e+41 2.1717321926800825e+40 1.2434552901045831e+40 9.282769027425925e+39 8.091825445822216e+41 3.263560215313303e+41 4.828265225067479e+41 8.4211565636018e+56 9.213406121100723e+57
252 0.46032 10.144166769241393 10.155829409145802 4.40171080827713 3.7770643500000003 6.35997696 5.606210432000001 10.87532835865116 0.005845601690204985 0.010734570860447093 0.005418932093245801 0.3103725510438747 7.442402152552551 11.867611844237468 2.4124916584641736 3653561.0 818544.0 89.88578813120415 40.35975157042838 30.661020891559843 1.50429782474358 0.6536439238568709 0.41602474286723534 0.037088621295839494 0.005384871844696781 160.2988454796598 80.47553320411993 8.511144373195055 9.71776942435128 7.033274320415058 6.949922392394521 9.942963791367006 5.223543741204506 1.1724018074383036 163.23403457923303 9.667074203491211 36.02743482357305 0.8595251293927414 0.36956240876126273 0.0033609994307095816 8.51834255121516e+41 1.2162741516657435e+40 3.981951127374974 0.05533486802386329 4.740962287523559e+41 0.6660173585923563 0.0021098497581325914 1.0481710141794389e+40 156.60289021592982 116.6568099332429 32.92435607804587 29.146907558410486 1.2915166513354337 173.11523462633713 0.9467216783923486 0.42334315464089756 0.09447350579023531 0.06557191707405506 7.464255080346014e+41 1.6939986828242667e+40 0.8508727753019318 10.772613560369852 10.478892412271744 165.05896490129814 179.4140448959884 6.071152665483656e+57 2.4329105707576097e+58 3.409886055920628e+41 1.373435753137093e+41 2.0364503032703445e+41 1.8177941878373318e+40 9.112626516373695e+39 9.065315340060272e+39 9.643887438835792e+41 1.7972016736435127e+41 7.846685767730448e+41 6.201400456906253e+56 9.112137176285067e+57
253 0.46191 10.169464763906031 10.188600705629053 4.235121205449104 4.0691012375 5.26903903 5.897758976 10.872020932730313 0.005862117711036595 0.010984034697205994 0.0053287420654552446 0.3028558238405984 7.118743659635019 11.867798093774246 2.4128361240094316 3755442.0 867071.0 97.09828340846911 37.25209422945931 32.58813218148439 1.5209548828909185 0.7011962423398307 0.3493488050263433 0.03920211100570472 0.005219323180980663 167.88625832025056 79.41958070526644 8.523178985640248 9.743926948568289 6.998870581034032 6.9118933815400405 9.981237674589664 5.248931740178158 1.1649239029248122 162.92316829670187 9.878761291503906 31.212996256971238 0.8634806931452824 0.29278122691841574 0.0032328537109016986 7.511750854966342e+41 1.235389642203839e+40 3.0392498971052553 0.03830481027023221 3.853872892526478e+41 0.6526994672749069 0.001954037199006961 1.042088314771103e+40 156.70074111071727 124.72346965970308 68.26536463048966 26.326196656324885 1.936484535291104 152.2728607956588 1.023624144058311 0.6492004637322764 0.08869431737448338 0.06572142823961138 1.3014919308705074e+42 2.2260300675046747e+40 0.9134884843500686 10.76175797039738 10.507015104485058 169.8521568900827 179.7368264568347 6.1299979103238784e+57 2.4676454267419352e+58 3.1113977807145097e+41 1.2960193186802317e+41 1.815378461775677e+41 2.318552371687062e+40 1.180240523133756e+40 1.138311851011349e+40 7.37705832114872e+41 1.9854561008778557e+41 5.391602218921508e+41 6.506028988683084e+56 9.872986413225896e+57
254 0.46349 10.202199827495196 10.240799023362278 14.229863911867142 8.068598125000001 5.3192569899999995 6.202704563999999 10.862690415464543 0.005888706771948062 0.011096795407191547 0.005186937002233734 0.2991777263881464 6.150897952802032 11.867888672784439 2.413261544446936 3783006.0 894217.0 99.61538219078058 33.49481574217661 33.66857798539924 1.5527663793502342 0.697224738040902 0.2976168562526837 0.039808180420046246 0.005145487861700944 172.51044708382534 79.49108014365655 8.855770587227694 9.760504809107374 7.58123385037769 7.522912327159926 10.055144384280712 5.274179933375236 1.1575438520787933 162.58254754055199 10.077939987182617 29.286795730268462 0.8779045256369223 0.2588394546632854 0.003142659133055777 6.170668536286818e+41 1.2036522594533826e+40 2.1874559212108924 0.024174634142808533 2.303846833476999e+41 0.639102835492089 0.0017655363484494963 9.821248394488344e+39 156.6908601842566 134.79879769992056 41.81878314448287 44.64770621496533 2.304086130649023 269.5445352454786 0.9602741560121931 0.47490395333212077 0.10939858139611623 0.06498677595569534 7.86906692232851e+41 3.136209908948169e+40 0.9272477997434877 10.755367190572382 10.523360723944084 177.08031963978257 180.08228345701212 6.1091732226375405e+57 2.485364473201038e+58 4.9874896384622265e+41 1.9028933134121564e+41 3.0845963262015574e+41 3.2717068763786257e+40 2.1119740948370413e+40 1.1597327859875974e+40 1.0245531250202289e+42 1.0909910470582268e+41 9.154540200239712e+41 6.404223238711137e+56 1.0540419762032749e+58
255 0.46508 10.205972236488309 10.245636204653428 25.549106121063232 11.563988000000002 6.91177456 6.3355328 10.866092123204812 0.006009709769667659 0.011154511829500027 0.005194920720668999 0.3031670307961296 6.915731757348117 11.867957433121694 2.4142446298220173 3959506.0 933044.0 107.75891351401204 45.58500727004783 35.899797876008165 1.618415987233513 0.7245757090725019 0.4009446476780836 0.041824002643868714 0.005477762846118212 181.1851632477829 79.41947054229618 8.96916708913751 9.771042859057697 7.8883435790375565 7.856442505915748 10.055083860648862 5.2996076660983835 1.1501677130816206 162.13363296719507 10.016547203063965 37.48873234076581 0.9045120261809898 0.3167635288691063 0.0034604968583989595 7.029588753148742e+41 1.3736451306002165e+40 1.8368813250761944 0.020967539021379 2.1327075603248605e+41 0.6629041231992049 0.002173154968946675 1.1537133801954722e+40 156.96521185916788 107.60903748188252 57.01159997828333 59.939367083706436 1.3157957933397828 297.1782491838678 0.773912222422971 0.577354605600868 0.13357376357151243 0.06110511763369433 1.10091339000472e+42 2.1784606024587672e+40 0.932192513368984 10.745216794207987 10.549662839664954 176.08170888013916 180.28885718010673 6.0743251257507684e+57 2.503259689012038e+58 6.207948217835839e+41 1.9225234318575503e+41 4.2854247853852295e+41 2.292741968789805e+40 1.1621914677098674e+40 1.130550500953427e+40 1.2897516863536796e+42 2.512996943475138e+41 1.0384519908262965e+42 5.944836974929143e+56 1.1550297213234788e+58
256 0.46667 10.202015840693848 10.227044003026286 5.056846559047699 14.0312954 9.17137776 6.333072384 10.876097791659259 0.006094042644423072 0.011265271459510024 0.0052935041072730595 0.3033752729588459 7.096527473596673 11.868044625697648 2.415783978306416 4182488.0 889378.0 103.4145834518096 58.209473297664104 34.524908832340294 1.6940619870328113 0.6801923052921265 0.5391112831505455 0.036649076905302655 0.006419723872972035 172.46681393783138 78.67718186997651 8.615845244698969 9.814431301273025 7.059305495544565 7.024501809772049 9.993920516270796 5.325054949656473 1.1428418368440227 161.58681716268916 9.7996244430542 46.76338355434322 0.9359927986713379 0.4080886591647897 0.004323752850119841 8.770206589233347e+41 1.706171099085537e+40 2.382193823868882 0.030768034447695707 2.8133043102721612e+41 0.6909457168533977 0.0030060540845844312 1.483230159690493e+40 157.27610781016364 95.28618794608781 69.88079774556397 73.93239898678063 1.2617821161724085 357.1683291117319 0.6699078819447718 0.7833324974706202 0.15649746831396857 0.06126324267545938 1.379173315058529e+42 2.0646955386141996e+40 0.8791987851744976 10.746751773139986 10.559084609585616 173.97159260028602 180.39766646994087 6.1922313845854364e+57 2.5094184416003207e+58 8.268986476972203e+41 1.8742734950159425e+41 6.394712981148683e+41 2.2131302012474883e+40 1.0509348798838588e+40 1.162195317877307e+40 2.521010748760134e+42 6.036028010700953e+41 1.917407946559938e+42 7.081874829448431e+56 1.2323718179130401e+58
257 0.46825 10.186060939476448 10.205772345008883 4.85185432434082 5.314443 8.94390272 6.0031057919999995 10.889895761447873 0.006088231398509147 0.010745978346350672 0.005489640218221576 0.31479536977159334 7.317802346731344 11.868137667696182 2.4174504006049555 4382677.0 782329.0 95.89634187105445 78.73314437320809 30.537943875257643 1.597097831930399 0.6199707222818922 0.8119163637674381 0.028189101456856738 0.0066186735780009165 160.6972815190194 76.79101557369911 8.575275378784845 9.792511737677074 7.055732379785128 7.046355527723789 9.973639887543245 5.350361304886295 1.1356113187399894 161.0220253437386 9.48239517211914 67.60631657514153 0.9243491634662427 0.6873277962810657 0.004653350727601868 1.4051057062914845e+42 1.6624288803857074e+40 4.080939832823377 0.06212718656904708 6.019630993921057e+41 0.7053991954820807 0.0033575399796395766 1.4619886628161171e+40 157.7981469569166 98.99058875771219 50.66594174609176 54.55184167804818 1.3324061332654484 259.0993234857035 0.750600945172574 0.6503253731033705 0.11986047802522948 0.06038315117871552 1.1107124888713638e+42 2.4904900157678213e+40 0.8399457632155727 10.755927582877844 10.564194361426297 171.9467508196517 180.4991828563656 6.339876590253845e+57 2.502471629434934e+58 6.771299010141735e+41 1.5739122987983004e+41 5.197386712824025e+41 2.6279714799108326e+40 1.209534562925736e+40 1.4184369141956322e+40 7.248163852118056e+41 2.6741962031276945e+41 4.573967644923264e+41 8.46908211307887e+56 1.2604355616993047e+58
258 0.46984 10.210011134961622 10.256788741502579 6.985754322260618 10.0582961265625 10.19748704625 6.459683182000001 10.884014650635939 0.006135750200992269 0.010647591949306945 0.0054193878561287654 0.30741967177808593 6.8517676587192335 11.905234503080893 2.4187497013148667 4249397.0 714523.0 86.69451185334147 66.78320521495661 28.093078808666142 1.691069945425623 0.5536215887922792 0.6921514295145486 0.023990250702065265 0.007118989602918726 157.9118524913826 74.67599714673908 8.591388313583384 9.799088875481997 7.103802258522396 7.028468362743081 10.050802603830068 5.375846815130535 1.128384130767921 167.5127820188681 9.324163436889648 58.738699221723714 1.021056958798077 0.6037830910528899 0.005114541004115439 1.3215975255993954e+42 1.9440722971297504e+40 4.349532291609123 0.06397234400836123 6.298144569529835e+41 0.7888262361434402 0.003825589561021615 1.72221660073303e+40 158.07943375016146 97.5369956713027 55.977404273174095 48.192977181932164 2.2551011084165467 251.15357928859024 0.7164637965167422 0.7314737217480364 0.10734956166361778 0.06232681402446658 1.3100252058180805e+42 5.473282507719984e+40 0.7842133393344398 10.756551991045255 10.574450781048693 177.94158095801689 180.62113160950105 6.60626947388187e+57 2.4271591018997564e+58 6.1359617223296155e+41 1.5691607495707565e+41 4.566800972830005e+41 5.628439060143653e+40 3.2853709283963016e+40 2.34306812743303e+40 1.1590268690354483e+42 3.4180803665786303e+41 8.172188326601513e+41 9.678741131535578e+56 1.186200757010172e+58
259 0.47143 10.216106128269214 10.277720106717807 18.244711875915527 9.6452548 10.14646864 6.595397632 10.883782914705934 0.006191852763427224 0.010585316228048489 0.005434511766590995 0.30104269847910015 7.163492905059676 11.90530529197514 2.419901642376226 4221905.0 677987.0 95.76150096680625 65.50798232174657 26.244493070196285 2.260049954188805 0.6465221682560915 0.6779848214528996 0.020873713544103556 0.009697654419795513 152.84164015190012 72.91571390229501 8.965477010086525 9.804741573830887 7.720003276804001 7.67668302185349 10.082019339904749 5.40135112304307 1.1212056933160808 167.0220313121978 9.221988677978516 55.987744246305596 1.5523780558293678 0.5834817429593598 0.00746228635651667 1.7124912835431106e+42 3.8561630554789825e+40 6.8633952230405155 0.09270720278113036 1.0099244388434772e+42 1.328086231257983 0.005987496097216301 3.6421359967775096e+40 158.37322985566 74.19569670381111 92.60038380078794 44.755149685638855 2.9919556716993583 291.13229492334295 0.5457331263461329 1.1116151728619186 0.09341633242956567 0.06310975013182889 2.0483648079592066e+42 7.06086488064618e+40 0.8078328612375085 10.757102900219808 10.583366822349753 178.94117054161626 180.71973656633878 6.967472863773827e+57 2.4635061839633373e+58 5.6780741002890385e+41 1.7390537915666522e+41 3.939020308950265e+41 7.243521046500024e+40 4.500320757252757e+40 2.743200294062683e+40 1.5943673888060446e+42 3.547464700328523e+41 1.2396209187839238e+42 1.2176278284353126e+57 1.2171160845586124e+58
260 0.47302 10.208264672942938 10.282598115054833 16.760014533996582 11.073716600000001 8.954381360000001 6.317328756 10.886262258949946 0.006257542445954081 0.010420666644251517 0.005534292350852263 0.29572164270677415 7.6397282639939945 11.905343759361342 2.4210763453745177 4129807.0 672035.0 97.89314880387406 73.42643810052076 25.435915400886458 2.910935869854547 0.7057370711858679 0.7310997508020588 0.020502444436115357 0.011774902963289773 150.50143664937136 71.64891049001575 8.970843053583733 9.821122140152 7.689015877984297 7.656946117459165 10.080411649921752 5.426873978280524 1.114075514777388 166.52310474829 9.106934547424316 64.26879905881128 2.1430435150582934 0.6410532639183417 0.00939188412005231 2.0337456967224405e+42 5.365956840831534e+40 7.337504439221544 0.09811096578298774 1.1608095525647324e+42 1.94271691829183 0.007951268546241844 5.171174045227639e+40 158.71780873253954 146.13178385809275 62.85986370451136 27.30265247749922 4.832146362801245 171.35550592009506 1.1968643798774974 0.6155384728139729 0.07690847159124735 0.07004234428102475 1.609421271902118e+42 1.0264727173436637e+41 0.8403664751690325 10.76860938610853 10.573246746229717 177.18507034846942 180.72907881729023 7.268436674458287e+57 2.4943128777062437e+58 3.2961351655581294e+41 1.2693837514042383e+41 2.026751414577252e+41 1.048404632330934e+41 6.539980697220383e+40 3.9440656257279025e+40 1.01755890713977e+42 2.130433272076038e+41 8.04515579073381e+41 1.377853468704467e+57 1.211295957818258e+58
261 0.4746 10.257631059973843 10.342431928827326 10.476551294326782 16.152894 12.31960544 7.295735424 10.87071410483166 0.006397447291117568 0.01099356716971147 0.00531054375248715 0.28508932337270737 7.215346053561254 11.905415299638399 2.421615643626704 3882937.0 680697.0 82.56204384861428 64.78326285023901 25.195647579868695 3.513046248059379 0.5583630207403222 0.6485123537050297 0.020015458358685515 0.0138451802718387 152.76778326653695 71.51531674077887 8.862456081537903 9.911716985402467 7.3885818757370245 7.363912770338599 10.120245212784958 5.452254438287538 1.1070375052675936 166.15618246123566 9.378251075744629 56.08582749856485 2.6069339961444644 0.562002967172985 0.01109450121459074 1.4481772172470598e+42 6.0789813139271e+40 5.991667604594754 0.07932621748271936 6.9636988529808436e+41 2.3779921188311537 0.009352784187663962 5.848900524754796e+40 158.69211129916695 178.97978858042356 168.86575075287143 47.08974769410834 16.131656353899473 359.0923053773473 1.3974761938454605 1.4684300361751093 0.09275573469232587 0.08469204304303052 2.5282948739831346e+42 2.0770452955818172e+41 0.9161121609633911 10.756739220661673 10.592620136965843 185.94208458456367 180.8798409601896 7.099828307826627e+57 2.3794765029325673e+58 5.963638053177433e+41 2.5812800891395396e+41 3.3823579645392544e+41 2.0911712476270044e+41 1.1562719000855958e+41 9.34899347829592e+40 3.6098695749844835e+42 7.21451943361285e+41 2.8884176318930757e+42 1.1497207069747188e+57 1.1112002710688065e+58
262 0.47619 10.288411098237177 10.338320762144324 20.121020078659058 12.8108006 13.2141056 8.062746624 10.874772922531818 0.0065496075662767545 0.011388420722206742 0.0053081242232241805 0.2846324245723422 5.669957699999999 11.905509130307665 2.422587034159389 3424702.0 691905.0 64.13810629437235 67.8577535970359 26.317283340155996 3.843052960501121 0.4260845979493793 0.6769282428311822 0.021554897390265993 0.01505122645346506 171.68472976253432 78.01453615103988 8.946005061321157 9.884798625392035 7.649582160866501 7.642090316769399 10.130055813452946 5.477813526932772 1.1000021000020999 165.71104535670236 9.3828706741333 53.36035730551453 2.84574095983278 0.5218588626492789 0.01206305087808043 1.1685699074441602e+42 6.293232777762071e+40 5.224224461655339 0.054849987986370245 4.4971659614723214e+41 2.6180543123015867 0.009942306336009787 6.070071939728956e+40 158.88083068494134 88.07086659321415 72.29263065874133 30.35663897736469 3.8178465478725143 194.29757496409306 0.7056772841045498 0.728691389918694 0.07803020075111648 0.06948704734979523 1.5997065571250498e+42 8.154190614780018e+40 0.8277322220728592 10.760744163368297 10.592185014671566 189.20542016568353 180.05374398847667 6.954445243337452e+57 2.3823926270506618e+58 3.982755144805887e+41 1.398039747084892e+41 2.5847153976038315e+41 8.311947725965108e+40 5.270994633553613e+40 3.040953092437628e+40 2.4758329547538742e+42 7.426534720464366e+41 1.733179480617008e+42 9.601273448728339e+56 9.398137691801019e+57
263 0.47778 10.302956125776252 10.31683341559383 14.366989850997925 15.1345192 13.70196384 8.41399616 10.882527902466165 0.0066373427891907285 0.011676692504227277 0.005393961777295119 0.2978988025009993 5.396192912850542 11.905595252094113 2.4232295318491284 3648199.0 709655.0 66.4478821343074 66.6446457081605 26.596607701168047 4.404867777991906 0.4534050646811914 0.6918565572758466 0.021994596137658102 0.017016249920135167 173.32907881867894 79.28516732716439 8.820563356513306 9.857053539617905 7.53494940288677 7.540748635710824 10.114141052670062 5.503390417232334 1.0930135208673448 165.32914563556056 9.534555435180664 53.96910054956763 3.2719665285745583 0.5528852177006068 0.013703313411699301 1.1627907462939164e+42 6.961926641716917e+40 5.93215322179094 0.07180808827174845 5.441028415076453e+41 3.0286005724744616 0.010854566805358725 6.721813917820178e+40 158.9255682226358 147.08667004759874 187.046830887623 61.40378251171999 16.689688983651603 442.59716663109754 1.1078093527637993 1.8776207689410311 0.11539952523206698 0.08171108491003955 2.4097068261606012e+42 2.497751407074481e+41 0.9463250119861552 10.762638533554508 10.59269977276788 189.73240459336063 179.683767115048 6.785142216013693e+57 2.3510166857415023e+58 8.784921490441178e+41 2.98294174318844e+41 5.801979746289313e+41 2.509248961443051e+41 1.6976756937930337e+41 8.115732665875264e+40 2.574694924954388e+42 6.168949676529832e+41 1.9577999577862915e+42 8.851860065442755e+56 9.528199790296427e+57
264 0.47936 10.28327479963252 10.326730798159605 15.592321634292603 17.890378 13.31804736 8.036052096 10.883833816188117 0.0067307805279310596 0.011298533912247347 0.005534965908310898 0.29996780028657943 6.988688766846847 11.90586580943684 2.4248676818254844 3815291.0 802645.0 70.98112794109456 50.83437800437226 27.766884748615006 4.90687233381307 0.5442171163718341 0.5236206183660992 0.02367658220242954 0.018727768233829198 156.22484517834764 75.56170223378452 8.81915560272847 9.881362661395237 7.571641190706434 7.5926771849603965 10.114349121393717 5.528823835702221 1.0861148197596795 164.79677646805774 9.146017074584961 42.09481324722166 3.618600616865988 0.4303884391810288 0.015268879881512046 8.570826074832608e+41 7.572931021246811e+40 4.231750851317478 0.058590911051759 4.255574838435104e+41 3.3784652742162136 0.011942713228501498 7.344377818906585e+40 159.28622764410397 80.63501212838082 31.373653166201837 31.34981384820327 3.812796509323785 205.3892803240891 0.7593896030942007 0.42226030660652886 0.07701549102262535 0.06921625162612123 6.8457358230340065e+41 7.355037029988314e+40 0.8402137781404885 10.778484780266647 10.576382318046965 184.1590452501746 179.69698296202193 6.672757428725885e+57 2.2624847875096808e+58 4.217650166774561e+41 1.4306880074650042e+41 2.7869621593818265e+41 7.454242225354814e+40 4.943834832061691e+40 2.510407395027216e+40 1.8778234445984312e+42 4.727132283476156e+41 1.405110215410036e+42 8.312177822181598e+56 9.78653635559589e+57
265 0.48095 10.295336062638476 10.320531068413757 8.211696147918701 6.985741450000001 11.64948666 8.333076775999999 10.8881928522291 0.006774331744989109 0.01159123659226482 0.00558362257674349 0.29659272814233056 6.90955528745091 11.905927276242343 2.425608991201357 3921294.0 902043.0 73.01085161107589 52.83029260226431 30.365909470499517 5.057850191688327 0.5725663439801186 0.5694404850579968 0.02583009491495807 0.019154366487700844 159.95744599982243 79.93669540352569 8.70331129500889 9.890895531771143 7.382225778125041 7.41628716866113 10.100085996341587 5.554435478493777 1.0792182139515543 164.39542314409888 9.210546493530273 37.593359486244545 3.6759611533991587 0.4031177823963868 0.015501247989935895 8.697039920851315e+41 7.321035406436156e+40 4.137061371297107 0.05208085504312314 4.4135202069438545e+41 3.4041844037860547 0.01169324129361434 7.062253719771927e+40 159.35378617560545 268.9286500789985 108.9155506492045 26.97149066211772 17.322094812852157 197.74182520363763 2.2731762134882723 0.9664463421977402 0.06758804546285263 0.08369401451027335 1.630532468818196e+42 2.4770120510916344e+41 0.9014840716980093 10.774075857477145 10.588622684887875 184.96713157492806 179.5620538250845 6.737959429597469e+57 2.3067979927155274e+58 3.22930913368908e+41 1.7959833701461024e+41 1.433325763797329e+41 2.484856740853845e+41 1.3015416328415395e+41 1.183315107459265e+41 3.138684678398008e+42 7.271379884731684e+41 2.4115466894186034e+42 9.509299230029898e+56 1.0463649789964049e+58
266 0.48254 10.33209877491602 10.379865039385809 20.3725528717041 15.8253184 12.89228832 9.252327424 10.869746121444392 0.006809729753716906 0.011982625934269799 0.005303080430681032 0.27787621726783485 6.253599254320988 11.906006401945818 2.425365126223895 3673801.0 853232.0 68.39864365742473 43.905628084071324 30.159992007134104 4.8052789790722805 0.4900276304248255 0.49023527983622966 0.024997274750355503 0.018924050070823366 170.9273414870044 88.651397767248 8.997875762054052 9.886168654819496 7.796578703883702 7.8324081319205625 10.198046423724314 5.580064183054404 1.0723670576532514 164.18539507177027 9.85159969329834 35.26459770145671 3.4280732620677514 0.3854154556565847 0.015127864641561937 9.025059991611167e+41 6.264200870111314e+40 4.521686458463711 0.051024850590623914 4.7923012296139455e+41 3.0854200316061453 0.01094329035996242 5.927362240007232e+40 159.05045499744367 94.46235520723984 39.882855964707055 33.4080084134434 4.309591150033907 206.49489408951982 0.7817571622289008 0.5192633205755032 0.07588520900971626 0.06441137416091598 9.325671018633596e+41 7.183481192694089e+40 0.815911171623747 10.744261282333852 10.629130432338734 195.34811682139625 179.5361422833484 6.753902609054402e+57 2.2252909410502142e+58 4.58283715272561e+41 1.475870142143943e+41 3.1069670097766034e+41 7.334515753663839e+40 4.97842723890705e+40 2.3560885121883135e+40 1.6359424640819816e+42 4.330431981944984e+41 1.2028992649570222e+42 1.0739376484551381e+57 1.0116558401907501e+58
267 0.48413 10.335388360503527 10.365174815769828 33.801453590393066 19.4294268 13.84569792 9.460615936 10.87585380620825 0.006920728489227332 0.01213184216934129 0.005424133329843999 0.27978043124718394 6.296868835777573 11.906113928336607 2.426047603381343 3864131.0 933121.0 64.5910862026482 46.52065968024229 31.13500952601909 4.591591399791468 0.4807504579482811 0.5201016144523857 0.025496183282788628 0.018239046415738144 170.42121366322738 91.81805152852988 9.146921785866557 9.869039622373382 7.964228384390598 8.008938363966816 10.182808510483277 5.605709703551148 1.065560903063227 163.80709527248737 9.826440811157227 34.420311762877134 3.186513074503249 0.3737514886419682 0.014393612667373112 8.86821643592518e+41 5.550671283129106e+40 4.12963125117545 0.04501624501508685 4.67525347120441e+41 2.794427415474129 0.009835990698240385 5.167240613289296e+40 159.1285659099278 91.2250511145839 243.28006196068708 62.190054465311924 10.078385139019856 442.1697943317146 0.6937573600211023 2.183520917042338 0.11221003256360944 0.06936744540261523 4.019892647231994e+42 1.456721418459837e+41 0.9466855402159595 10.738893257534901 10.638549547392516 194.06189402229796 179.56466136934753 6.727493932407717e+57 2.2248336895838627e+58 9.297013961721963e+41 2.6709079176813535e+41 6.626106041478699e+41 1.4881990155802454e+41 1.0784168907995452e+41 4.0978212260460503e+40 2.936763148082706e+42 7.40400417241235e+41 2.196362730831039e+42 1.0959523027466222e+57 1.0572740471673648e+58
268 0.48571 10.318981880577542 10.367899581819383 29.23477077484131 23.5525792 14.620078079999999 9.353791232 10.87933979907474 0.007164633437710493 0.012303175025440682 0.005464960625580654 0.2693686331420475 7.889612913103359 11.906179967065027 2.42779301532475 3716930.0 1166342.0 63.057707210440775 53.14503279099462 33.31228957926843 5.5636614695655275 0.5093817942466468 0.5924127262487942 0.028917131071196537 0.01872378815936885 176.0521590878068 95.93477694741306 9.089247944278187 9.910011215343383 7.941084177892647 8.00312757897236 10.164094370566199 5.631210346743716 1.0588416956620206 163.2245566947011 9.315098762512207 42.20193020031869 3.552391943592709 0.46750958031477635 0.01423849372638705 1.3585165729833435e+42 6.958147624069665e+40 7.406878479708189 0.09038093652403904 8.249442609401666e+41 2.898413265540388 0.009303940802967606 6.083866079668978e+40 159.5598536544749 154.51439875564265 43.661242104287865 25.32725366724062 6.494823057605281 166.1018210330301 1.368680179416853 0.5540638309199913 0.06745980428663002 0.06877209442906665 1.2443179103622517e+42 1.2590053450635107e+41 0.7354168592127059 10.778654590021056 10.591088303764408 187.3736372415016 179.44225766613934 6.967433527204272e+57 2.3413276779503583e+58 3.625513134161116e+41 1.2555082194700354e+41 2.370004914933358e+41 1.2754609115185358e+41 6.994167980627551e+40 5.760441129640955e+40 2.112357940947653e+42 6.855776161153295e+41 1.4267803246697425e+42 1.3261868210942208e+57 1.1004585856871102e+58
269 0.4873 10.353491693748254 10.353444249606826 28.534069061279297 27.9434168 19.577603840000002 10.178759936 10.882858071865261 0.007260384102460673 0.013021776485557994 0.005476008014862484 0.27496880572232696 7.2855001904571255 11.906249834321578 2.4280147402666135 3904296.0 1176604.0 57.74071566364419 59.12706105661479 33.050463811078096 5.752763647833985 0.4527004372373281 0.6615682565745471 0.029724660792236506 0.01773137974585215 186.16028907244527 100.26127775913653 9.060101176826645 9.861892346584794 7.9383457023395 8.010993383285028 10.165148445168779 5.656888662367069 1.0521239482864764 162.92956039639662 9.636042594909668 45.323486060377896 3.692409949083403 0.5127051796204007 0.013214808701157304 1.2638651089970519e+42 7.530497211719308e+40 6.942649281100691 0.09398396207444486 7.204377329483877e+41 2.941669741132749 0.008318268937781195 6.453771438996843e+40 159.43527529932774 218.6469996085904 147.07416286843505 25.690241117399417 30.222407682595737 222.61567304400262 1.778155342288506 1.5226866465270261 0.06413387831632518 0.09303544331866764 2.595007284631631e+42 5.024736511800877e+41 0.8757882208034306 10.760768926089261 10.615719915860373 192.59412562110208 179.59020188386987 6.838852212149922e+57 2.3108471429085338e+58 3.1684015250332495e+41 1.942509975116505e+41 1.2258915499168063e+41 5.034452058939355e+41 1.6130529767935744e+41 3.42139908214843e+41 4.0270812200642426e+42 1.0925315204202158e+42 2.934549699546758e+42 1.1775371390407226e+57 1.1052265491292895e+58
270 0.48889 10.349567136510121 10.30884813425094 12.70852518081665 14.1601314 18.42779968 9.90525696 10.89233148130776 0.007267505161457161 0.013269506598198515 0.005833111303357769 0.2929040737477342 5.069289794231922 11.906335041805091 2.4273885377431217 4293175.0 1119102.0 65.9932373284685 83.0845590095586 35.11595577093152 5.640152812964763 0.5352477468656576 0.9667171257503466 0.03254869001196627 0.017076933202901823 198.9182765478435 111.32170598654325 8.805699780635571 9.87860786275996 7.495758844075094 7.588729923095948 10.086215793032805 5.682583061979471 1.0454498967047803 162.79768294031194 9.901309967041016 60.21474341479409 3.9518230561652503 0.6878205929779287 0.012905126770640186 1.4659068916098048e+42 7.647236701630425e+40 7.132086741598808 0.1036838113663717 6.472763924086396e+41 2.816194043540282 0.007692370324619695 6.317350836427027e+40 158.95498343034944 74.0686117372247 100.05880235045647 27.743030965219347 6.586837642792361 202.02551997005514 0.6101415569828731 1.2107713380737068 0.06604930905636966 0.06404178251915248 2.3114789312019174e+42 1.057641584678424e+41 0.8167586020855232 10.74548123988166 10.630974651083394 191.14809745990593 179.61162736882764 6.714329285501096e+57 2.3248062652034474e+58 4.203226769595529e+41 1.2456674387165071e+41 2.9575593317324137e+41 1.0727457574338836e+41 4.638436418100732e+40 6.089021159915937e+40 3.6497481000699957e+42 1.3176881983101275e+42 2.3320599003020574e+42 9.962466783191476e+56 1.161260081760418e+58
271 0.49048 10.34434988761957 10.268089310460386 11.433196544647217 8.248286499999999 15.0198328 9.537847167999999 10.903588901315858 0.007278593957984099 0.01306518903257691 0.006158718543725503 0.2967325902932362 5.4263372122317195 11.906437882625914 2.427585045333219 4516208.0 1163456.0 76.42833224703665 101.16589354177063 34.78254933249467 6.8850810111158856 0.638118059076245 1.2597578700832617 0.033253351054451735 0.019073423320806637 197.97992586848574 119.89483237609119 8.684095258350983 9.820412808675638 7.543265477750673 7.62233162932697 10.061536453869838 5.708293302441379 1.0388191159680313 162.51606996631077 9.861859321594238 88.17928187322201 4.9494484693133 1.0803659811422306 0.0145199544280378 2.5615316340154653e+42 1.0155793677246644e+41 9.422142964440644 0.1715943617422671 1.5134445386499848e+42 2.998870122062804 0.00825658428669592 7.74264474062449e+40 158.97655188609608 256.4041085114878 341.24553749242483 121.9791671010494 21.859399165039356 731.1270817049223 2.210171247830584 3.237059135036134 0.17684700864806135 0.07936209629602353 5.001594242803227e+42 3.342011867776956e+41 0.9552051152460813 10.754887590809325 10.62076591153733 188.16895684796935 179.62021330887893 7.115837178333425e+57 2.3746077490384698e+58 2.43571848221623e+42 4.067519335914111e+41 2.028966548481662e+42 3.355128456594897e+41 2.4129788438036012e+41 9.421496133772914e+40 4.2264593102779876e+42 9.688857495762961e+41 3.2575735599686514e+42 1.3697404209682499e+57 1.1978036745473744e+58
272 0.49206 10.325445808086833 10.281020869573421 9.98519253730774 7.6866252 13.13450528 9.226597887999999 10.912846170663997 0.007322478654442128 0.013428927589964876 0.005991186517783452 0.2972084938633712 8.616262557368138 11.906564481533957 2.4302671356538488 4275763.0 1141443.0 59.41696150553689 63.29504673654193 26.583772868292396 8.947124885958498 0.49672220243340515 0.8092675642660273 0.024098802982989526 0.022948971445297076 167.86355098084357 125.07563171491093 8.77244313960942 9.79197728586873 7.424479662956133 7.544769248219171 10.095691736530787 5.733857295331344 1.03227248709507 161.77826973396284 9.6377592086792 55.025954499162445 6.077727058323248 0.6989533773715005 0.017044041945400927 1.375135548025097e+42 1.1922996518872537e+41 6.784031134053863 0.1125812841221176 7.816810122566446e+41 3.228008801819452 0.009282811808420536 7.443264786087969e+40 159.8518663343764 88.41040020236206 156.16767256259104 98.86422298010366 5.03557958018317 510.78427168001775 0.8018452316691579 1.6057817753686163 0.1686783140068921 0.0655699333896838 2.5869292154990276e+42 7.666127177630812e+40 0.9416306939487915 10.789778490660224 10.5942697155726 184.87291673017506 179.66188275617506 6.914365850839626e+57 2.528596565658354e+58 1.9672240164846705e+42 2.4374845713633956e+41 1.7234755591746878e+42 7.763211751249564e+40 5.013157592057501e+40 2.750054152207772e+40 1.2693087831506965e+42 5.4279389039063265e+41 7.265148918451441e+41 1.1332862540589642e+57 1.1443478716816314e+58
273 0.49365 10.29521792108876 10.295082470329623 14.673306703567505 12.768529000000001 10.971751040000001 8.677246368 10.920378707212505 0.007428867526159013 0.013298128941177283 0.0059439865287946566 0.3018602568566684 9.138948031294756 11.906759295022725 2.4325010537252894 4221842.0 974837.0 75.75915391687163 46.55263224915806 22.808116154477133 8.52936884984176 0.677017834001543 0.5814162652883588 0.018686137140592318 0.02266033104307219 152.1341651713572 125.82510621698506 8.889704796193678 9.796378801737438 7.592215906001535 7.734973832441547 10.115455386597887 5.759598394999809 1.0257267294641954 161.1387885873243 9.330770492553711 41.244249021796605 5.897222094910454 0.5129182747899227 0.016939070290508798 1.0714686748309366e+42 1.0301900458419e+41 4.82774318353395 0.07567769807567651 5.936001112466576e+41 3.067111381079724 0.008885462456830098 6.374769237805779e+40 160.52365769602994 203.239937636527 56.44081013229951 22.75242559544978 18.63032930737089 187.9760823447469 1.8532561614808085 0.6563999766095865 0.06580145468900042 0.08673770732764487 1.0244082332534961e+42 3.780229863152196e+41 0.9004283353626718 10.81822304318446 10.57027831959645 180.2514654741615 179.48542798993424 6.880941412529215e+57 2.702567364745168e+58 3.2563209955832045e+41 1.3342167342406973e+41 1.9221042617010983e+41 3.792267493095935e+41 6.397385826978412e+40 3.1525289094776384e+41 5.69991841743817e+41 1.5262786473209966e+41 4.173639774137198e+41 1.059362510439346e+57 1.1804470335268366e+58
274 0.49524 10.34890924322458 10.367027092086772 19.271355152130127 12.3876572 11.232204320000001 9.72324864 10.900057792979513 0.007507198706879336 0.013589761047834393 0.005643275472845052 0.2926521729939532 7.6157524938107315 11.906809134828436 2.4326038807440753 3980021.0 1005373.0 81.70046847696736 29.620481181062388 22.966193524613484 8.273290794740852 0.7066242496364888 0.34084044583498785 0.01871876055470208 0.02147241579361162 155.18833485497242 129.28060246919193 8.973132621572518 9.874172037767009 7.646117782030267 7.800174820091497 10.187828535312367 5.785354611758119 1.0192230029884501 160.8700934047588 9.554931640625 25.2487367087139 5.55213108821535 0.2873237190086995 0.015607705608572957 5.0998875080379834e+41 9.330213131956648e+40 2.259863676245459 0.03140807050744143 2.3047818908640894e+41 2.60053053496431 0.007660108629065316 5.360105505600368e+40 160.3686270483146 225.84418365928857 159.73894817379255 23.745250551240026 86.35778386019663 183.08650208201706 1.8415339681256553 1.6118341212048455 0.06708141619886133 0.16914539249260785 1.725683309013887e+42 1.8442483457311318e+42 0.9639305418962382 10.792483201653347 10.609729884051173 190.87486362031754 179.64255240893405 6.626778621199258e+57 2.52475738329525e+58 3.0922556143521818e+41 2.0550724432833956e+41 1.0371831706304804e+41 1.8448473887601644e+42 2.1572848414721467e+41 1.6291189047592065e+42 1.9915222942684996e+42 3.694979482450337e+41 1.6220243445740066e+42 8.248218865087277e+56 1.1298132027703378e+58
275 0.49683 10.386322624244485 10.412391653755092 39.601191997528076 20.5994978 13.41881656 10.569519807999999 10.873556137027528 0.007636108371796005 0.01343698090334704 0.0056278138919741896 0.27858057701605154 5.792979612702703 11.90690419798197 2.431047448516213 3413898.0 1188850.0 69.15337829754027 25.32614354274389 28.243172944758392 8.097964254710664 0.6197337897519115 0.28325834501432945 0.026233279360545113 0.019919140204456343 186.24831459598155 129.88002022778184 9.197518165526702 9.896538261168313 8.14675361419669 8.252566141754146 10.24232689387084 5.811125705242777 1.012760904132198 160.91814338136305 9.603005409240723 18.822446804055485 5.236747989919375 0.21475456909719337 0.014060470398722052 4.439754412577917e+41 9.466465303564447e+40 1.697583029303751 0.022609712148716547 1.8560131535748097e+41 2.5189504795495585 0.006727870603536005 5.753544756461036e+40 159.48298144658162 135.99753035314555 23.19655821304943 82.89406225340382 4.302036547079305 464.17805182003934 1.3391755244292018 0.3567796727369701 0.14473768670230674 0.058731315613881514 5.632850878814509e+41 6.703879201141885e+40 0.8125966367007376 10.768190866899282 10.622699181138781 198.06764285464058 179.61708044484732 6.424977095434316e+57 2.2749309823974146e+58 1.613704769931867e+42 2.2350903972220533e+41 1.3901957304077649e+42 6.824829551137385e+40 4.641343778822708e+40 2.1834857699444275e+40 1.497413218230157e+42 3.5055385750101e+41 1.1468593613846225e+42 6.38121543968181e+56 9.601864251438866e+57
276 0.49841 10.408987818353198 10.424613728983209 30.029083013534546 28.531328275 18.09547104 11.344530104 10.876842985822787 0.007795872845999718 0.013961666598071984 0.005433009119067085 0.26709034631925305 5.153662251990451 11.907018399576447 2.432896233440334 3495240.0 1059480.0 69.37087558086405 30.058986335482796 25.063585784327017 7.818681061746836 0.6024646666028945 0.3463436119879617 0.021472669089098815 0.019849010278942904 176.7013250810049 122.5611096236139 9.135427463015334 9.907614597429964 7.936091484964785 8.078705137752978 10.252914536698102 5.836749216149707 1.0063802893200378 160.34235347366055 9.516876220703125 23.536205082720855 5.210833603893352 0.26926436375986573 0.01420172533686893 7.298556881177387e+41 1.139867808342799e+41 3.1262978192913553 0.0492500702562571 4.10093851925386e+41 2.6873632057394534 0.007137103277685744 7.904072014793806e+40 160.06788606512043 193.30700658868054 272.56781645468806 82.60383714937585 17.450053704585514 550.4811054397296 1.6249199815490294 2.5531048186672844 0.13814494506895708 0.07000208486435161 5.61500799165061e+42 2.4351773511878393e+41 0.9303771765064216 10.761366396009757 10.645093655518485 202.0945448719328 179.59136595749177 6.517970383155809e+57 2.394297483337287e+58 1.402757797973106e+42 3.1265009105612584e+41 1.090107706986268e+42 2.4533926219154333e+41 1.7680348363131257e+41 6.853577862387598e+40 7.127489899349528e+42 1.5727563610776266e+42 5.554733537734756e+42 7.600401084297335e+56 1.0274517060572194e+58
277 0.5 10.350235440983846 10.321662978106652 16.28201198577881 14.7988192 14.979577599999999 9.873374848000001 10.914295025017427 0.007914347949516619 0.013703322257089359 0.006207297893727855 0.3014752872557271 8.563681976848644 11.907130272688061 2.4347849239965083 4215362.0 1002556.0 89.92832251873173 73.29649431986417 20.52031362502965 9.496132117697655 0.7863574116411746 1.1890220431872143 0.015073522912944578 0.02260094825107554 166.94320170631605 125.9258972584532 8.921177889947993 9.844112373269612 7.655598648727048 7.822663781592138 10.130039809558046 5.862549255024051 1.0 159.76006059159815 8.963665008544922 55.35386814703947 6.571766655433768 0.906715165669831 0.01627778260514308 3.560948563845163e+42 1.5354992381549624e+41 12.096122775803941 0.3015541741215575 2.9215957400035846e+42 2.8777045255510196 0.007654125679163366 9.495201023964897e+40 160.66704668377483 175.70443551151743 63.53810673048936 72.26168617204661 5.321594164902368 398.6744655151127 1.4822296678769369 1.0348854094339297 0.12767361649636116 0.058525491115180794 2.99086093788917e+42 8.13208481861078e+40 0.8056537102473498 10.788752572149994 10.618898677171375 182.70243794711013 179.60279591397395 7.456433548639233e+57 2.7952062138962485e+58 1.1462659573215776e+42 2.1677316431379342e+41 9.294927930242456e+41 8.215130686561975e+40 5.413755641269594e+40 2.8013750533204413e+40 3.7275621292037086e+42 1.435435345749478e+42 2.2921267774161614e+42 1.5950951304643114e+57 1.3805796528683416e+58
278 0.50159 10.357851561752932 10.308655082222899 19.21733331680298 16.527284800000004 17.2861184 10.090518144 10.923790276858242 0.007988092617776577 0.01341530255115834 0.00639789473834515 0.30785154447209323 8.644674348403788 11.90726892469924 2.4361286537814064 4325079.0 892125.0 73.74826901833498 70.70289946617463 20.787285591546308 7.726403710052729 0.5921817903802353 1.0866368249952185 0.015317940084873034 0.01953721556439481 169.9338547071033 121.16310072860902 8.980251947892624 9.804581908512255 7.77780169812323 7.9508287563171045 10.127987238072546 5.888363455297734 0.993660160689009 159.28550072024137 8.890161514282227 58.781594000656746 5.416469204933459 0.9020257685817199 0.014222876757241298 2.337326227342567e+42 1.2076905175608238e+41 9.917152935538697 0.229011811726726 1.728169806746606e+42 2.8292653135546977 0.007339122542670929 8.097199392408296e+40 161.1063575426577 44.59750741742657 122.48854380261365 24.093237427972976 22.082625511848548 194.7843521357373 0.4375371322553101 1.698688512967925 0.06409690091969704 0.0852346953458013 3.207132531672012e+42 4.036228981458739e+41 0.8728168487302836 10.779972604061753 10.643527128623532 183.3350434036342 179.37080521460672 8.120355477801688e+57 2.837016437269512e+58 3.169770338773139e+41 1.1877143197457834e+41 1.9820560191886486e+41 4.0830799025161525e+41 7.018507031353919e+40 3.381229201490716e+41 2.1813790724162272e+42 9.947563156466826e+41 1.1866227574841063e+42 1.5018357713276624e+57 1.2652606825934908e+58
279 0.50318 10.343055170600941 10.301476992973335 12.553664088249207 12.039140799999998 15.82107336 9.769190496 10.923693062572779 0.008070304519880406 0.01338914563631795 0.006604204416826665 0.2998795592876329 8.64999605005775 11.907364653015975 2.4363869358459915 4348436.0 953558.0 67.76246282332845 66.28325358601238 21.029983824807093 8.351962878696865 0.5858152892288412 0.9524558083796002 0.016145966246794725 0.01988495278515351 175.53901918201112 129.02947832387366 8.83501860093135 9.85657912030698 7.572335440236654 7.766280091854829 10.086348446029655 5.914191579464433 0.9873603879327479 159.00387835994343 8.774028778076172 51.12757813168669 5.653228016872958 0.7495888829499123 0.014035662260394315 1.7016951936602804e+42 1.125551771433078e+41 8.261685465080786 0.1627353756136211 1.1455499484438089e+42 2.5084061286991197 0.0066217989731810305 6.30623906484103e+40 160.92406725900952 136.3330003654153 31.607288365126585 36.866624011369915 4.727497685537959 246.37517947907193 1.4281766864150105 0.5024520847302583 0.08070168098979286 0.05571661862977635 1.2143378146688653e+42 8.864438675356688e+40 0.7377287249491722 10.794545953589342 10.61908234082147 179.80699468931593 179.40964649947924 8.547885591214725e+57 2.796897928950367e+58 5.269534710833101e+41 1.5241696821417167e+41 3.745365028083533e+41 8.926103636204825e+40 3.484433176391697e+40 5.441670461839653e+40 1.742752333448155e+42 5.539993983100315e+41 1.1887529358025641e+42 1.637553922264584e+57 1.224789476106566e+58
280 0.50478 10.374646147463325 10.32203159925709 13.731492280960083 11.893504799999999 14.20304 10.45565952 10.92106697237059 0.008159940062508088 0.01390529140484687 0.006478415346058212 0.29462371043888363 7.785773698575498 11.90743968926278 2.436948282632117 4330918.0 939439.0 71.64588687483925 55.996696646464855 22.973818365619728 7.618792118129194 0.662327391910156 0.7328991219976387 0.019606806824260106 0.01833897732412895 185.9602106449539 131.97245673828343 8.883637731679046 9.886365023739025 7.575549319687113 7.780051893688304 10.103855963371423 5.940195960672743 0.9810610563017552 158.66282332260505 8.902990341186523 48.14312878473356 5.177377119881179 0.6244625376290176 0.012968706329680701 1.1944979377055615e+42 1.0132946108482305e+41 5.844813925704465 0.09091480092325167 6.111854438462747e+41 2.3283440167664957 0.00617662271610293 5.49795744343583e+40 160.99896198250391 229.81286323608848 204.28307422182334 42.16192088585546 19.648193432154724 294.18681891522715 2.2536634157817494 1.9001757417715224 0.08756716535897607 0.07356954095441949 3.3465053388282764e+42 2.927754900613776e+41 0.915546377479034 10.780728490562007 10.643598376865576 186.17436653466783 179.39204941686015 8.293461890023265e+57 2.7589803443743124e+58 5.638714970349043e+41 2.3839357989584856e+41 3.2547791719632544e+41 2.9356488883789414e+41 1.3901286322923053e+41 1.5455202556032785e+41 3.98950097253275e+42 7.62765383956635e+41 3.2267355862983875e+42 1.3092264279530617e+57 1.1944899546586668e+58
281 0.50637 10.433228552727265 10.40266711431898 17.179004907608032 12.2503283 13.22314216 11.964835392000001 10.899604351063092 0.008201168349227189 0.014780420609818882 0.005900956896367173 0.26689571987056215 6.435835980780779 11.90749480967361 2.4368102767006508 3847491.0 911055.0 64.29179921986693 51.32656923946413 26.14782838647678 6.303547440455157 0.5504311812532267 0.6312149131229604 0.023855940076928418 0.015541288280102553 203.81676259454667 128.02439652890223 9.003206671399228 9.876783219522688 7.622702293400589 7.858561498132246 10.237856950946531 5.966051306875638 0.9748405316270712 158.4487534796479 9.331538200378418 42.6072442135719 4.315497678967226 0.5147667122103342 0.010997220129072418 1.1058272294815555e+42 7.991186500601064e+40 4.525267842960265 0.06764159624519836 5.270706732517544e+41 2.248031520994175 0.005708645579674604 4.708193358547873e+40 160.89105298573716 238.20411859864842 128.19864967272989 64.46687631962004 16.568281915741533 489.4137881423688 1.9398986165660188 1.4000291812355594 0.11026142688296627 0.07265996157028695 2.0950149989577722e+42 2.531015278145665e+41 0.9277234296211864 10.779987406870106 10.647186283614179 200.48520523120342 179.19470787416358 8.225428484239364e+57 2.691549527784703e+58 1.0616075731798525e+42 2.8474549139478687e+41 7.768620816641416e+41 2.5375483793377887e+41 1.3494330296820138e+41 1.188115348974264e+41 5.149184460089775e+42 6.117278715780036e+41 4.5374565856118645e+42 1.0684662202140626e+57 1.11791471831226e+58
282 0.50796 10.406990789355692 10.35737123776872 22.279998064041138 20.41815045 12.82947136 11.49835208 10.916316946357247 0.008439374415730455 0.014589761680596829 0.006252407868555417 0.2794957070066766 7.877695821690922 11.907592018904024 2.4385558710479014 4168112.0 984515.0 71.8233882644288 72.89545259949611 28.40429242606049 6.878118620164 0.6900530033515526 0.9644881113992372 0.02938851452725165 0.01642534780966748 204.3883622784572 132.2572907661692 8.993580339444646 9.807505185465587 7.8438350793700815 8.04338744475541 10.201420078061897 5.99191986736221 0.9686589495235847 157.90062937585384 8.955775260925293 60.256719069967524 4.718610693302696 0.7956688122956819 0.011593210565530787 1.6816819704383447e+42 9.033761374060165e+40 5.795506308136735 0.0978999511933669 7.807884343459947e+41 1.9942144762793907 0.005367974001472684 4.450812012153591e+40 161.26412363617723 188.47326396320295 382.8171663315074 61.026800166118605 25.61322644128687 423.78739194463566 1.7330183047131569 3.768056083949795 0.11413338044175293 0.07993472051847123 5.069022070099766e+42 3.428060280587436e+41 0.941165394726787 10.768124178648158 10.668514658681191 190.0528076337971 179.20477101166196 8.328677220687257e+57 2.8238319909814547e+58 8.825787383590536e+41 3.1332941437606024e+41 5.692493241259111e+41 3.4428073026300716e+41 1.7205061296178833e+41 1.7223011722084186e+41 3.123104622715031e+42 5.57642250168249e+41 2.5654623721884063e+42 1.2394817291722796e+57 1.285068552411853e+58
283 0.50955 10.428972096414501 10.419459694005731 27.51643991470337 23.4783648 16.086377600000002 12.182056704 10.899394885756765 0.008558482477869478 0.01503594672644124 0.005860843289631671 0.26789154863521486 5.407917332055132 11.907765716651168 2.4386077024847306 3481743.0 956635.0 52.76352777473523 48.56866539772748 34.52905361923838 5.599250691806474 0.4648254874320871 0.6301134176800689 0.03681586199400193 0.0141455066184825 229.36101918521302 120.57903122004053 9.042904818233213 9.921706021312099 7.939633062794288 8.12663955598799 10.237616931505421 6.017801407571966 0.9625159454420569 157.6762013171484 9.213367462158203 42.762413594772305 3.8397086706570955 0.5470378334766295 0.010037906833866093 1.1114657470988663e+42 7.000126369718432e+40 5.127733123035828 0.08699953264149862 5.71578422918793e+41 2.107900254411458 0.005433554967982938 4.28425627007354e+40 161.26844637381168 106.4298778145093 33.86549546794453 39.804844620979274 4.15418661906796 341.73156362783266 1.069052839059925 0.575289193186973 0.08453482935699469 0.05616143799264092 1.3705772434814854e+42 8.77627277755659e+40 0.6457917490469118 10.810333910649273 10.612541250959975 198.93906761842325 178.9883837367486 8.208979423611508e+57 2.7537176362316713e+58 6.22396004351867e+41 1.7087546580729236e+41 4.51520538724129e+41 8.851140649696232e+40 2.621097509549898e+40 6.230043149871347e+40 3.283634600741571e+42 1.0476323956889606e+42 2.2360022054497954e+42 9.733889458030682e+56 1.0327737089647627e+58
284 0.51115 10.443937289542163 10.404437576527036 23.792026102542877 15.924908575 17.30829578 12.5208216 10.907076205885334 0.008639177904020709 0.015474603272433152 0.005956058711702761 0.25776481294073544 5.5537321916660245 11.910758147128123 2.439984602127064 3639576.0 961805.0 50.57988591224348 61.56563356808937 34.23903264974547 5.58194881574145 0.4363723921036162 0.8997008100119149 0.0350880413945687 0.014050164400509012 206.04602563905948 119.33559402594601 9.071701736214806 9.886934315477019 7.827461516905014 8.058163817849216 10.230988086989186 6.043858590677269 0.9563728846718185 157.7223118925723 9.145695686340332 48.553188633048435 3.8032827676513743 0.7077366692119443 0.009908232851096379 2.1864722089998315e+42 7.058004529947266e+40 11.866203628565847 0.2180862858112604 1.6427058316443787e+42 2.0321073969575156 0.005367083922542564 4.3002118555605404e+40 161.48220732548248 37.9110205312936 87.10828085815156 62.598872872315454 3.1515448856811803 390.6260390724688 0.40704886015894454 1.2424563107850526 0.11992868043048333 0.05447221951195358 3.157430381984634e+42 5.622231006944601e+40 0.779352153456388 10.803538024228866 10.628416501371092 200.32539757253377 178.9744651698138 8.809058064101472e+57 2.8147860460803286e+58 9.646543500654986e+41 1.7688276869950718e+41 7.877715812016835e+41 5.739441145361949e+40 2.939442400857364e+40 2.799998733248702e+40 3.911577656320601e+42 1.6681793460298554e+42 2.2433983079590208e+42 1.4904867277228476e+57 1.1213140822344714e+58
285 0.51274 10.454753180001662 10.364583096915466 17.165321111679077 23.1224364 20.11955584 12.707598336 10.92396564696471 0.008748064495315766 0.015764532839176698 0.006192940617214189 0.2564748487990355 6.447456440568773 11.921534564023407 2.441522818315574 3791857.0 869119.0 52.53789658892921 71.82865440622393 27.875996784969324 5.5364964653819335 0.4698714162943161 1.073886380425208 0.02402144730712011 0.01424250691388374 168.83611479970065 114.1198069063857 8.981211797846889 9.867303833252599 7.668330489348786 7.921146824609937 10.179839629782798 6.069765467607957 0.9503061980730976 159.16142460443962 8.965625762939453 54.25675718108997 3.793522074699474 0.8220501888567683 0.010133408166990682 1.9828373790889532e+42 7.334492296459036e+40 12.531436717455195 0.23951573780912344 1.3977651655148094e+42 2.0442059659532905 0.005708038868543798 4.666439784379532e+40 161.907411441506 69.74881671379853 50.394389809729525 47.22114123676338 4.66017348223461 320.46024515791817 0.7151989100804074 0.8841858524822283 0.09051297790852507 0.06640373236556661 1.8293344475167126e+42 1.1482571105540958e+41 0.6823693939256602 10.8223472322536 10.609206459113308 198.25481866514178 178.91434217229383 9.217627239588094e+57 2.9218114097688096e+58 7.113933873270436e+41 1.6415962478956526e+41 5.472337625373497e+41 1.1634625731141709e+41 5.634554550932504e+40 6.000071174133945e+40 3.953285538469001e+42 1.1757130356201396e+42 2.7775725021442492e+42 1.5722843873505168e+57 1.1333078306713664e+58
286 0.51433 10.460961958523162 10.302573019989424 5.70367968082428 8.4004162 15.29410824 12.565208 10.943874772832782 0.008741247306113996 0.016023542681381696 0.006557449985328714 0.26329980469903885 6.6967653434402346 11.921612378970439 2.442691890701562 4214697.0 830292.0 54.328385197057656 89.51204139921695 24.13854883936988 6.070268186982981 0.485633431277022 1.3344781421050664 0.018679760626586144 0.019554515644003508 142.20093946579112 110.75722318726282 8.70241010344352 9.828051001928285 7.12471634804759 7.4400440538123105 10.105817654768765 6.095684623625851 0.9442770205898938 158.71568951531953 8.935168266296387 70.32029083436885 4.304230155965283 1.0397948066945357 0.01512224061859432 1.865768453279668e+42 9.907919409727353e+40 9.088266278479795 0.164311676497366 9.725084711034175e+41 2.4296492694429825 0.010528289587107014 7.098451410472148e+40 162.20993988244504 181.0384720643046 249.14459388257487 58.64140103973453 31.757574988009395 447.87893701588445 1.5621247596976222 3.044128091149275 0.10057728867686098 0.10993652338729086 4.046013420391e+42 6.1406956113129724e+41 0.9307264945574458 10.82609604733141 10.612198944181483 196.74195345461487 179.04070808591376 9.262904618381934e+57 2.9925970400066984e+58 8.868085397667875e+41 2.785481216124742e+41 6.0826041805895896e+41 6.150507475658233e+41 2.6369891900599376e+41 3.5135182864135936e+41 3.49184775708376e+42 9.593774180280969e+41 2.5324703393449024e+42 1.3520671434188345e+57 1.2156991030653902e+58
287 0.51592 10.431957566556846 10.314504528228131 7.030655860900879 9.066414599999998 11.82302768 11.809372928 10.943570549366294 0.008865083394425844 0.01523660842402702 0.006724490771620342 0.2707550036615001 8.43693413544827 11.921713887989709 2.4436796816577075 4204831.0 845784.0 52.96761032420548 69.6564001937224 20.295926954930376 8.5646879274762 0.5025484513976242 0.9917151748558201 0.014506568849903855 0.032332242980006025 131.88235096484036 116.89700811131063 8.682778831755945 9.820507809571028 7.17784474680895 7.507970027585448 10.132803848710012 6.121615827193879 0.9382850054271978 158.30931349773368 8.595863342285156 58.03511784044925 6.480777067634707 0.820540258009975 0.0269589838102169 1.1129923884273068e+42 2.0208846940244762e+41 5.021466863990988 0.08347071939123289 4.376324338115081e+41 3.7387781934551643 0.02093909248940398 1.6070861776365535e+41 162.32373100416808 251.9563012173499 117.40555387686504 37.58249473017964 13.446972739169729 255.09773305341233 2.6986386311644828 1.3041473498934397 0.07755341812927112 0.0857166352336134 1.512118907928576e+42 3.1927943793993625e+41 0.936938864966609 10.841821039270448 10.590751004155974 190.3921520545809 179.03182176052496 8.978194724365194e+57 2.786222525066389e+58 4.602879353239093e+41 1.9901923143720754e+41 2.6126870384672e+41 3.203271705311053e+41 1.601549891675206e+41 1.601721812131462e+41 2.1079389694862384e+42 3.55818058338214e+41 1.7521209114268478e+42 1.0587069390066637e+57 1.1015393931698974e+58
288 0.51752 10.471306368367737 10.33520531652529 15.65786200761795 8.8228511 10.00361148 12.57040048 10.940867688081758 0.008799939291900266 0.01599321681653292 0.0064626275572325234 0.27931769760615727 6.016734402442442 11.921778337606375 2.443957997780103 4241889.0 828231.0 71.53342206206439 39.333105979599495 20.533361396771657 8.942913135215266 0.6567499658370294 0.5450312052421677 0.014407704078414458 0.03807940435638673 135.69658037724668 107.79439195300853 8.970060761424055 9.801952795092431 7.732273141909854 7.985202406568331 10.173811729777617 6.147722048097678 0.9322924717885299 158.0254898536521 8.944618225097656 34.34727240443969 6.879928348384236 0.4747011614891291 0.0322843168574423 5.684939932191264e+41 2.360997017830121e+41 2.2618586530892237 0.03311126294496902 1.9453329837396834e+41 4.446966939619417 0.02600512524271371 1.995962723473148e+41 162.256372612431 87.93045876594337 39.75374666013831 30.245563501551 9.224586601692911 195.2761565318599 0.8840721787000362 0.6541064705623385 0.0706558991851333 0.08817099247399236 6.400565537507752e+41 3.037424139368836e+41 0.9113535849178422 10.823182544953875 10.626881078461828 199.2212645113504 179.30910467577044 8.525994462390886e+57 2.740962553958398e+58 4.1521382928219355e+41 1.3707407836231465e+41 2.781397511608923e+41 3.04664008045911e+41 1.329315708571792e+41 1.7173243704575795e+41 9.367460748044178e+41 2.901117850336967e+41 6.46634290085334e+41 7.2745320161152314e+56 1.0893053315417341e+58
289 0.51911 10.474212100425548 10.340603518854769 20.051802158355713 23.451384800000003 11.08729648 12.804795904 10.939530470090556 0.008970462913603107 0.016112046041355355 0.006429282762316248 0.28631110844642593 5.53968367739791 11.92182129870456 2.4443428932880575 4198508.0 838248.0 85.22472462435812 26.313149942403697 19.858759491536656 10.101255591330254 0.8091914648574825 0.3642053704910087 0.013696093890035567 0.04216411390052598 128.0770121140059 106.50734216964045 8.972961681072658 9.801891211712908 7.755536286426485 8.012654993618366 10.180745797333692 6.173676727371968 0.9263739862456899 157.72119160188063 8.872502326965332 21.562072963430573 7.8744770330326554 0.29568302830288695 0.03575319160947043 3.714132927253982e+41 2.609324273936634e+41 1.4917119840435291 0.022175309022458085 1.3579424316007003e+41 5.088800786043004 0.02805616585525259 2.1803067254219967e+41 162.25517983102242 137.5383793218003 34.583960054201356 26.350192927237543 19.400164886608064 199.47274817680685 1.3313803957611674 0.521631191944691 0.06795135958104442 0.11135417945498934 5.2567480386785405e+41 4.7783850847426375e+41 0.9418937391779824 10.818444238025041 10.634247688951715 198.7748586334232 179.47680985567948 8.241898084194246e+57 2.746875624078956e+58 3.7394688409119465e+41 1.3517661195055382e+41 2.387702721629526e+41 4.790063335996397e+41 1.739982092132347e+41 3.0500812445551184e+41 5.96054633373349e+41 1.8650308630383337e+41 4.095515471226641e+41 6.409085169751634e+56 1.108651309686589e+58
290 0.5207 10.483116536774336 10.40628127057443 18.991947889328003 15.864155375 13.08077121 13.34705072 10.920376962037635 0.009078285425229756 0.015961564283111726 0.006183279908597935 0.2684125619591407 5.546298021866739 11.921872402062643 2.444656342140853 3801274.0 880710.0 89.03842514898996 16.334651283587448 19.120449843716646 11.798150396492328 0.8512347976793335 0.23292845953049646 0.013041507938603291 0.04656605813519107 118.76968943082393 109.09291971602397 8.979059654191571 9.897618023126988 7.66681291983606 7.970218973017212 10.231187329648986 6.1996427627633945 0.9204916458613404 157.43264264365823 8.84875774383545 13.268560417382437 9.213617079744388 0.1859685552396554 0.03924246846865438 3.558629825821954e+41 2.653818967968618e+41 1.6341926021597954 0.028395975286467305 2.014614974127934e+41 5.46183179769666 0.029367594123455444 2.0873559784376693e+41 162.16446409286357 87.13912812945416 122.78184414331746 35.8468930937181 18.626224706619603 281.111065179805 0.836409566564734 1.4810573783148886 0.0766928824657113 0.12614223842603933 2.296550710701644e+42 4.244866895293393e+41 0.9403365936561571 10.801509615312007 10.657227664450096 201.98884582057244 179.51126266235212 7.956932391229131e+57 2.650841535446895e+58 5.370842115155909e+41 1.938130861898904e+41 3.4327112523441653e+41 4.257367575451632e+41 2.1898633503030246e+41 2.0675042260275083e+41 3.537573778116438e+42 9.456859930010519e+41 2.5918877847873396e+42 5.845021494263856e+56 1.0978570923479292e+58
291 0.52229 10.46686347292576 10.363830707548091 18.104528665542603 12.3921912 13.51061376 13.012504832 10.93318614129944 0.009198595421180464 0.0159624324372912 0.0065284750273202335 0.27675206293412397 6.814010095416957 11.921944232848116 2.445395718142104 4014296.0 896384.0 96.59926622706149 28.139900168473385 17.72298220698805 13.452724928023544 0.9688906307839481 0.4848302375048818 0.01187971402817477 0.05971430901376946 112.9119659880473 115.66087483230449 8.879441424341715 9.860322487184739 7.692342192619 7.953783869523858 10.184253403007682 6.225619925833399 0.9146451205269102 157.0720624756789 8.424958229064941 20.747088682910473 10.638132764572296 0.35784191451797537 0.0512710865960159 1.0593664151900417e+42 2.8970113099639378e+41 5.561749852555927 0.11847520206346979 7.814428390369854e+41 6.181862419366237 0.03871604397810164 2.273785957879925e+41 162.19118800792543 233.82189438693845 39.298386571394374 22.867369650602647 17.246585363517454 157.00870610380719 2.3836337671731616 0.575619890059999 0.06423327802500438 0.10631538445461285 1.130926283596528e+42 3.964777353873619e+41 0.806103331110476 10.810876368336556 10.644992954553713 194.83228136794395 179.61331350650502 8.103409156116267e+57 2.9182697419492705e+58 2.7431032681970806e+41 1.6407722531357392e+41 1.1023310163163207e+41 3.978272100203896e+41 1.764370101491939e+41 2.2139019985297087e+41 1.4384851393213695e+42 5.596521433454338e+41 8.788329953692246e+41 9.200200739456643e+56 1.3824832379741143e+58
292 0.52389 10.498039625723836 10.45902737254382 26.649821996688843 16.9056536 16.2400064 14.038956544000001 10.902109535233803 0.009210050171896205 0.015611064400252443 0.00608434917287914 0.24494642164334843 6.426908582495956 11.922016051754992 2.4452204244791433 3479291.0 910826.0 83.10072067170685 29.74610601943919 18.00677910018582 12.935183079035047 0.7786069296139594 0.4776376433662371 0.011766264233234887 0.06355357879704537 111.5119701224 111.54018713563856 9.100667352196636 9.940667570816354 7.901249270276252 8.170201843186915 10.288618611089195 6.25177146987781 0.9087976483612974 156.87664891440627 8.832663536071777 19.138994838552062 10.012971371263255 0.3260891915954451 0.054464930102288894 8.032183629052624e+41 2.6568857095500375e+41 4.872800916605866 0.09721236746157551 5.272209317848317e+41 6.104898128192001 0.042385527918940985 2.1095183428296237e+41 161.958602319564 71.07377164705336 48.6765064014339 21.46394785438181 16.059659791977438 150.54862053154096 0.7599175148402284 0.699107321597856 0.06375579317927303 0.1119508437280297 1.2162745338233959e+42 3.6579027150217056e+41 0.8565286891057455 10.776067416583901 10.689154294101787 204.9364379998458 179.87181479367845 7.948884698499215e+57 2.6852484037611236e+58 2.6364743912730917e+41 1.2634704304362897e+41 1.3730039615454135e+41 3.678102083085209e+41 1.3762979159682278e+41 2.301804166701683e+41 1.6205049036010345e+42 3.1149530266099184e+41 1.309009601056969e+42 8.019510851743206e+56 1.2166030788455058e+58
293 0.52548 10.496917765171032 10.48068357904035 16.57803726196289 12.7939688 13.240722559999998 13.779546368000002 10.892675397281165 0.009228715819171784 0.01537849773035214 0.006116729217899302 0.2365988764688692 6.693664666685146 11.922116726309742 2.4452514943376413 3310419.0 925001.0 72.09895665467255 39.34011456142899 17.845846550286403 12.4946498468819 0.6765803791005248 0.5483460282826739 0.011384532977153845 0.06310877187292636 110.2668753185442 111.73849143840208 8.999328750175426 9.977394131889845 7.620550082843583 7.9628259051884225 10.305690972220745 6.2777702725436 0.9030219989343078 156.6516828714867 8.848112106323242 32.16012281266058 9.472403255507167 0.45166218930431046 0.053618855305261996 7.993108592418577e+41 2.4280219685815427e+41 2.6233154456930907 0.047017292508656904 2.760403623205847e+41 5.892420536724653 0.04075946445834612 1.926960533138709e+41 161.74630874498817 95.10382867603273 18.29015419122791 32.89461215349203 11.039585116469292 191.14403778886842 1.0103847511291113 0.39275377892722785 0.07355606350504315 0.10292538295845018 4.760186346337394e+41 2.5582880310360668e+41 0.7908536139735438 10.772755598191475 10.69101334283665 206.28122001221473 179.88423936280213 7.854192483365724e+57 2.6117290033070514e+58 4.448845083355587e+41 1.5715200300229911e+41 2.8773250520928006e+41 2.5766260079110293e+41 1.205338538582193e+41 1.3712874685646282e+41 1.3142422896290649e+42 1.6085357069015153e+41 1.1533887185056265e+42 7.79891351468992e+56 1.1764399461347273e+58
294 0.52707 10.51299733741608 10.49310516562906 21.07164216041565 17.6512372 13.979859840000001 14.072736511999999 10.888425645499549 0.009299691005141681 0.015552898420102435 0.00601955975963219 0.233808263714861 6.16466347975976 11.922163354408545 2.4455376763388457 3265959.0 915017.0 65.88267260748937 42.56261779665097 17.25702260342669 12.61683469917515 0.6108548471395532 0.5635602454810046 0.011046942761157585 0.06293586413348413 111.83210144637786 111.63299196677582 9.07376271721666 9.969334918014233 7.706696297453554 8.05207803048417 10.327075577816936 6.303779520879689 0.8972811960460658 156.37208779059273 9.048224449157715 31.971488437667436 9.557929782263393 0.4240247679152244 0.05327863898779949 8.627414793222831e+41 2.2917186648684434e+41 2.806005059043082 0.044095420836609917 3.780806135791203e+41 5.826044120579642 0.038464875483952124 1.763162617688629e+41 161.73612656806768 66.53399668037848 49.266886805944296 26.211194219787725 9.253467262395704 164.8472730042768 0.7318748768841491 0.7313454783514399 0.06519935640056984 0.10866993846488246 1.1882324180588878e+42 2.2229689465294164e+41 0.8759178290901409 10.7620266903387 10.704625510174319 209.19260301103452 180.52087512796646 7.841560706886095e+57 2.6176906811728953e+58 3.464625384977498e+41 1.3798087141494351e+41 2.0848166705342924e+41 2.239261317115092e+41 9.45113485755905e+40 1.2941478319619852e+41 1.5276369100480832e+42 3.1729083090948564e+41 1.2103460785239793e+42 8.7762669737804e+56 1.1698156649856732e+58
295 0.52866 10.519795694710739 10.496909211298453 32.752898812294006 19.9164787 14.7947916 14.159102560000001 10.886257589100426 0.009389622794425099 0.01564655900811785 0.00605219128096706 0.2312144793838479 5.79316200928621 11.922201097298366 2.445874641202049 3255460.0 905504.0 57.36954747563778 63.437463745981674 17.2532615245887 12.557112802234613 0.53657495683289 0.8279703587509504 0.010990183528257457 0.06557970124991307 117.07141256350265 110.09024944667765 9.115796952707983 9.962380165901624 7.951064614522335 8.222743396570781 10.33494051089762 6.329798989618394 0.8915749252827905 156.08297943935088 9.175694465637207 50.078058008346765 9.515812515450532 0.6501359923837399 0.055625484089677976 1.3883128307184084e+42 2.2425833536883607e+41 4.219579773035669 0.06489250936369714 5.087460712165279e+41 5.935007628558309 0.04000831866884616 1.7302807161432291e+41 161.6830701203146 82.77287914050679 48.37202113582246 30.111492919445244 11.487218294122949 177.64016150761154 0.9181040505552323 0.720266548716499 0.07082460563492037 0.10654373568263437 1.307336938354195e+42 2.8157714264245574e+41 0.8326817978489605 10.761876911613735 10.703841399612433 210.83499555806875 181.0634824891206 7.93018779676309e+57 2.666190782988343e+58 3.8648573067961024e+41 1.526207679893681e+41 2.338649627220917e+41 2.841921746201048e+41 1.2112343326565144e+41 1.6306874137343514e+41 1.394038477460513e+42 3.4456159227287885e+41 1.0494768852188313e+42 1.0721797161497088e+57 1.2118891558723481e+58
296 0.53026 10.52947928499684 10.49760097111416 21.562687397003174 20.8627324 16.09968512 14.472799232000002 10.885690765015546 0.009489252564140405 0.01595091670712654 0.006052465509614755 0.22963066889011663 5.726061735368188 11.922244016598906 2.446131622814648 3266375.0 905471.0 48.44876474352842 70.77710132326764 17.17638716485051 13.17000308853185 0.45265088592749286 0.918138037736256 0.010670946880661933 0.06882438173114457 118.93676654253582 108.92878795613429 9.105293210874121 9.957353547432612 7.784333360939788 8.133112867340131 10.336848907591207 6.355992192777179 0.8858673103760422 155.8089165236815 9.373255729675293 60.812900143484256 10.0788246973113 0.7840826149337656 0.05846928722031472 1.6148078954863832e+42 2.3389535520293436e+41 4.653361516314773 0.07440574773097512 6.065334377026273e+41 6.509456694476264 0.04176780182574399 1.816476780820519e+41 161.63695429973808 75.39026483226611 48.53923557464113 28.010699766212166 12.883044956534562 187.15948541143953 0.8470065048844332 0.7697227041502397 0.0688138719797018 0.12117518335584634 1.4548996167393964e+42 2.904640100525945e+41 0.8005081340843739 10.758680487254901 10.707037105532933 212.55217007646482 181.4487657816909 7.983751648302689e+57 2.634541288207386e+58 3.770587918848689e+41 1.5346030761443475e+41 2.2359848411423563e+41 2.9415109514501292e+41 1.1383615502337448e+41 1.8031494023155514e+41 2.3105071449917192e+42 5.203035509012486e+41 1.790203593494812e+42 1.1987390738734057e+57 1.1633417986785067e+58
297 0.53185 10.54095724846699 10.478734764944278 33.21657133102417 29.6338216 19.40797216 14.946859008 10.891545742527349 0.009620581124102578 0.01648656671542952 0.0061350439388177585 0.23726931028014608 6.234357057490824 11.922298769549197 2.446499108061782 3421744.0 911554.0 39.504484204454165 71.80336553025835 16.845841381862147 13.823015064128917 0.3776489217016301 0.9585291009768341 0.010497792123345602 0.07161355948272423 118.28615498116288 109.97499243046256 9.21853988279882 9.924295922944397 7.952245468692627 8.297492955808123 10.322273716281233 6.382031490486854 0.880229387985334 155.51983734158512 9.523859977722168 61.01190952946258 10.6570039670869 0.8075105741040223 0.060745421078604575 1.621080745529035e+42 2.4628081931544934e+41 6.41270467675247 0.11355212713008216 7.542991122582841e+41 6.687886182674678 0.042097985683481144 1.8736898424531963e+41 161.59599295866371 46.76754118009982 93.41494666902946 34.481702342480276 15.178491925930604 236.55276455422722 0.5921258971479697 1.2672960290589 0.07875290296126702 0.10722397855799418 2.3437792500380716e+42 3.145460755517841e+41 0.8586087415589927 10.75629430331529 10.70721301066519 213.23443068149885 181.81326043453177 8.042136153204689e+57 2.622301224856192e+58 4.245819851001486e+41 1.8430048225898455e+41 2.4028150291251225e+41 3.166446293960562e+41 1.434993689688845e+41 1.7314526036337265e+41 3.876277127662176e+42 1.0232567983081758e+42 2.853020328521765e+42 1.318789345713909e+57 1.162490531594552e+58
298 0.53344 10.534464464678434 10.453029921696404 22.953685522079468 26.831514399999996 21.853448 14.869494016 10.900289356256845 0.009793841212963008 0.016868147845307557 0.006390761043882239 0.24304751140376676 6.819678565917712 11.922335021082787 2.446822061163775 3586957.0 911714.0 34.07778401661816 83.57668568618698 17.059695280428162 14.221498205667933 0.32959820016266533 1.1818393527023794 0.010532191338247964 0.07159232645426307 116.58705816444615 110.81448504583832 9.09768020306605 9.922916884768892 7.826172721825891 8.175423901871628 10.284321362873378 6.408080336228663 0.8746250749850029 155.23664040980435 9.437248229980469 71.42203543212213 11.042830885000148 0.9901051496927443 0.06062006817038356 1.753948861257666e+42 2.5412796407714544e+41 8.1245701413472 0.1500379644041521 8.410326560150012e+41 6.728335040619853 0.04093918895071402 1.8704009188512977e+41 161.57696883200114 135.29353793513798 230.77384666572377 35.001168922613225 49.95626644750366 357.6417650979608 1.4906126902538703 2.870558760314246 0.08742923371801206 0.1921796351811336 4.370589698367146e+42 8.625925677572245e+41 0.8994729051832107 10.769257580316383 10.690932215542777 209.20523784113655 181.96076035746952 8.139729093847282e+57 2.6918682027244663e+58 5.4214036459032465e+41 2.6747026873474193e+41 2.7467009592817792e+41 8.64360265882999e+41 2.403729173592074e+41 6.2398734863755755e+41 6.65249236942493e+42 1.3111922970604251e+42 5.341300072081634e+42 1.3517274740142794e+57 1.1639519247678739e+58
299 0.53503 10.515404752411659 10.36378670814694 10.890575766563416 11.0358654 17.54809664 13.961794048 10.92442454146165 0.009838119419126446 0.017718747589887597 0.007004459162040496 0.26020798637891995 8.93483891588794 11.922464466149192 2.446976816558749 4130896.0 974345.0 46.712279406039364 86.19386049937864 16.52802013734965 15.043151548081855 0.5192685825391394 1.276694798487532 0.009936740994423182 0.06605517848288438 127.28559130652508 118.2980959535751 8.792421214915562 9.875643726857561 7.408779588592938 7.801900805806033 10.177490352491914 6.434138507975159 0.8690540717342952 155.0012862301114 9.369122505187988 73.52324567496446 11.515148356958973 1.0716168026672905 0.05464607442628428 2.0693296677466106e+42 2.396538382343311e+41 9.649127289233382 0.18775082948762073 1.0862627429746395e+42 5.257540520673679 0.03066569653179209 1.40079058253285e+41 161.3390859857485 193.6173151165159 276.46340829493005 54.98457760012239 21.43122675007195 374.52088739775013 2.1434368111162803 3.4700596643914903 0.12496548632944836 0.09787566013004399 3.976159251291283e+42 3.664127717077382e+41 0.9343840517212412 10.784589025482257 10.665030719238823 200.38634911589284 181.8522123386268 8.435634583639856e+57 2.730012086550859e+58 6.705557985568641e+41 3.1238148281579212e+41 3.581743156787625e+41 3.682621003728167e+41 2.208117500713663e+41 1.4745035032584305e+41 5.594790461818928e+42 1.201168045230335e+42 4.3936224176803024e+42 1.5504271038873654e+57 1.2987779945189965e+58
300 0.53662 10.540568916647208 10.373511847101685 10.63254588842392 10.9318064 17.908574 14.671572128 10.925009448243888 0.00987195824797741 0.017031634236513615 0.007187005521570137 0.2550198382928928 6.449148578458458 11.922535459629787 2.4471867535724408 3898791.0 923702.0 39.94437603747179 85.72043136699943 17.845089126408688 13.472093751964092 0.4178801127870837 1.4269577972872112 0.010870121460828032 0.06208400885624961 125.542629709412 109.72575888899524 8.828200938617647 9.879622215864792 7.492359805074728 7.878470317639522 10.190138761773143 6.460205784518134 0.863516082143789 154.74672621575988 9.505970001220703 67.61563999776673 10.242254822398818 1.11681480680899 0.05124727636362017 1.4558304838311023e+42 2.1187863917118154e+41 7.289480100561466 0.14556609003027599 6.494350169221779e+41 5.196109550295559 0.028806785372707193 1.2857996889896518e+41 161.35457648599274 89.16538646191815 76.92570784917038 19.897306055796086 12.745936503219232 153.1978855987996 1.055212143653771 1.3038607969894764 0.06759241190894857 0.10892157634316517 1.4984901202919413e+42 2.4556304767749953e+41 0.8680406247647093 10.805779551588142 10.641800376236414 205.0824644999324 182.07127141580978 8.12050592979742e+57 2.7298096210302387e+58 2.7016931277090364e+41 1.2051694058604955e+41 1.4965237206493162e+41 2.469061721476716e+41 6.204985696642889e+40 1.8485631533747226e+41 2.5444970802507298e+42 5.985770012670021e+41 1.9459200797142977e+42 1.0748043405806033e+57 1.1201887463172708e+58
301 0.53822 10.539410786842735 10.331560284541684 11.821054935455322 11.483556 13.202204159999999 14.419977728 10.935710016399684 0.009934617837248328 0.01757326261970391 0.007364254556062388 0.27696081178645254 6.092357481007161 11.92256207919333 2.4469989199713598 4093887.0 928477.0 47.07495716092361 57.89487690076556 17.743337807503337 12.826525178125657 0.5152711472644881 0.9337879244515659 0.01059453970907607 0.05630267438514621 127.67760053701979 110.04419274490765 8.776950638478523 9.798012202913522 7.482111771900942 7.827003342160681 10.168593649833642 6.486445974134011 0.8579762922225111 154.55469700537094 9.658278465270996 49.70645739541907 9.602992369929972 0.8012711139398595 0.0456648620849073 7.892758603107967e+41 1.8947451593674916e+41 3.03104448326536 0.054541746052016955 2.4652724892397592e+41 4.5322188950238615 0.02331162636689675 1.0908773607495043e+41 161.26979974196877 241.3980627130904 198.7726885757749 38.34770422233916 35.9149902144085 369.43026712234837 2.9581932659042436 2.539720852038634 0.08912176660451458 0.15034147337385764 2.3377680180516002e+42 5.527463032077345e+41 0.9650116705776624 10.804759160334783 10.642522816714399 202.51129116400344 182.322293059394 7.888143103096464e+57 2.649140749631879e+58 5.800291645114929e+41 2.671067498386696e+41 3.129224146163605e+41 5.5401486672042405e+41 2.0638807320306037e+41 3.4762679347702614e+41 2.4902211378436653e+42 3.188147453639823e+41 2.1714063926968867e+42 8.143750477885335e+56 1.0544123201654024e+58
302 0.53981 10.507612199643894 10.385204597630286 7.976502895355225 8.6443266 9.3964416 13.408573696000001 10.92058927600416 0.010112427524763466 0.01745984703470079 0.007126474308920004 0.2720690665610291 9.103033375537077 11.922634535295497 2.447621773491892 3899005.0 953690.0 70.2786623042044 27.380560735097593 16.732610234807396 12.006015957406312 0.8058736405226703 0.4213369644973946 0.00958313881904667 0.04992044641243999 121.72710997242709 116.50063575346132 8.798456911043994 9.851477543843796 7.313582358388025 7.760649716054848 10.226445985208402 6.512530853745449 0.8525036586947259 154.2291490827008 9.480241775512695 23.638298020217963 8.768021499985288 0.36439916230516234 0.039654483999224555 3.304912312529415e+41 1.6496291257825471e+41 0.8847371150555875 0.014726887177605895 7.878763475197388e+40 3.8775945386515156 0.01902210061285281 9.825836835415196e+40 161.12556534694204 192.25422153332113 153.5153641218013 45.93981059887505 15.748449956456517 304.4474715228144 2.2871034001405643 2.0239624895523263 0.10883645395713128 0.09108360197802647 1.4337745175983552e+42 2.8191358995086083e+41 0.9863970133454465 10.797486375257755 10.65161965974934 196.29670044159602 182.42789308686105 7.599517457476172e+57 2.443176064186132e+58 5.438358248391774e+41 2.466653340181129e+41 2.971704909713809e+41 2.8341897336136062e+41 1.5583200985225954e+41 1.275869633404903e+41 1.9869411993484027e+42 1.5161461897704427e+41 1.835326580350501e+42 6.409193794925539e+56 9.957660355474585e+57
303 0.5414 10.54146248350606 10.413026326969133 16.255720376968384 10.726285599999999 9.52842896 14.101689088 10.915107316019755 0.010053889759923546 0.017369296031154585 0.0069731059462297 0.2751157793810419 6.229311388144554 11.92268776064812 2.447756386786107 3664194.0 920476.0 75.57795640848504 13.27452318908457 17.372411926173633 11.766864035377921 0.895317191152813 0.20563659974620696 0.010354259079935035 0.049031014450050134 121.03932251301295 112.3486103654138 8.909075155298204 9.868644611407369 7.665954895450916 8.020196907550735 10.258777178284477 6.538624178111555 0.847063169560399 153.98808056639663 9.728263854980469 10.626842536907176 8.664712777787406 0.16496056588409927 0.03902299338231721 1.8255124589473075e+41 1.6954685429901757e+41 0.5284539332630129 0.007776840887628659 7.586096600391668e+40 4.034488425833198 0.018193687990609102 1.023973651590958e+41 161.09186351094405 111.54658391841897 11.314352620045895 24.16262975807237 9.111868164653341 209.18747665820518 1.418570421233843 0.2712575662139311 0.0667110045110052 0.09321281656025543 1.7464861087055334e+41 1.659850914127555e+41 0.9117629505848651 10.79590566852834 10.659199099506 204.55164535765854 182.74981583687048 7.344013842186754e+57 2.525536692914331e+58 3.286790036976957e+41 1.2777177063862512e+41 2.0090723305325223e+41 1.674392054308131e+41 4.496136443908045e+40 1.2247784097913631e+41 3.487044518719073e+41 6.517831658318368e+40 2.8352613441428925e+41 5.23778399432707e+56 9.489395642990239e+57
304 0.54299 10.549520535119793 10.469933249899857 15.914247632026672 12.696799900000002 10.51832098 14.281477984 10.896152408428259 0.010118167050851517 0.017255872102862533 0.0065863257180042755 0.25618969359403126 6.523784998407381 11.922723240592946 2.4480629727800056 3335745.0 907781.0 89.81087663331596 8.041263454643156 16.646879244966406 11.096657494424658 1.0607774661140903 0.11722591881641653 0.009675166128342943 0.04559146968515168 109.64463394313783 112.95974428856523 8.974920621215373 9.912087210180454 7.586240309935713 8.014904073149419 10.32182097410782 6.564725729346472 0.841654542440929 153.71447374842975 9.770966529846191 5.115132388061548 8.07096870026024 0.07707001373402093 0.03585438797576584 1.5605674051797098e+41 1.4948401321945435e+41 0.6457867296240399 0.010004543709551734 8.574721633402277e+40 3.6093324880998288 0.015458774016476813 8.69521665219014e+40 161.10674617984847 66.26961656110068 15.071897023942924 27.428255071473938 6.464203016202468 181.75129975076734 0.8495013776686989 0.32255791549443524 0.06976695242346717 0.07862111627955436 2.9163535967518655e+41 1.0664990592778263e+41 0.900987071977638 10.780035415163306 10.681050111002971 207.73749934851455 182.9767837071375 7.163679710854275e+57 2.4844212816460867e+58 3.491054937478451e+41 1.3717732217342352e+41 2.1192817153095026e+41 1.0801705211371032e+41 4.539489851735149e+40 6.262215360417106e+40 8.728250446815429e+41 1.5209408582631519e+41 7.207309592872858e+41 4.974092116679969e+56 9.392890424049791e+57
305 0.54459 10.557294877455847 10.501594707926847 24.23119068145752 18.260632400000002 11.768853439999999 14.327376128000001 10.884422611026514 0.0101918136430296 0.017150036211629652 0.006370397696617911 0.24219231069828445 6.290114385530146 11.922749848649518 2.4483759524091147 3098232.0 885825.0 97.29933167959054 9.810631765493273 16.193474253832537 10.62101773289207 1.1633328701918455 0.13805012226339516 0.009441562530661609 0.04311511869645778 107.0897722910128 111.17704199531397 9.129800232795537 9.94652609744527 7.860653824474489 8.254581523988106 10.352109553597789 6.590999526367795 0.8362437797241962 153.43790542600433 9.72950553894043 7.0220889929444095 7.68422245413833 0.09870549325575567 0.033657821419547235 2.1307813944837058e+41 1.3542831369027445e+41 0.859049001684581 0.015211414860357821 1.0995781080143516e+41 3.2423380277858604 0.013091006624049472 7.407313064966537e+40 161.1143657799408 123.50153264527549 3.2774291254250976 23.24815134401967 11.456325693045326 156.66679639191048 1.5246025900306004 0.17460833879277987 0.06231680148950292 0.0899383807780728 1.3309152311508108e+41 2.0036518332061912e+41 0.5072815533980582 10.774149287428209 10.689518920436761 210.28313473696537 183.32279821944232 7.063455938995862e+57 2.551020955203705e+58 3.021825851943435e+41 1.2156965635943058e+41 1.8061292887523106e+41 2.020411137145239e+41 5.093499485843359e+40 1.5110611883128575e+41 4.3305557828238335e+41 1.2410009203189643e+41 3.089554860614802e+41 5.205105959039931e+56 9.773030336260308e+57
306 0.54618 10.56915595232261 10.541434494934885 22.497836112976074 19.7913752 14.50301312 14.502441216000001 10.86577227018283 0.01028475811099273 0.017128905071446338 0.006040467769348122 0.22445898872189382 5.973884551234311 11.922761673929186 2.448358325748321 2835465.0 883761.0 96.75407634121824 9.705303811666122 15.508161550202793 10.445241762519638 1.116029828286852 0.13648568077031434 0.008959642899914114 0.04151569165232804 106.16031736576662 112.15657064877506 9.099033653054867 9.990764424611555 7.735410092246664 8.158711241296311 10.389669906580973 6.617116929376937 0.8308982386758943 153.21959919177618 9.827780723571777 7.360900131889651 7.520237788417296 0.10324951854284496 0.03219000617493264 2.4212842418823272e+41 1.2498595893500143e+41 1.0410591483134308 0.019322244246059835 1.1856400838892046e+41 2.790649547177566 0.011333787275141012 5.977560086483841e+40 161.0336868079894 106.85783078926453 4.598567535478692 23.660447720194338 13.324267018427314 160.33392609876955 1.2505531916206731 0.19098694716308703 0.06178505364390217 0.09083244437406028 1.718683392981916e+41 2.0834519832880166e+41 0.4851187923492581 10.752748822717438 10.712734571208598 214.8223508896939 183.4493206664952 6.966993975511144e+57 2.5106142489722818e+58 3.0559517658737377e+41 1.2727857021388613e+41 1.7831660650793253e+41 2.1021237875222136e+41 5.525510802717936e+40 1.549572707338683e+41 8.853250205604151e+41 1.4729311351539101e+41 7.380319071333895e+41 5.222893545631763e+56 9.697860128455969e+57
307 0.54777 10.580114176781391 10.559978610020387 26.2998046875 27.220682800000002 17.84152928 14.637722880000002 10.854590749620156 0.010405538508943206 0.0172203441423581 0.005876218108490842 0.2193259302331839 5.7793606970893965 11.922803798871414 2.4484684806428905 2709839.0 891867.0 89.55405490149192 11.531804984030176 14.947751618023478 10.477789674165095 0.9923271383573385 0.18028566201497925 0.008497282462664546 0.04008379029525305 108.21271907658931 115.53869518599353 9.233193295253473 10.000072571840255 7.953293949901487 8.352807984288788 10.408181383721299 6.643241909295115 0.8255837303977949 152.98508137299936 9.873547554016113 8.013299897913921 7.532043038679247 0.12268879142011663 0.030841005073684098 2.4352047555758532e+41 1.1842533375012407e+41 1.4011965662701695 0.026627792180025842 1.2939798911908451e+41 2.378061856587175 0.00966299666744463 4.973905416099631e+40 160.91742786607517 89.97248798334883 4.966343805776354 21.28780007697476 25.430740511660687 167.5340009550865 1.012212570157686 0.20254515170947107 0.06287700025620345 0.11184800983171053 2.183299247304922e+41 4.05332156955593e+41 0.4675469296850143 10.733794409175008 10.729800170403227 217.79761760388743 183.41368669378238 7.003494298224869e+57 2.5104067345327685e+58 2.697299100504452e+41 1.1846107843156943e+41 1.5126883159957172e+41 4.0747756433046556e+41 5.343048040518091e+40 3.540470840359995e+41 2.1575776932471904e+42 3.6231079273191364e+41 1.7952669003250102e+42 6.030441700358619e+56 1.0049401147980394e+58
308 0.54936 10.59501343009333 10.58866826686843 39.41289782524109 35.8071617 23.4583346 15.2701072 10.833454103739601 0.010530841041412803 0.017126101524201773 0.005706397060997055 0.19787969552524348 6.189643928186649 11.92284813650211 2.44818642830316 2427184.0 933865.0 70.80329601406916 21.70628875252196 14.526462158893375 11.345979538472887 0.7181534349327077 0.385319593110747 0.008363045428532806 0.04169568753293563 111.23123112884353 119.9442458350421 9.331131433326759 10.020139834143452 8.070515296599682 8.474737150136574 10.439473889922331 6.669374251620671 0.8202999854376003 152.8209451404043 10.041230201721191 10.340337060415346 8.11684729556948 0.1790889737754634 0.0319821789998397 3.178594876683819e+41 1.299773923636838e+41 2.0510278437958136 0.03633200981870002 1.6787465026458022e+41 2.269444495859858 0.010655420720315296 5.369753973165277e+40 160.68599455611024 60.47687749018066 38.891631035188055 26.86804509902421 29.063071168040896 262.96961634126285 0.6578814614774092 0.6850897935700322 0.07557931557055989 0.11888842822706437 9.961828462362184e+41 3.9540707634880845e+41 0.8269361171339356 10.71460418004003 10.741158069492721 220.5414086360878 183.3051893676361 7.120092157259207e+57 2.3708023086246464e+58 3.569881053986386e+41 1.9587228986599614e+41 1.6111581553238678e+41 3.976918688556435e+41 8.684671386520438e+40 3.1084515491144458e+41 6.450176064463931e+42 1.0819802417413544e+42 5.3681958220703276e+42 7.717276016513854e+56 9.48808752934863e+57
309 0.55095 10.573562831375227 10.540662119766793 29.921355724334717 26.414478799999998 23.119747840000002 14.585964544000001 10.854162235835195 0.01060760900660072 0.01689679368934644 0.006715615119335795 0.22757799010107319 7.239471291198892 11.922910201581582 2.4484993190072184 2967558.0 966149.0 54.69976587223544 64.55326842387706 14.294133282445463 11.286791648602398 0.5292611383901784 1.1094964954723479 0.008319920640307685 0.042394669167472254 108.07736384563354 120.43467750719235 9.213543154113742 10.028856352959206 7.897830908982528 8.316961997042256 10.364399488815684 6.695513742705903 0.8150467374534893 152.55621039407734 10.248136520385742 49.163315525717785 7.911873791020475 0.8419013756476299 0.03244402424981238 1.0315682370453569e+42 1.2038453811553268e+41 3.308768041978355 0.06697990139219825 3.22641087586633e+41 2.1217040747875973 0.012899777946210072 4.968242020636162e+40 160.51524161440497 63.13758871728828 14.827144278915386 32.215467989025825 12.204533520341373 177.29866696845494 0.770745545471652 0.3528013156134073 0.07479415366447474 0.08071504797556232 5.611022320050085e+41 1.7221457536314056e+41 0.5599413530045131 10.709350846472447 10.740310437789208 213.9743686805425 183.27613023286537 7.413685449622328e+57 2.4039733385699897e+58 3.650610247698555e+41 1.5352281899306197e+41 2.115382056994024e+41 1.745583206406489e+41 8.398174513283447e+40 9.057657549022309e+40 4.9768644264586816e+42 1.300969604094524e+42 3.675894820230918e+42 1.1268348490223762e+57 1.1093173768892874e+58
310 0.55255 10.605141278100618 10.535458533927663 20.850303649902344 22.5755376 25.020238080000002 15.633502208 10.856308520150092 0.01062109874553105 0.017503257663283263 0.006666261813973197 0.21470057420773456 6.473844453900053 11.922977428743277 2.4483451052832215 3010091.0 952913.0 42.52490220013443 63.121197752198285 14.09012429892378 11.297573239294161 0.4163305863677482 1.0456060675559926 0.00833629081400286 0.04379186744231433 109.58272556377156 123.87023054583905 9.170146576882992 9.995316672407967 7.742767867548588 8.226221767831984 10.37302895170676 6.721824634197515 0.809790969143064 152.37401615911682 10.505842208862305 44.93440304846821 8.004087990312652 0.7456944502387942 0.03395689672224703 1.3005794343992104e+42 1.1776042433715213e+41 5.3867096499761145 0.09748995585392012 6.265307910882423e+41 2.0788934040735585 0.014720843132383556 4.752661901094968e+40 160.43269059915454 30.13333344105364 47.056108473479675 20.67376064122938 15.270039722260215 133.30194034449318 0.3844788228220996 0.9013252316159776 0.06225561250966854 0.09012628915831253 1.5872787146012477e+42 1.938856231218883e+41 0.7245967118124411 10.702954598086045 10.745719225285391 219.48355564413143 183.3624878386219 7.791747139964625e+57 2.416467149415487e+58 2.3955358957424567e+41 1.1147516021031727e+41 1.2807842936162812e+41 1.9634236100260268e+41 3.21878126579145e+40 1.6415454839263151e+41 3.198869574509658e+42 1.032541211343013e+42 2.1663283631670045e+42 1.5214856203200791e+57 1.1157992379004252e+58
311 0.55414 10.60714059568379 10.521295983306693 34.20583915710449 27.9328852 24.74757536 15.645530112000001 10.859444848892414 0.01074827588167822 0.01772879906379683 0.006886802883566141 0.220757083358644 6.197639907424861 11.922988509144568 2.448212878492898 3098568.0 970641.0 34.378711748113645 71.21795036536513 13.96229699923873 10.790393030644777 0.3822025559555777 1.147507306001993 0.008416557434210449 0.0412847974588149 108.50394288805069 126.97037099702501 9.18649102862095 9.964676256424418 7.921545423899325 8.340952540552554 10.365820322406188 6.747977826913292 0.804598115999567 152.18036084074134 10.708237648010254 58.82012171360255 7.415065583110905 0.949928870365327 0.031448657450757374 1.922497294764094e+42 1.0173731235224961e+41 7.647623577412899 0.12943901106237002 1.0618408940335655e+42 1.8464246446093389 0.013574422909788652 4.010394969078249e+40 160.202155219956 30.21393020246088 92.96419268618534 21.912254064206824 7.1772560035035315 175.1142720395067 0.4018687314445018 1.5845090782115467 0.06686997638684025 0.07471379379234404 2.4372091364372993e+42 9.29812942835856e+40 0.8646047581965925 10.70797409324921 10.736521389144531 219.0880396334829 183.25565853099758 8.227361038091353e+57 2.3747322574137147e+58 2.718577047210263e+41 1.3908082687540574e+41 1.3277687787380602e+41 9.5507176990522e+40 2.7638757754795324e+40 6.786841932420318e+40 2.5006418587653707e+42 8.21934677081035e+41 1.678707181586785e+42 1.8745014778755968e+57 1.0987264688286076e+58
312 0.55573 10.599455663061526 10.508876751278368 18.286813378334045 18.37074115 21.045277600000002 15.238307264 10.864214759067915 0.010864502916684508 0.018005334484933355 0.007097722638943366 0.22092416922819377 5.801123788162007 11.923013623674262 2.4484420460161918 3172783.0 963526.0 34.18249606237661 73.830594911297 14.06464515630756 9.260792594245414 0.4381699062653018 1.181183443512264 0.00861150407689372 0.037228376706395984 104.67404620457914 124.27312533363879 9.092385290415844 9.966662010565921 7.6825743664769774 8.190126906663007 10.348174549234225 6.774137531279996 0.7994349774170912 151.92680761187117 10.923325538635254 63.58877583070452 6.09145921173701 1.0138752223014975 0.027876641833541098 1.7283021820350115e+42 7.841023280475852e+40 7.156101365170851 0.12049925664418727 8.258096013263488e+41 1.6507132588290545 0.01239066805669668 3.157889952935936e+40 160.1289078695722 21.113631589157706 86.35639668712143 18.841319326477635 10.573557874056636 154.4449637357039 0.32801717605327774 1.4674100849539697 0.060186389923173246 0.08648454547517766 2.004544158898976e+42 1.1711501904433278e+41 0.8701840518220795 10.724928946547593 10.718884262533225 216.95902182064555 183.39625424252674 8.396357194680642e+57 2.337657327668735e+58 2.298178772212637e+41 1.0626380550387963e+41 1.2355407175246135e+41 1.1879047281909188e+41 2.354608170629709e+40 9.524439106045792e+40 2.734812209816261e+42 6.692748218394461e+41 2.0655373861657812e+42 1.6721673047076484e+57 1.0679128373224567e+58
313 0.55733 10.605502335079448 10.504409184003038 24.976622104644775 19.272349600000002 19.904157759999997 15.261990912 10.86491571912474 0.010979696529068607 0.018384020916239297 0.007127981897152562 0.2169195929857537 6.188286640351891 11.923240327366928 2.4483164595614793 3129391.0 973794.0 31.03797504415369 68.29038160528987 14.072426694922509 9.186328089745633 0.4040826604379645 1.0925473982286957 0.008783847808623738 0.03596001686017422 101.4706955178289 125.99026235943434 9.11427670904521 9.946148031286882 7.79983762856652 8.252513323541274 10.351089792874205 6.800468122677771 0.7942691044802901 151.77011662028613 10.938836097717285 57.269841280675365 6.003081949463564 0.9141832242966482 0.02668309341308148 1.3863007188839306e+42 7.440730285145817e+40 5.7086203887739435 0.1108820774624518 6.08084501093186e+41 1.5137751450709662 0.010410784919610441 2.827694860243487e+40 160.0453056836188 48.175238606179164 46.73793673801697 23.541765872639452 6.443234557297672 159.66063929889455 0.7638683900693183 0.851678632461157 0.06788941044033404 0.07292816998676331 1.2560531155490082e+42 8.414485579776648e+40 0.8017958841410153 10.740520427936742 10.70064933308073 217.0956088745811 183.37114498743168 8.330925177654294e+57 2.2621267332652962e+58 2.7055057219768798e+41 1.2260290347465786e+41 1.4794766877030225e+41 8.55411088167615e+40 3.457664547074242e+40 5.096446335463861e+40 2.073235183518064e+42 4.85651976846676e+41 1.5875832056661463e+42 1.3424140231662748e+57 9.844425049625935e+57
314 0.55892 10.617060900124159 10.516310697890097 22.1992609500885 17.5617928 19.932847040000002 15.421041792 10.860072547160577 0.011092055026705547 0.018835322180537996 0.006902774837915456 0.21532073807337335 6.5318654399928135 11.925851057856336 2.4482745893383284 2948576.0 967594.0 29.922474672027786 54.646437504285835 14.170647318894655 8.958000159442603 0.37046569355467807 0.8927494417994923 0.009012562548048607 0.03499718895247547 99.34348686252362 127.71533135777324 9.0985922690812 9.958604359683605 7.711302209439705 8.191222751462627 10.362519484715008 6.826640258298344 0.7891648178630217 152.01762859877002 11.007059097290039 46.96581527988571 5.806514529964223 0.7613264561592371 0.025764765016479528 1.0056661703206996e+42 7.14210745097783e+40 4.147381015284238 0.09018376032497276 4.188443104557899e+41 1.3902969993944803 0.009365603856388762 2.500401570839598e+40 159.95752500017352 34.75840434968436 50.573231961604435 20.386863905327846 10.239947615654323 150.9938087068228 0.5252735145717946 0.9011030222385698 0.06353957760038338 0.08285945892461805 1.089501013823353e+42 1.2035687428675198e+41 0.904335732773607 10.74374612732249 10.697739839942528 219.21404874023696 183.38231205247232 8.131658081130936e+57 2.1223399699380205e+58 2.3801573318546737e+41 1.0903073702991365e+41 1.2898499615669725e+41 1.2173940970675989e+41 2.858967072013074e+40 9.314973898365394e+40 1.511873833643742e+42 4.420478995648274e+41 1.0698259340601422e+42 1.0502364048232392e+57 8.273297553497288e+57
315 0.56051 10.623759023934891 10.519410441310788 13.144431352615356 21.574918699999998 18.17020472 15.57006448 10.857537598668527 0.011214777956933642 0.01918606234979487 0.006823908765429547 0.22069173965595118 6.517574090915914 11.925867201841514 2.4481621808806726 2820407.0 976887.0 35.52707502283217 36.56733051326742 14.16988918944405 9.430152810901525 0.4443628137522964 0.6140883818356464 0.009057352443834595 0.03584484400760166 97.73789635918979 132.31846754294497 9.034883091064435 9.977366535403473 7.555563052256085 8.082935775263735 10.35942750517068 6.85281827630458 0.7840894899288149 151.82432965667994 11.059560775756836 31.174091101812145 6.18647199639882 0.5160166293051096 0.026428491949141323 5.9616480547885195e+41 8.736887090585993e+40 2.7438189060120073 0.06270385884047336 2.3396841205716697e+41 1.3801127241120785 0.008741000728313832 3.571746511201948e+40 159.82200122336695 35.93852167313702 37.921995362284434 20.61047417881827 4.855716603934296 151.72638564699946 0.5332384260684244 0.7525718833082353 0.0681020194628833 0.07157713900142026 6.925088100710794e+41 6.788982095969408e+40 0.9077021620103889 10.749003714586928 10.690168745927911 219.8112507695529 183.27072800237679 7.93670885333831e+57 2.0293015905816736e+58 2.5444508569620008e+41 1.2368934344367128e+41 1.3075574211476358e+41 6.91358033006035e+40 1.525290683604451e+40 5.388289665627506e+40 1.0536976513226482e+42 3.0309456626110322e+41 7.506030849869396e+41 8.401289170408586e+56 7.333002413125623e+57
316 0.5621 10.629842487028283 10.528055482941873 21.16279888153076 21.579132799999996 17.946448 15.649724159999998 10.853545221303536 0.011319126368325567 0.019270977461068286 0.00676190498231586 0.22262518449254343 6.178726783804318 11.9258848127773 2.4483186631456184 2672571.0 973234.0 42.666079258583636 22.606535296239592 14.264874438407245 9.36039944168261 0.548798964172891 0.4035807048017788 0.009265289249476418 0.03440102598271348 99.79519704703145 134.7989769263349 9.14489405929253 9.966573819239123 7.7614599760697764 8.259360759291638 10.376552767859026 6.8790019691341024 0.7790428749332858 151.5852088946072 11.027146339416504 18.188677372777946 6.163961335561389 0.32151292338984316 0.025132248811474186 3.2904453239631927e+41 8.652030533441332e+40 1.9149505606332313 0.046910109141007746 1.3390504685100667e+41 1.3312950341141385 0.007399278500147825 3.390600625286725e+40 159.73425981363252 65.07472324603333 21.07113011269217 20.96574152478978 10.029866598190278 133.10562970854426 1.008331104234023 0.4266129640122395 0.06423328875032783 0.08467017201584598 3.1089606842303003e+41 1.1676347999755062e+41 0.9191145368238004 10.752569967102282 10.686099933705385 220.4414796162407 183.3264057172264 7.773345415638225e+57 1.9637794577653267e+58 2.4563173727409706e+41 1.1107152700291704e+41 1.3456021026020965e+41 1.1797747196638357e+41 3.648840080323042e+40 8.14890711949932e+40 1.2856875204738787e+42 2.0708757498871315e+41 1.078599945525248e+42 6.826967384435483e+56 6.724587593994746e+57
317 0.56369 10.633543782131099 10.536589639550607 18.4769926071167 19.232162000000002 17.71619696 15.852856832 10.848818810841161 0.0114308620303115 0.019572019832874814 0.006612338086167018 0.21605575846945402 6.114685371486101 11.925905357966505 2.4480982493678187 2579508.0 978604.0 51.984420667252536 13.002292353090464 14.186875788341627 10.027702879383254 0.6709665129695723 0.24461182911231358 0.009628111613294863 0.03440104892199241 102.79537143913866 139.6241235037739 9.058933603234593 9.982464792589079 7.693145792487657 8.183259340748924 10.383075595499593 6.905191130105435 0.7740247299047347 151.41326815012926 11.095927238464355 8.898159533034892 6.760933399871496 0.1696379142542827 0.02507273564819137 1.3093006797062906e+41 8.968064739184282e+40 0.6006061060953334 0.01327062752814238 3.5614367643484566e+40 1.2740112017138088 0.00602217970929205 3.0505601532550724e+40 159.5948496762038 53.93696402710013 10.138604404771957 19.78231619048716 8.217973346339516 142.20231448822733 0.7548862463509808 0.2920930105299084 0.06586081367084834 0.07696875837747583 1.3543487183666588e+41 9.95739550379145e+40 0.8963790446841294 10.745813756444731 10.69293561191347 220.8169000801959 183.22439400917483 7.63699233867886e+57 1.938470552492739e+58 2.4624651166521697e+41 1.212723192670273e+41 1.2497419233666527e+41 1.0086898666761073e+41 1.2465681942166595e+40 8.84033047492235e+40 7.233582171124525e+41 1.5640703679567813e+41 5.6695118031951654e+41 6.0790476097444455e+56 6.729271100079475e+57
318 0.56529 10.638765540565018 10.555857474988334 23.135644912719727 18.687579999999997 17.740969919999998 15.945863168 10.838708269688258 0.011504272969274929 0.01953424490066534 0.006441806693852836 0.2057909887190307 6.338582623603603 11.92594938009938 2.4482481429068637 2385903.0 983581.0 63.35639155630008 10.243929945225347 14.163119492311225 9.857968273040445 0.8308246096879024 0.1979746823445143 0.009748007267451654 0.032255137231448475 103.10517343977426 140.7886394147872 9.153756754598318 9.970303521247205 7.83635926301573 8.31134120818874 10.414457776915883 6.931550314440004 0.7690035203170056 151.18040748064678 11.038265228271484 6.770665077930662 6.534631288961711 0.1327109661171072 0.02296905598855893 1.5398937628609111e+41 8.051877921686526e+40 0.5159665360147321 0.009373834183686508 6.116978402400401e+40 0.9392504588247987 0.003771072234521097 2.0337648251458006e+40 159.43960201419128 68.65434928303057 7.672510512422403 22.038994382185674 4.103881895084076 141.67490987053134 0.9817022933341208 0.2561959447993815 0.0662350615484287 0.06181641583400056 1.9636474931222183e+41 4.733830236603095e+40 0.6974171539961014 10.739110005063647 10.699830632947268 221.89691053042608 183.15339341442484 7.585537861284254e+57 1.9122761170817506e+58 2.6820640987143036e+41 1.2188788776059584e+41 1.4631852196939589e+41 4.896107387821362e+40 1.5048117890423037e+40 3.3912956009759437e+40 1.0752834726983558e+42 2.92883996797524e+41 7.823994748880779e+41 6.124454656436129e+56 6.58733004135379e+57
319 0.56688 10.644026326742363 10.578785094475014 24.709356784820557 20.5731512 17.73928256 16.074153728 10.82664839811863 0.011586085349670419 0.019430994764336747 0.006204990256144587 0.18707632686231418 6.48253175973512 11.92598679540417 2.4482459389648787 2169730.0 974900.0 67.05553789898693 11.563384112834928 14.141832509571374 9.543503071035387 0.8741704101081107 0.22998529992355465 0.009450666790440645 0.030340584002101576 101.33341676282362 138.11105059702925 9.20960028659426 9.979731426662571 7.878154351055236 8.377163442349776 10.44344683523975 6.957749826350628 0.7640417725091728 150.97512752666813 11.04804801940918 8.344772969990608 6.2429649538471725 0.1661052784420525 0.021233153032038998 3.113502763917083e+41 7.600885465208116e+40 1.5014797842769996 0.03000339627244942 2.0733299938596314e+41 0.8019730984172753 0.002653020106324786 1.6442612333704106e+40 159.3775748572113 56.99092538708625 74.75400506155812 25.518334285410475 32.63083957540516 256.6762472843472 0.7360639772015891 1.1767974347653265 0.07920089730891323 0.11697228904023735 1.1683649786424995e+42 3.3978359596198674e+41 0.9357805989944262 10.73005884906311 10.710039753879748 223.48689487027275 183.0334039594553 7.61790675398647e+57 1.896440646797466e+58 3.0251283773896787e+41 1.7222419189667372e+41 1.3028864582792801e+41 3.4116487089617933e+41 7.511201533718137e+40 2.660528555539418e+41 4.073210381034408e+42 3.7203381116540506e+41 3.70117656856918e+42 7.24482980742008e+56 6.511115111061879e+57
320 0.56847 10.621639397467556 10.55361441742357 23.282883167266846 25.2546888 18.33971168 15.395068672 10.835501708879713 0.011846601246908485 0.019839176146267984 0.006550887303759444 0.20719789699454189 7.97082747100947 11.92638715740417 2.4482172867012415 2401276.0 1004215.0 86.56825679528166 20.936277521359944 14.27018983361268 8.448748435343756 1.2037248146188115 0.39457713606883754 0.010069710586182144 0.026137006401506246 99.33729243223095 137.40158532273014 9.170567201002308 9.949429011369393 7.7403954616985615 8.28364895933602 10.418208450852093 6.983954190394154 0.7591077805337132 150.83832618284828 10.691612243652344 12.328375119006727 5.180760094712694 0.23005909534889962 0.01722105585448302 3.699363448631888e+41 5.56423154944222e+40 1.6392396003550735 0.03667577954374781 1.8773216279622257e+41 0.5900662092682958 0.0014229000356143985 9.751303677872721e+39 159.10137636328008 136.12147980023497 24.84503239622929 44.52264049683453 14.741832633441035 275.8071784897554 1.9212587706263329 0.46927508969774123 0.09348839738038588 0.07646606926574058 5.6297997608920404e+41 1.7166093239123546e+41 0.7636167440881158 10.732336182297427 10.701181319359685 215.26165241813308 183.0106431519432 7.574548447515105e+57 2.1319225433974538e+58 4.699153931652034e+41 1.912327520883358e+41 2.7868264104772667e+41 1.737989992043061e+41 1.0880239496755961e+41 6.499660429158316e+40 2.3709672345112353e+42 3.174396840730597e+41 2.0535275493629536e+42 7.687161839427103e+56 9.067338915169238e+57
321 0.57006 10.655248822896628 10.616361944151482 45.967732429504395 31.634201599999997 21.829711680000003 16.187922688 10.799770396178982 0.011811822092331089 0.01943074207571551 0.005745477279126108 0.1626942613726235 6.009654866389466 11.926604781848047 2.44811588658725 1747576.0 983590.0 55.03891702575268 10.487210447041116 14.015598962495686 10.32194495922712 0.7153652897833375 0.2271296376896659 0.009584716636677907 0.030163855278536017 98.41107043481779 139.253793723503 9.360187605857048 9.987347353552092 8.10073345673782 8.562352029182387 10.4899162759816 7.010163203448527 0.7542013121425815 150.68315601239172 11.000887870788574 8.078586576196669 6.879598458886689 0.17614666076852875 0.020868198106175274 2.120273441865788e+41 7.665531378727919e+40 1.4057308413931209 0.03201966855154434 1.1375250484377771e+41 0.5392315992921803 0.0013917918510614033 8.599735646790294e+39 159.1387521280546 43.914403126274536 50.76070304581535 30.86391519119072 26.673857721661484 309.9977940436429 0.5716655260986202 0.8287469518161945 0.08433978492012381 0.09021108923493965 9.099559063259501e+41 2.7432255641434587e+41 0.8766608062288083 10.714752518807419 10.720582017030871 226.72283415867147 182.91860016438633 7.463818771304178e+57 1.7944248782146338e+58 3.855711311634594e+41 2.30922722259463e+41 1.5464840883455741e+41 2.7603995328739988e+41 9.92308013251762e+40 1.7680915194277912e+41 6.025808076448083e+42 5.1119506824937446e+41 5.514613007945801e+42 6.930163095461321e+56 5.905869529637939e+57
322 0.57166 10.63054934039522 10.570164759376818 40.536133766174316 37.391865599999996 25.181138559999997 15.690002432 10.822427940355508 0.012097519084527652 0.020048738870295346 0.006453190336075051 0.1936254912934155 9.433474512133671 11.926667044872248 2.4483429018332443 2165719.0 989588.0 62.23005532384222 23.596661080770616 14.21295349081327 8.002111008489921 0.8281582172135117 0.47912252687308593 0.010415409188578329 0.02280959554905926 105.05814981455114 129.3095696544396 9.301367828722993 9.993693779894718 8.061690823247632 8.532505631513331 10.422566767204742 7.0365415414597035 0.7492915369275446 150.44359869179212 10.520143508911133 17.38293468551393 4.870368457931367 0.34870878016854606 0.014479858634493274 5.490840663642517e+41 4.94270166281468e+40 2.058371295989524 0.0444000539317915 2.8562989273825916e+41 0.43744000985080445 0.0008433402497390893 6.568415680532097e+39 159.03558245669743 89.82824089906451 27.745559929076105 44.04174509171618 20.349790807753394 288.47655147505964 1.2485393376045975 0.5443989875490222 0.08437241186645332 0.08175705606405885 6.988612761176541e+41 2.3925202720962134e+41 0.6627942961887304 10.717192987634535 10.711509486392258 215.77331814221654 182.95269598620828 7.66813881653519e+57 2.0987510580068837e+58 4.664364360923663e+41 2.0834954224149605e+41 2.580868937561247e+41 2.4132787270321795e+41 1.4899562783744698e+41 9.233224487545203e+40 4.215338508836737e+42 8.531193831133247e+41 3.3622191275571245e+42 9.039284268490999e+56 8.950008455660814e+57
323 0.57325 10.677051785443503 10.625924049469868 41.657408714294434 34.6033068 30.6883708 17.063279424 10.786603289647527 0.012048144610439794 0.020109057620537045 0.005539100669625489 0.1352406086171816 6.411533605326481 11.926722707783243 2.448223898929862 1569793.0 984720.0 38.28462423284958 27.052523719800856 13.985712378500223 10.841393380423028 0.4634966927810968 0.5823497069643568 0.010167382130657602 0.029204875102626253 101.78397306629148 134.3571065087045 9.35096378761486 10.036949430074403 8.07356215216367 8.55244106815013 10.482041111413952 7.062759272821049 0.7444395987788921 150.2650281735664 10.883166313171387 16.820671548968708 7.38684439542786 0.37323419207118463 0.02009958574583737 9.814391415911472e+41 7.601066633917184e+40 6.3440564207066155 0.1321294303079889 7.739392712728509e+41 0.42488882867246225 0.0009218332442095252 6.396796028552436e+39 158.95617736223423 30.50002820901992 24.335976708769202 19.853613359051327 7.738521062387639 160.80832550587164 0.42021552795564254 0.604160504004757 0.06072238836959966 0.06026224631043729 1.5717310407748155e+42 7.877980305841427e+40 0.26354981347851764 10.7087138612094 10.718535840483595 229.5513682182886 182.75827663090956 7.91188674161612e+57 1.800756502835493e+58 2.390514552913137e+41 1.2089069945764603e+41 1.181607558148552e+41 8.044124811875437e+40 9.845093302990201e+39 7.05961547836547e+40 5.04704933072997e+42 1.3805780889539333e+42 3.66647123702277e+42 1.2405005823515202e+57 6.367301003849115e+57
324 0.57484 10.686792623729342 10.59424680383486 44.11071848869324 37.6892781 32.84875504 17.730492192 10.803887933976347 0.012192232680198398 0.02065673072623807 0.006091932159530855 0.1422824444715767 6.402110199168399 11.926754930418584 2.448547774870225 1879614.0 987001.0 28.598740325001618 63.20264742424961 13.968989582516938 10.179472827693191 0.3284403791821045 1.241294572871164 0.010634200138746676 0.026827704573457734 98.89075943429629 133.005283105173 9.325952375163997 9.980979806211634 8.087423477687796 8.546331475928088 10.45937750434114 7.088981047954735 0.7396145014264839 150.00669126357974 10.948005676269531 39.25492514140709 6.7881180367015315 0.7817483942648579 0.01794687650971113 1.5774274285478362e+42 6.656915073948571e+40 11.066648543496326 0.20485277607956096 1.0317872068836363e+42 0.3878179692654004 0.0008181259652797645 5.841312525072663e+39 158.81675795475084 28.44883574109583 47.79560818821837 19.63613280357733 4.228485350361486 143.2323740641228 0.40548696735637907 1.0028448580145612 0.05999513376447023 0.05198804328320071 1.9065373956844932e+42 4.501520720471788e+40 0.5600839267548321 10.710039119606314 10.713147397120176 228.25025373966332 182.71600772562772 8.422332874565023e+57 1.916331477545081e+58 2.2451728451870403e+41 1.1381857791274059e+41 1.1069870652825563e+41 4.710270613439067e+40 1.0751504771544255e+40 3.63512013338462e+40 4.5200495848104816e+42 1.1438639759570747e+42 3.376185607816763e+42 1.662451783498843e+57 7.589688922044145e+57
325 0.57643 10.692138600883252 10.543862088120546 38.38665688037872 28.71916415 30.57764958 18.115558191999998 10.830498162497763 0.01231799335520143 0.021391093702106435 0.006846717307881439 0.1730128619744314 6.2751824922407025 11.927001647265108 2.4485323576820623 2303010.0 985118.0 23.412232192137438 82.82770923902487 13.986320812065962 9.773101918661085 0.2699639825015198 1.5930550300487094 0.010651694855276285 0.025161086274908175 95.07841965362205 129.98277715697486 9.280632246855983 9.94189253021699 8.003324540671484 8.49656945063744 10.404775141595985 7.1152066673436805 0.7348160227607863 149.84487766694738 11.071476936340332 64.22915880431549 6.43419993958535 1.2462043158555143 0.016522207345100154 1.8439342595109588e+42 6.307196093637985e+40 7.763892460632712 0.1491925547079439 9.029785841843796e+41 0.3933500942531792 0.0007997974499457778 6.067001066572657e+39 158.77708446041174 19.78510996421096 77.70792485581038 20.263853846971596 3.2069387626834756 136.66418131556597 0.3156119630512492 1.5834288829038559 0.05893985648459399 0.04931469224751256 2.3582561663350993e+42 3.441198933606549e+40 0.741147430816418 10.717700313215637 10.702996612851999 227.02617078378304 182.66909559140765 8.821417800221457e+57 2.0163946059496873e+58 2.332567794915002e+41 1.1336606477179972e+41 1.198907147723897e+41 3.6144918070284737e+40 8.233096705203592e+39 2.7911821382983873e+40 2.5126142784063805e+42 8.762611141675231e+41 1.6363531680196205e+42 1.8547660086228338e+57 8.297580325606667e+57
326 0.57803 10.693630031995886 10.526258036042801 28.528162002563477 20.5673756 25.82973184 18.314403839999997 10.839247539177267 0.012435314505700982 0.021932986322394016 0.007064411816423663 0.18039808324638057 6.265659451800519 11.927027994490032 2.4488956173178926 2389983.0 985603.0 20.263965954514248 77.84595693608586 13.99927217357083 9.697730504126994 0.2399493901571353 1.4727465970057354 0.010778273937823534 0.02431127721400376 96.86285842135273 129.29562657935716 9.13566914729822 9.959024250809133 7.9082743403242075 8.373992125552583 10.37439018666439 7.141600907425816 0.730014013113506 149.57931617530693 11.100873947143555 67.87070323699237 6.371678151219459 1.2832068671245822 0.01580013441926004 1.7823502403539545e+42 6.14394713552478e+40 7.2218500158516035 0.1399969371702674 8.679453938222424e+41 0.39031316015632744 0.0007660958819816321 6.031066623139076e+39 158.67581295628688 22.3408638892611 96.26338503622146 20.480120142586227 7.1489485652943605 123.26633261990905 0.33212850675133737 1.8927265771315753 0.06336997482586508 0.056744013575880325 2.2005447173027095e+42 7.449402343211516e+40 0.8658527687930154 10.733886553109855 10.685483099696484 226.2236365586204 182.533616658176 8.934826292246684e+57 1.9475029349030836e+58 2.2705268350250977e+41 1.1217834524529628e+41 1.1487433824266717e+41 7.593811568930334e+40 1.5135314502429327e+40 6.080280117010848e+40 1.2601611838609156e+42 4.593756655281765e+41 8.007855195089204e+41 1.7588536098666202e+57 7.587433326552026e+57
327 0.57962 10.695745423280352 10.52313479596278 30.924226760864258 21.9069128 23.974225920000002 18.305099264 10.83994774743071 0.012572811574594427 0.022283000628682673 0.007070898210625388 0.18691805560304878 6.394955642310516 11.927070439435075 2.448829592707299 2302230.0 985708.0 19.835469170660236 52.418911793423064 14.06600591606191 9.789101052306393 0.24145417572263128 0.9832412304699978 0.010825872880336165 0.023930624218179687 98.44260365457704 128.52796615615367 9.116467748448072 9.933083174033593 7.954744206063096 8.4163022182943 10.382170198618265 7.167833641463862 0.7252682792174183 149.3926690665189 11.164182662963867 46.57927785740974 6.503294183862969 0.8717289366016142 0.0155552488329859 9.093632281115295e+41 6.330931274378646e+40 3.7913461788756413 0.0751437661427744 3.598220668358245e+41 0.4003767857337552 0.0007827247783826561 7.157569487293316e+39 158.55712743336215 24.94057233869884 27.228734043968245 18.216314522803682 5.132091135572914 129.1941398020925 0.42896303941792374 0.6314118452759152 0.06007770451647818 0.051597086939094136 6.9355344236098446e+41 5.365789430763869e+40 0.8288379510676269 10.75188448381727 10.66322124806841 225.67533453845797 182.46323664369993 8.66837252174507e+57 1.8026583080075145e+58 2.1326205432108427e+41 1.1094931370526002e+41 1.0231274056721971e+41 5.468040730558444e+40 8.669984338134772e+39 4.601042300044851e+40 1.594560160900917e+42 3.766742131128055e+41 1.2178859492370464e+42 1.278707008523209e+57 6.059158985551683e+57
328 0.58121 10.697193926606465 10.509952058074543 28.27604389190674 19.857517950000002 21.54403234 18.217680576 10.845580529921648 0.012681136126236208 0.022729386155147142 0.007211863836118604 0.19735486142765013 6.281358513074997 11.92709385556019 2.4487173278279935 2320000.0 987145.0 25.575451355173833 37.371704435186814 14.156938167220943 9.550876590699566 0.331536076644784 0.7546472630139972 0.011192639965962719 0.022712949856708967 103.48959416007412 123.90230313298855 9.128272653421256 9.894291265091054 7.943093236373855 8.414288326494889 10.379355621599721 7.194069625419887 0.7205485108652638 149.21149072637365 11.256769180297852 30.98578164040023 6.289347482634512 0.6217917322623174 0.014508966533464986 7.142105061364188e+41 5.995655346156847e+40 3.5473558194310724 0.09961195846149065 3.8979463899229655e+41 0.39132734887929954 0.0007607824024613638 6.477785502823085e+39 158.49542792825295 27.72258857347979 20.336178712355256 20.12324965175017 3.6149451841110793 141.60784450387519 0.4683782873284551 0.5774989389385172 0.061427545357344994 0.04881905326346732 8.86316566824789e+41 3.773721329651823e+40 0.702977943817803 10.75496993328569 10.65851005623504 224.34848903970723 182.33709895640055 8.506120731404254e+57 1.771620579271346e+58 2.3278259065482768e+41 1.1916376663261993e+41 1.1361882398355957e+41 3.9611987890509714e+40 6.287151965868813e+39 3.332483593492228e+40 1.9253117708074534e+42 4.456003990954529e+41 1.4797113721745632e+42 1.0391016428501337e+57 5.7792911803261414e+57
329 0.5828 10.696956553379383 10.498273325629158 19.86565339565277 19.354693 19.73759644 18.04201648 10.85082511208356 0.012780169989587049 0.02307811654381484 0.007351037444696047 0.19907328639616614 6.141037083868484 11.927116538727486 2.449056235287086 2337165.0 990350.0 34.02506010688248 28.631219706305757 14.252787372245429 9.509133931998537 0.46627690547581374 0.6555200678372595 0.011363152909419165 0.022056065465524556 109.06393051406145 121.29891131725697 9.12658953364789 9.876302989999395 7.773838312291281 8.322912147711568 10.369512132542214 7.220308663423244 0.7158544955387784 148.95357276813414 11.252074241638184 22.655175154055 6.250216582834269 0.5198551815939954 0.013979672375182644 1.004291469266716e+42 5.993268213277073e+40 4.742813107337495 0.15860991197013455 7.895305177392443e+41 0.41393022761457804 0.000786760545918024 7.265675384829862e+39 158.40155030826108 37.692150447303 19.967279229743493 22.5773694560011 2.119447674730436 167.490044918008 0.656640478096278 0.60923342264319 0.0674538775606354 0.04851552573567469 1.2423477161599343e+42 2.546111465795659e+40 0.5611896635787421 10.75679964766343 10.656146042370757 223.24509191250115 182.1229940129661 8.4206131670216e+57 1.8076873997559243e+58 2.4902612496322267e+41 1.241633730344326e+41 1.2486275192143518e+41 2.6661050203259185e+40 1.110941984436467e+40 1.555163035907771e+40 2.83525117856703e+42 1.0070254638940818e+42 1.8282257136760134e+42 9.199361834763833e+56 6.103233922906658e+57
330 0.58439 10.696260954121096 10.481189267420662 37.76815223693848 40.6181936 23.42565856 18.112696831999997 10.856394198086592 0.013008073936920349 0.023291070177442884 0.007546618290641778 0.20152518531264907 6.1465752916567835 11.92714141567781 2.4494146611529275 2360000.0 994481.0 44.029476152864994 26.45678235986922 14.365639812901335 9.498062720547612 0.6339860276227989 0.6816752806397316 0.011272686875838675 0.021777621709110538 112.13090957950152 119.33030337918473 9.19257301048635 9.829832162782168 8.048681158922145 8.50965625338618 10.360610657174977 7.2465505605194505 0.711186023032564 148.6936881852228 11.1162748336792 21.597155175060934 6.2065257523280755 0.5571569925650736 0.013723093525582871 1.2427671537643308e+42 5.948610863296236e+40 6.6529534409484565 0.21635060051608818 1.0338023160508024e+42 0.42517619718063154 0.0007870805478440297 6.870684699264706e+39 158.38132234882804 44.43198886031168 20.83761521318059 18.75057418396057 8.10565037810151 127.70147924667216 0.7021324360002227 0.6308951241173855 0.059482506865245734 0.05767249399098214 1.2245117684982831e+42 7.438277698556467e+40 0.6024431069482531 10.757356844704038 10.652556823883325 221.00911411763278 181.83584336396126 8.585497650085719e+57 1.8900588065294904e+58 2.203335889552846e+41 1.031501915154331e+41 1.171833974903764e+41 7.594458667542615e+40 1.1163729655309306e+40 6.478085696454642e+40 1.3920096706573972e+42 5.648846610189147e+41 8.271250090081959e+41 9.618170701903849e+56 6.62854183028755e+57
331 0.58599 10.70839648132173 10.512624397544752 16.8607816696167 29.684564799999997 25.13434272 18.76143744 10.840477756525612 0.01313224583361874 0.023344782646337856 0.00722949832753223 0.18136229618134325 5.7863648803072305 11.927190433733054 2.4493311281872545 2054298.0 998809.0 46.70904073286215 17.367177848935615 14.411384538648662 9.64805728421034 0.6795487051145656 0.479851078066394 0.011267125114313116 0.02140021402580275 118.5817697848219 122.30011352293185 9.094792048348845 9.915612091385045 7.615252886135898 8.251646643489758 10.37475019899594 7.272960190836003 0.7065137630334988 148.5132132977563 11.207393646240234 14.104923829423155 6.312811830055654 0.38573861629694395 0.013367058763727062 6.9543038141917604e+41 5.742759083745509e+40 5.1049794238160215 0.150476375250306 5.755251368778282e+41 0.41070275423836766 0.0007307280907148936 6.505158033818571e+39 158.23178241382593 51.55466554469172 25.93719148624851 19.798139800132024 2.3000896552745074 156.76494489556757 0.847512468767277 0.808401017205596 0.060270694668624114 0.04774801728758214 1.3746710693144542e+42 2.6662944338336515e+40 0.5274207746478873 10.754764739342136 10.652828936380413 224.79724559508986 181.75837842423343 8.547178884650857e+57 1.79434774696063e+58 2.2718561539129003e+41 1.1719305558334397e+41 1.0999255982666789e+41 2.74987385830622e+40 7.746967442147748e+39 1.975177107100666e+40 3.327372672983456e+42 1.0638755672160103e+42 2.2634970998666555e+42 7.914997011575699e+56 5.627225214407037e+57
332 0.58758 10.708526733931349 10.513607984786368 22.53893518447876 24.916066 25.1430944 18.680533504000003 10.840123073081017 0.013235786919838493 0.02323177323056401 0.007409363275279193 0.17752199009519973 6.017821257583737 11.92723944625634 2.4495289433916265 2018101.0 1002708.0 53.264532862422136 29.8105206700691 14.523583475668893 9.263639840535093 0.7848034514876872 0.928188680644557 0.011398555493441964 0.02040844617473589 123.52287045484783 120.56072507546752 9.16919621421065 9.892322033260937 7.821891036721749 8.394906835022983 10.38459060469905 7.299207239868006 0.7018959120460193 148.28673174339468 11.121265411376953 24.082115827644397 5.967172401044354 0.7609908513248226 0.012527855765396003 2.2981257038372922e+42 5.430954779913976e+40 13.10184829306355 0.4403272576462107 2.0935399171268065e+42 0.44316928109047526 0.0007892510441837411 7.132235837715263e+39 158.20445544713306 40.26601038187926 27.959528366901054 22.952585673265457 11.451286626069427 126.537372700883 0.6815319955794834 0.8824136102119396 0.05690545551653284 0.06482351012832797 2.204309641378847e+42 1.1629154415758836e+41 0.3591191185717801 10.753154573440815 10.655022710593675 224.03941410836936 181.52316343196205 9.093561489431083e+57 1.9248247083379536e+58 2.604620642247358e+41 1.0800866122546918e+41 1.524534029741395e+41 1.1725033386370541e+41 5.7078304661029485e+40 6.017202922184595e+40 2.847981179018501e+42 1.0142578244821193e+42 1.8337233533553418e+42 1.1767209236683204e+57 6.900204057150569e+57
333 0.58917 10.717724832672259 10.534804035217409 33.02084398269653 22.9560128 25.6878112 19.217915392 10.828618778010076 0.013345637040547288 0.02292637473520783 0.007297601994168999 0.15538219321181435 6.455958759456379 11.9272723620104 2.4491574161092835 1769531.0 997910.0 54.63875520561676 35.75839492820158 14.574751836000795 9.55218112536458 0.8155393322646041 1.0525023857489162 0.011237223087713955 0.0208207881053948 130.31723129088667 125.56196194438378 9.205618264816975 9.899161180322102 7.945703596963074 8.473752428972904 10.411383484647416 7.325456567442827 0.6973029855559516 148.15547490017786 11.351351737976074 26.506262307175902 6.240580560398028 0.8067483817284166 0.012908132677121932 1.5462934738664053e+42 5.24265627601965e+40 10.228457275385914 0.32971057250123653 1.2755955656954092e+42 0.46191370582455743 0.0008305167656190454 7.494970338201718e+39 158.0134864474113 53.112322052835516 33.72983474561799 20.643073851075012 2.679263155519967 184.27903039608827 0.8959525689686768 1.0562394348462625 0.06381225116651941 0.0462353648649857 1.4386197720604502e+42 3.060730878867508e+40 0.5765047218113551 10.753059271210285 10.653437016808855 225.98453721586037 181.47666290894568 9.33240242624642e+57 1.858751608811601e+58 2.3874249533308637e+41 1.3186388392891387e+41 1.0687861145063744e+41 3.143893770202055e+40 1.1609266500930694e+40 1.9829671196562135e+40 2.7524666776595355e+42 7.188046038635202e+41 2.033662073165711e+42 1.2322127328604295e+57 6.025437945547107e+57
334 0.59076 10.719816157231861 10.534430870415203 27.211702346801758 29.555255199999998 23.34482112 19.160712192 10.827872504889232 0.013461945461966317 0.022877742057000747 0.007443647530613116 0.15427631972476072 6.2140776936936915 11.927311126254931 2.449449828121804 1731609.0 1003384.0 46.378960296924106 30.30298321143892 14.808643744712324 8.625371529627241 0.6840464822475995 0.8435637534212819 0.011600254130915299 0.01881415750219225 136.79559885702253 123.19747810916387 9.236739887657576 9.93354740219244 7.866703861086415 8.449871502262235 10.397062798525733 7.351707982298415 0.6927347823143071 147.91276396106375 11.327547073364258 24.98240071912799 5.387034354303856 0.7024140945598342 0.011126273960006185 7.88490808982435e+41 4.577907947664366e+40 5.075062623026533 0.1569621212863353 5.3675415845346855e+41 0.5443154283767144 0.0010463075603532738 9.128904941907802e+39 158.00019577631136 42.201794904027516 27.919294475214706 19.15994771274254 3.4665110863036146 160.63580997903208 0.723904135050664 0.9070704177328811 0.05767261641924315 0.04764728781591965 8.57618684151333e+41 3.8594414652473587e+40 0.7427902595783583 10.75281366800707 10.65234473935493 225.94199846712996 181.26273237765312 9.352659528507524e+57 1.82851665248861e+58 2.2018401499264937e+41 1.0955189359791469e+41 1.1063212137358883e+41 3.9648433633285383e+40 1.4088907996565335e+40 2.5559525653495654e+40 1.6816907344335672e+42 6.5775018567494335e+41 1.0239405490304383e+42 9.265626809860955e+56 5.51394255597653e+57
335 0.59236 10.725048792225172 10.537762768587635 40.58719778060913 34.515443399999995 24.63913972 19.250114048 10.824234642215112 0.013604360525646631 0.023035954619988374 0.00743836151184311 0.14722627788897852 5.88554941080311 11.927338917357297 2.449570692863092 1657822.0 1010033.0 43.539266323887695 26.217050600362686 15.497992069089191 8.165306326509498 0.6450653973136656 0.7374346492804632 0.01213876526763396 0.017849234150872546 154.56206278963157 123.03847632135822 9.227492698452638 9.956751980616925 8.127229008268703 8.557345549313334 10.391746595265296 7.378126414869531 0.6881626038220001 147.69704092736887 11.350936889648438 20.862230456860388 5.04652001198546 0.5929307359494776 0.010489457725075651 6.5574546044827415e+41 4.394820494347802e+40 4.806519270065774 0.14735578993686163 4.689356940309101e+41 0.6670166154181206 0.0013021080540483855 1.1598623293845067e+40 157.9446823006545 46.3619481732374 16.623226882791602 19.35439067281906 5.854160876822884 177.24692940554056 0.8322441765338178 0.6204659473909945 0.05535639531449963 0.052461381557032755 7.504205648382542e+41 5.885569401342056e+40 0.4592781233165189 10.753107993423354 10.649083997317614 226.67713963025687 181.10991014298884 9.280716845715204e+57 1.791100149224674e+58 2.2358945855059206e+41 1.0052836674020145e+41 1.2306109179240218e+41 6.010071282124501e+40 2.203354517906542e+40 3.806716771262709e+40 2.2424872003713642e+42 7.437661843226585e+41 1.498721016955645e+42 8.392538705898993e+56 5.250037776532193e+57
336 0.59395 10.736492026484047 10.5575301362834 27.517879486083984 22.2544832 24.69793216 19.494529791999998 10.813069906631064 0.013673861939066277 0.023105547668824007 0.007212501797062866 0.13003783316352607 5.902302694066502 11.927370363039023 2.4496409986917222 1484052.0 994993.0 41.818245612078805 28.77660352041352 15.722448240583471 7.777095206006096 0.6131018213423246 0.7997092692215059 0.012323208349903223 0.017150348322085104 164.4029753319851 121.84024263714035 9.19032808482517 9.966139755544345 7.879053629828599 8.441553706959947 10.419097361023033 7.40438144435155 0.6836434043269637 147.49261759322295 11.47801399230957 21.910289526656868 4.8374771112218635 0.6259326490152627 0.010217627230848843 7.79506143237467e+41 4.332429484696632e+40 5.754853607437001 0.16651007719874067 5.328472611580607e+41 0.7967981476193965 0.001580419756860168 1.4560565965414825e+40 157.87440558141995 64.0385154231734 51.92071664459862 26.75890017294305 7.39448110120783 426.7535048572202 1.1391256407005044 1.420328163358163 0.07113895077741056 0.05199527736887626 1.535136856446015e+42 7.05479068966897e+40 0.676288862929445 10.74983190412868 10.65237168147709 229.1923453759195 181.08875271978943 9.174456668903226e+57 1.7151309210993795e+58 3.3658580750070897e+41 2.0247008830156555e+41 1.3411571907551768e+41 7.172006960180474e+40 2.916083459252055e+40 4.2559235005364397e+40 3.056142064053682e+42 5.926641380435933e+41 2.4634779281868964e+42 8.238186567125244e+56 4.708011040930682e+57
337 0.59554 10.73783992511717 10.561026742726332 32.68370532989502 22.7443373 24.092221280000004 19.574124256 10.81161235632432 0.013788804974538401 0.023230127700503866 0.007205442787517177 0.12568000304323457 8.204851314552243 11.927404000085028 2.4510447304304983 1493880.0 990513.0 42.000430817371345 29.367551725975012 15.817784977305832 6.6325330413546055 0.6201801152814284 0.7651950680169555 0.013072179202148884 0.014622780585016055 151.5552585466317 118.41845856007012 9.16631802949747 9.936090058949985 7.924650387205198 8.469123303020154 10.43532720955135 7.430637991714354 0.6791483359639992 147.0634367752304 10.970565795898438 23.520248412416638 3.9630704330848756 0.6245266586114591 0.008432729058610955 7.408899171221744e+41 3.6231080470424234e+40 4.046296763618195 0.10726124143855426 4.278305460711722e+41 0.7801715081409916 0.0016110463096332599 1.425811851237844e+40 158.11889484519276 57.55526479089734 43.70170103405432 34.06225857874012 15.276642056299902 295.9548160546625 1.1126975943261235 1.166369003511027 0.0742195441587854 0.07199364424376008 7.456099970946269e+41 2.1670530517442215e+41 0.8308651597817615 10.751294972199783 10.651251620876447 226.4486072730463 180.86730646945293 9.199309789421017e+57 1.7549800801382796e+58 3.626387357589651e+41 1.4962756120610455e+41 2.1301117449783777e+41 2.1767667535366447e+41 1.4948669602267834e+41 6.818997929713565e+40 3.2223186188387827e+42 3.77330992773225e+41 2.844987624746539e+42 8.462405656151125e+56 5.0754970651904846e+57
338 0.59713 10.743233031559189 10.535661764762605 23.666303157806396 20.6250352 22.135530799999998 19.591857536 10.825625407100818 0.013796967350632287 0.023729547900304536 0.007553979290781175 0.15090321539198295 6.181675032606067 11.927454450769671 2.450659156280933 1679316.0 1012091.0 44.174689505130445 29.607420944030213 15.944851334591526 8.861599521182649 0.6855804954137071 0.7261695853296083 0.012407571873436442 0.019873868034667674 151.5057416633438 120.95663118359927 9.190002643946459 9.930315797079654 7.873174370537672 8.471586543862559 10.402910472080794 7.456895869420398 0.6746772059685495 146.94125549831816 11.499680519104004 21.268132282297895 5.741567700239808 0.5434486062812189 0.012575917143986128 7.087978074298941e+41 5.812032192837461e+40 4.084533492451211 0.10917944934172769 4.7409639634392845e+41 1.2512725373852733 0.0024238747049580216 2.386353074025854e+40 157.9465485248408 45.6706129543631 21.73083212664755 27.827879469674464 2.8048274455173803 355.4092866600677 0.847306685971737 0.7034152843384133 0.06505103864329895 0.045398766771479936 9.230477026179599e+41 3.6279080799906887e+40 0.6307915733482643 10.752298292064928 10.65057246515641 228.32613544766016 180.77615185266072 8.973519394669165e+57 1.7731161487525487e+58 3.1925545017651796e+41 1.3443486436526855e+41 1.848205857587855e+41 3.7122107015477408e+40 1.4965106294710595e+40 2.2157000709210145e+40 2.5053125068417235e+42 6.778919094270993e+41 1.8274205947000616e+42 8.13443669427517e+56 5.5206911017963985e+57
339 0.59873 10.75181571357778 10.538586511527638 40.00713300704956 24.459826 20.3645536 20.059524608 10.824994572279495 0.01389376453148077 0.02388032794324007 0.007478175490325186 0.1475689950893363 5.965358184435203 11.932201934800993 2.4519962459607645 1664058.0 1004066.0 41.60223106945513 30.037624141618473 14.981551586272221 8.953108241552911 0.6504317111108325 0.721115699240692 0.011583657075463329 0.02036819138489111 121.03854903231404 116.70067976765961 9.269153442464484 9.884764821158036 8.093190740213146 8.605088668333838 10.421529320777637 7.483320045170469 0.6702019274130242 147.32209260883343 11.427897453308105 23.425648006253642 5.824063806533764 0.5758135865041187 0.013003951956590548 8.90913312475226e+41 6.763484835812608e+40 4.8292014741157425 0.12982600381068526 6.014706910413338e+41 1.4207554909738898 0.002769840552350746 3.3387819700101713e+40 158.19152384847536 48.359658116191504 24.957787765793512 21.023307582320804 7.195153981327946 245.78674211608873 0.8957273812197352 0.7300695620702218 0.05561566653556344 0.05498136506886134 1.125126333592606e+42 1.0580736727448651e+41 0.6099618101122104 10.752519264863757 10.651600673461697 229.80526509874244 180.63194493116086 8.954641615876234e+57 1.7531697481452353e+58 2.53866109847001e+41 1.1600306518779605e+41 1.3786304468229062e+41 1.0686573091453333e+41 5.51872858594976e+40 5.167844507722625e+40 1.3182148381668841e+42 4.4707880376487156e+41 8.71136033464539e+41 8.684419373953111e+56 5.4460108358410285e+57
340 0.60032 10.759576488163384 10.575673864417467 41.04802894592285 35.4271424 23.94190528 20.742392832 10.801938859090894 0.014061648704421812 0.02382738237409196 0.006808720394796634 0.11190299328878037 6.05381063853597 11.932243153996412 2.452371903023168 1315439.0 961847.0 38.55018947383666 19.966827589210418 14.682384369050308 7.694531565131473 0.572790644574249 0.5015956776624806 0.012116019484872053 0.019066693845773343 112.32413468995351 110.55937621257361 9.307307930127545 9.953316312359913 8.122321059852611 8.644794065146836 10.447825246070181 7.509580030128821 0.6657782515991473 147.07022732427785 11.39069938659668 15.657560693499546 4.982890274643678 0.40069715237613307 0.012595549935919239 6.8341124631791966e+41 8.839837366968682e+40 3.6246731104531382 0.10495118445810356 5.0502800230162416e+41 1.7335764101334652 0.004769013983201174 6.285554722609344e+40 158.23310050891223 41.04022234571925 31.053206659242566 25.03373284853644 4.980802306317161 255.99965352071783 0.6774310250396534 0.8797387430109033 0.07026858033086905 0.06736925084608095 9.661509453756982e+41 1.570106882882672e+41 0.7886236452504073 10.75057822719035 10.650415241020966 232.48268799918336 180.80465317547407 8.848551546446957e+57 1.5914642452899467e+58 2.8064819732009036e+41 1.4900096680682837e+41 1.31647230516081e+41 1.5768444405525916e+41 9.85339451075022e+40 5.915049882082172e+40 2.093082226284319e+42 6.507083109571859e+41 1.4423739170576996e+42 7.823226163494821e+56 3.941296953649443e+57
341 0.60191 10.764161839576067 10.566374573982984 41.074363708496094 29.914225599999998 25.83588768 21.1381504 10.806569587150623 0.014186243390796606 0.024273744018216224 0.0069183568863273835 0.11982453108685892 6.198215684447139 11.932267739022283 2.4530764751929155 1335633.0 1005722.0 40.01425662282374 16.875897837768253 14.812273830720196 8.661982472527527 0.588854540612145 0.45226035194078046 0.012707901056524902 0.0306814428782808 102.83467130028416 108.4966259404529 9.239390767994077 9.948078278290359 7.99720250871049 8.557062699674528 10.434069691551148 7.53584078727064 0.6613779468691334 146.76091034547673 11.409847259521484 13.967555580395269 5.732517413250094 0.373954390955551 0.02322908920304772 5.2200009630879704e+41 1.2767313808034316e+41 3.5923081940603487 0.11252103607756302 3.7883511876621054e+41 2.5704098985006993 0.015336379718644213 1.0213296468731962e+41 158.36258643331712 39.822262264168565 15.09402813034328 19.456354953757273 4.731238644194402 150.72367648096392 0.6901562173858347 0.5602209965310185 0.052210240261494456 0.06831939793835243 7.495976762777064e+41 1.165723945333417e+41 0.5483655413893567 10.752609391398357 10.646688774861838 233.03305640375538 180.4619719990884 8.727362614099128e+57 1.6056671022938936e+58 2.2334080309076643e+41 9.105915644965687e+40 1.3228164658619779e+41 1.171455727046753e+41 6.374182360821982e+40 5.340374919628673e+40 1.5538528120086705e+42 6.129254089408775e+41 9.409274063091068e+41 7.172488575067898e+56 3.89507250029203e+57
342 0.6035 10.769916838602564 10.5777514936985 28.510265350341797 22.6250932 25.7640064 21.415819776000003 10.79957549793773 0.014251934537866556 0.0244200573665753 0.006743838671254955 0.11148893061733461 6.50604498607582 11.932298829856157 2.453268234968473 1210599.0 1005117.0 39.84274701347875 15.79623425068414 14.78383568813193 8.940121251772398 0.5846600945108662 0.4565984601839872 0.013048720416705756 0.03772226426710766 99.41956549581276 106.93876948030275 9.19314931902908 9.981362068074478 7.956237537370761 8.520732085040088 10.438173276929682 7.5621021328107965 0.6570008285004141 146.54034329987456 11.522233009338379 12.008909048673493 6.020576221725782 0.3499790529414643 0.029932304780925043 5.3532603900069785e+41 1.4212937567994634e+41 4.232594078143704 0.1285370421889151 4.27106382993764e+41 2.9795640901417144 0.022145790547274107 1.1828351546835091e+41 158.33368282746144 44.30048335991035 12.08556097847169 19.244534210537438 7.419447278810521 140.82880046032804 0.7674960385677781 0.48532750927844925 0.0558067183923784 0.07811069445043023 6.5963646533137994e+41 1.4393790835186428e+41 0.3572916310991225 10.75058821624723 10.648812247159187 234.44347539515607 180.3538676867012 8.664119643133182e+57 1.566063896119264e+58 2.2004785689473713e+41 9.516301739875703e+40 1.2488483949845104e+41 1.440678754263601e+41 7.276224636421211e+40 7.130562886951152e+40 2.5754312042182192e+42 7.241479795984818e+41 1.8512832242780628e+42 7.890376133870158e+56 3.585699208390729e+57
343 0.6051 10.772427051439179 10.57079327239252 18.082337856292725 23.2370568 25.505751679999996 21.555744255999997 10.802346735432012 0.014361020958807398 0.024468623971160088 0.007002851447148849 0.11535971984533529 6.2521619003695985 11.932323411730557 2.45335972683924 1260580.0 974731.0 38.43834279773564 27.86368702472254 14.476157311379755 8.25026465393523 0.5719017073738256 0.7696628769473701 0.01290553726614001 0.03935481244968419 98.19004777026953 103.80585916212277 9.107474960424561 9.957309078073228 7.711984814954856 8.361925157255875 10.438725832964648 7.588529053048398 0.6526194017517766 146.33520165620658 11.602993965148926 16.74787453010789 5.545040655327788 0.48284715743370443 0.03184989037664594 7.715208559589735e+41 1.215558729014529e+41 4.795600688813798 0.13401992004250762 5.807139458728822e+41 3.0460787364668334 0.025247123549283372 1.0380843555015032e+41 158.25238299519035 32.60794699331074 22.18054015984542 20.259107451367665 3.8978220178105425 162.08711262560846 0.5871137021646321 0.769656222984701 0.06220602766412138 0.07187157996876095 1.3615311664287626e+42 9.708618088669461e+40 0.49290028327602486 10.746422345545842 10.65211344468232 233.29262002896408 180.40003982930887 8.700958587113842e+57 1.607637911791495e+58 2.3626200440987264e+41 1.0990338570668772e+41 1.263586186920519e+41 9.770332550429732e+40 5.208617062568364e+40 4.561715498439108e+40 3.413906439068973e+42 9.58052950247459e+41 2.4558534907491855e+42 9.589766325234388e+56 4.130466417993248e+57
344 0.60669 10.767614016003185 10.541083362860466 31.70966148376465 21.4462404 20.83944736 21.040441344 10.819051428178179 0.014453432197125315 0.024597857137922775 0.007672359468125185 0.14153087762837924 5.86272375230769 11.93233570214601 2.453653677375805 1516017.0 1001671.0 37.607270087563634 39.223901346132706 14.246314783692682 8.480432571693607 0.5674829779892749 1.038236951728109 0.012511256450696407 0.04068961864778481 97.01536599525991 102.29199499621747 9.125157340167405 9.888558790822414 7.909724622577285 8.437062450557235 10.421873924609109 7.614791028626152 0.6482882526496234 146.09593711286226 11.593510627746582 32.180133934171025 5.598911889325154 0.8576863843695092 0.032657426363616696 1.2806953516631561e+42 1.147740534988021e+41 6.351605543662358 0.1798982289887268 9.237381639949011e+41 3.1286502850360605 0.02574336219985626 9.77550819935491e+40 158.24167167536942 37.3627734719514 30.8152207607553 19.36402166354951 5.720944101443347 135.15855139104673 0.686492990955359 0.9878181267227373 0.059267878603672004 0.07563312542578585 1.2685089590729675e+42 1.1600973813598942e+41 0.7228097809780978 10.74764319172048 10.650848421634464 231.09121495301162 180.24014803666995 8.778273119901571e+57 1.7008486104346077e+58 2.2058400730460106e+41 9.540198355877672e+40 1.2518202382360145e+41 1.1687160501100737e+41 5.824579140822571e+40 5.862581360559344e+40 1.0179048859737832e+42 4.0057914095742734e+41 6.173257445464691e+41 1.0921723404739879e+57 4.9932567615918795e+57
345 0.60828 10.767005401956183 10.547038662652575 26.8138365149498 18.0278606 18.31247844 20.6742432 10.816082142150917 0.014534575853602323 0.024657104939680177 0.007617145054104001 0.14408409288736468 5.897112385754986 11.932397149006587 2.4537929622164 1466505.0 1006073.0 38.36420233940725 24.46014294206459 14.004561130039992 8.449571190643667 0.5942554823344738 0.6512097870534714 0.012107779621336922 0.04147838983383342 96.43660027818481 100.5388998565394 9.268871248119103 9.897712665479382 7.848150851189695 8.531051231741817 10.427482499697648 7.641053045760215 0.6439797461695271 145.89179548186468 11.57919692993164 22.069557614135974 5.534639487196877 0.587211886661479 0.03327617187584261 5.738714302970772e+41 1.100015309538676e+41 3.7620523234887417 0.1113477640625803 3.6631546732532935e+41 3.2232513185901537 0.026548263396559853 9.438409649279436e+40 158.1795952309267 34.46287760847913 19.637923127548635 18.424997321225206 8.516641562224835 117.8830739495074 0.6382658036763946 0.6511892892470003 0.05833240330666127 0.08523978619877776 4.505948324987841e+41 1.4484897737386442e+41 0.8368875399109149 10.749088551522384 10.649334689340499 231.36229229638457 180.1819752188237 8.489716744806305e+57 1.6356888063290007e+58 2.069109128929069e+41 8.64721311668771e+40 1.2043878174772905e+41 1.456024040850681e+41 7.059989439529723e+40 7.500250967736476e+40 2.6527812200613364e+41 9.647523719719334e+40 1.6880288550843813e+41 8.007244907704189e+56 4.220853246078518e+57
346 0.60987 10.77286575418004 10.56347486416446 37.25799798965454 28.3990364 19.89076704 20.69551616 10.804868239286096 0.014675779308109836 0.024777412855197568 0.007236857463422769 0.1335430021910398 5.738079201172326 11.932430398976507 2.45359490318308 1303758.0 1003614.0 41.21286136543734 10.778797623496736 13.825057372139927 8.637324754190322 0.6603874366281427 0.2856568797449337 0.011775126089187623 0.04214990500523153 97.30148186488572 100.0586520868368 9.33967274510745 9.9047729310962 7.997072565370548 8.650578430604115 10.446334555428486 7.667314924441546 0.6396937052158655 145.74029927395068 11.579493522644043 9.816163577633882 5.714290752779879 0.2592164344034271 0.03390078133419814 1.803647266002494e+41 1.0928597615696498e+41 1.1880667447607303 0.03418472074795832 8.743786185328912e+40 3.380248887520843 0.0270811807504072 9.413196754161591e+40 158.08213015806774 39.02277452099887 5.061578661131405 19.934806090585152 13.378689954541171 118.22771120984275 0.7943605713908379 0.2758080239539165 0.057851594171823596 0.0954075310838093 1.2255956231594645e+41 1.7590154868438907e+41 0.6647507773485348 10.748087472291644 10.64757289487315 232.86742678746182 180.1690317230769 8.172863412587207e+57 1.5600222297627376e+58 2.2027690430902872e+41 8.625955910558727e+40 1.3401734523935597e+41 1.76759587110088e+41 8.277639628062238e+40 9.398319096767051e+40 1.3143976513876353e+41 3.467403067691056e+40 9.676573422933548e+40 5.69404140762928e+56 3.529540016704192e+57
347 0.61146 10.784361674611903 10.585872599607857 68.05310153961182 43.5969416 24.785770239999998 21.296540672 10.786452901016164 0.0148784936224443 0.025000922055009776 0.006605559035698515 0.1108310588083381 5.528236932418572 11.9324463002362 2.4535208799202617 1059144.0 1016597.0 38.96833094072291 4.7415968007297 13.607521161260777 9.640853141882143 0.6165569299262502 0.1263671946445543 0.011502557708423069 0.04540182053696737 96.71377654408703 103.52054008838951 9.457921485638211 9.914052456430818 8.354131559908963 8.863561049933256 10.470507564496431 7.693576485606862 0.6354299545350472 145.5657587911315 11.606623649597168 4.169343502443852 6.483908855566567 0.11089828957988625 0.036475105403329385 6.403470538148199e+40 1.1103176532146682e+41 0.4175065186134877 0.011011424797071437 2.234256680073512e+40 3.5337996696375167 0.027992729886636467 9.25829097407142e+40 157.8932731510908 46.58390455813278 2.3066528981479513 17.11652055071295 18.31318396017974 109.91000972076027 0.9044970592417643 0.19413928858952817 0.054537574996246924 0.1007841332494732 4.787121823731334e+40 1.8543563525138986e+41 0.48608201137384016 10.742463236654464 10.647655095401662 235.58635916490437 180.18606442508582 7.930966132857175e+57 1.4660923981228647e+58 1.9477316674823173e+41 7.9486728846523215e+40 1.1528643782144076e+41 1.8584089418534518e+41 6.68055631947466e+40 1.1903533102066773e+41 1.996404884558176e+41 9.244809950090661e+40 1.0719238887013455e+41 4.828022464454566e+56 2.856957066578456e+57
348 0.61306 10.796552633151453 10.601324818334708 55.910282135009766 47.4057576 31.066650879999997 22.08740352 10.768630110274009 0.015091261382876732 0.025537815803579562 0.005991431330993 0.08734789787597907 5.691748108960242 11.932469428301943 2.4530394209305406 883702.0 1023067.0 38.1319843118294 2.4784941955303395 13.485854345000568 10.744603520254255 0.5925623704039235 0.061194728609545994 0.011265412751329754 0.0479035499993729 96.4638856479881 106.72783352538438 9.344557508394972 9.963510890307688 8.224997232464094 8.754023312911963 10.471945674401978 7.720002713130118 0.6311617133722636 145.46015889722773 11.721724510192871 1.755557879827126 7.389631608649501 0.0442747063186391 0.038517156616042575 3.822742344194743e+40 1.0917638795593472e+41 0.2864173431020381 0.003919502343421499 2.177830466401967e+40 3.4865950810837765 0.02823453153750951 8.5723909155540345e+40 157.68460946255897 29.406973721794078 13.53857446414048 25.676548914771818 3.911557493929646 207.75387921711462 0.5019429864366327 0.4408990268527472 0.07855018180811722 0.07331136034552155 5.997895647693985e+41 7.957446422273804e+40 0.6535033975715718 10.732917005098615 10.64900529388162 238.23369289512814 180.3187905138801 7.857645485843675e+57 1.3904006171945798e+58 2.7031574481728764e+41 1.3351070628871572e+41 1.3680503847118038e+41 8.003829934161373e+40 4.373086605053346e+40 3.6307433412898963e+40 3.276018584628859e+42 1.4255827281774046e+42 1.8504358566912395e+42 5.62836180308647e+56 2.492099279631167e+57
349 0.61465 10.79991928827493 10.587877986391614 41.04392766952515 28.799299599999998 32.997109120000005 22.002801152 10.777635702161826 0.015178534275393497 0.026110711322772786 0.006295749409945299 0.0929088073513477 6.388896372077205 11.932485328132707 2.45359490318308 1004981.0 1086176.0 40.21012823094616 20.055718480560795 13.81980369339711 10.97914889216389 0.6516269774252944 0.559824011486699 0.011336327673075186 0.04750519425000661 95.76488063186393 109.99542196000625 9.273198385438612 9.970654153508749 8.062762522958927 8.647380137409842 10.45052161731585 7.746263101072141 0.6269421622061335 145.18167875272655 11.720453262329102 13.066429200109612 7.468369295990508 0.37339744229486066 0.03768355487496766 1.5236940630782977e+42 1.0725960871242386e+41 9.018847822316529 0.24975497254172588 1.4375860103589857e+42 3.559422554653264 0.0268480217447011 8.276037944034915e+40 157.70087476076853 66.60759850213732 90.43594681970451 31.85239358654245 35.81408270363173 272.9596197500567 1.1402982185580837 2.3156961656747708 0.08129736819006227 0.11677161738611004 4.399406499368064e+42 3.485899319758495e+41 0.5461683417085427 10.734151817648561 10.647624104019332 237.5166571061054 180.0833611191852 8.639618401302955e+57 1.545413824507095e+58 4.006378465467081e+41 2.2118620235175936e+41 1.7945164411635757e+41 3.496243623128727e+41 1.3461394192567045e+41 2.150104204400544e+41 9.997641149827423e+42 2.942797223409889e+42 7.054843920290322e+42 1.4437288576900675e+57 4.006603144526383e+57
350 0.61624 10.763026473424794 10.487974099778778 32.46110725402832 21.110826 29.56859456 20.01152256 10.82777974126242 0.01539349447791162 0.02671258482506776 0.008557139451709921 0.15460767961979235 9.500405149044427 11.932529410982719 2.453069936435161 1881041.0 939211.0 38.698722947560334 53.285712567091814 13.298127750462566 8.656561274849594 0.6483104298323044 1.5379865775071615 0.011273042299606323 0.041255394513499105 99.22039507211089 98.98945895633528 9.212224673985684 9.839264694667206 7.96889863555174 8.560682168341192 10.363399180473364 7.772522638888676 0.6227443853044268 145.08928457862655 11.129892349243164 44.86726116191013 5.9614208477771395 1.291365404556939 0.03366386147913272 2.2130671317543345e+42 8.614927714052285e+40 14.03252248439177 0.41663377698281134 1.7048807996547074e+42 3.080961675917997 0.025632895277882674 7.027146799230168e+40 157.4632528059342 65.17340060652143 26.443898616514392 29.418607147023472 23.519735419659938 199.8442975679821 1.3406337693759938 0.8245452316500547 0.0699431472700468 0.11989229118871303 1.833368730141732e+42 3.1615560331545433e+41 0.290829458356441 10.738361674090731 10.636242349092527 220.8277140451059 180.0387279672164 9.678874063084602e+57 1.8941025465485626e+58 3.0913621653511898e+41 1.2761865552845513e+41 1.8151756116391705e+41 3.17326947107571e+41 1.9081721903249216e+41 1.2650972803603678e+41 1.6910196578046778e+42 7.708133741280064e+41 9.202062839433169e+41 2.0908273915860083e+57 7.60088695287034e+57
351 0.61783 10.803333542108684 10.556773948042906 65.0778284072876 33.218256 29.715523840000003 22.122678272 10.788627241563402 0.015458219972780584 0.02646241330784843 0.0072482425614532105 0.10231924099104821 6.217970994174175 11.932548921635359 2.4527166972413594 1262188.0 959498.0 26.754994250894697 35.785821817342104 13.142718997927437 10.660124904720934 0.3618902305747311 1.1031698823879872 0.010364937945470998 0.045924797520923565 95.05210200958156 107.15330578900011 9.351461830108699 9.926376088942883 8.389474171696452 8.82853274949153 10.428189965369471 7.79878115131627 0.6185682145574025 144.96466635608212 11.864838600158691 29.450794435456558 7.589578861397312 0.9175976263180767 0.03734654611497484 1.6259328939795168e+42 9.327416235726994e+40 11.612240015057754 0.35932379742883575 1.3685791414155215e+42 3.127243536622497 0.02535028952399717 6.812427605140416e+40 157.31264919603467 22.893992120108265 32.63148754242512 20.34521789519019 3.545899986628625 158.73448011343862 0.4395895439527261 1.1440510747559667 0.06799416424600173 0.07362651677529866 1.7216851817696145e+42 6.26289799690922e+40 0.5548368198794151 10.731513584573465 10.63961943461626 234.19022544256015 180.17734709154806 9.449015562633354e+57 1.5907166755199063e+58 2.2557015779328335e+41 1.1577978518091269e+41 1.097903725569177e+41 6.293483261946394e+40 3.1569770377273484e+40 3.1365062277194375e+40 3.0013396844723005e+42 9.381957742696587e+41 2.0631439085558376e+42 1.5918792493868748e+57 4.440144241816089e+57
352 0.61943 10.809921327982412 10.53525302710474 14.759527206420898 38.8151936 29.3537344 22.619446528000005 10.797357831449085 0.01563315494342945 0.027030830422109003 0.007616888232081276 0.10614737227969799 5.803533265760119 11.932561928250182 2.4530677568273656 1333920.0 1028808.0 24.52978084190857 38.15004295569837 14.068009072876622 10.047154950069533 0.34250231395953523 1.0857095160591075 0.013455377331486421 0.045268509463772484 95.07026642265883 108.45669416305402 9.093768724278789 9.942373647517028 7.626919512640798 8.367353356257901 10.392906293645009 7.8252036002102034 0.6143874206932178 144.72098593113424 11.931817054748535 29.8866545174498 6.978735830055215 0.8629516156535094 0.03649416918097602 1.2730619484020703e+42 9.683844384304636e+40 9.312657401470226 0.26801345335700427 9.215195128139096e+41 3.0271054791644576 0.025229952287901227 7.404114029832129e+40 157.25525176955205 22.045012711776792 42.85515203838989 18.29432853464332 3.7691221262505445 144.98114330816537 0.45071915940755874 1.2860742496530297 0.06293586265776942 0.07138314966270708 1.6273659124235194e+42 5.4712256980160845e+40 0.5395169370858017 10.737120784637188 10.627558783065927 233.7447665842958 180.0441618569776 9.675943654695724e+57 1.6260900946351346e+58 2.1269606250859558e+41 1.0810192130309898e+41 1.0459414110919764e+41 5.649660371839828e+40 2.484969871979679e+40 3.164690500932248e+40 3.324548446582446e+42 1.1366639071650359e+42 2.187884536877466e+42 1.5134580896980168e+57 4.43853775527948e+57
353 0.62102 10.803159752789293 10.516229886146855 12.632571518421173 12.410810249999999 24.35084124 21.857498128 10.808876314907167 0.015672304036948626 0.027241550625643072 0.008171071211972199 0.12065073574863007 5.92418945498062 11.932608893338656 2.4531374988517185 1448989.0 1047264.0 25.43166223864133 40.98805579599185 15.521103737674336 8.835335519842038 0.38748782536436116 1.1725110948581787 0.01934805275623839 0.04134210179103235 98.70996622190907 107.23918420535729 8.987437141859768 9.909845440764139 7.474366559701879 8.252622907979347 10.378818835337796 7.851459530691677 0.6102540980966795 144.5318122394178 11.833745002746582 33.16738975626058 6.034544595351426 0.9370575440643116 0.033066332810183625 1.356318344610972e+42 8.848645755621415e+40 10.364211564965132 0.29737367711799684 9.925943651810806e+41 2.8499442240342887 0.022610018567754166 6.8211913566054215e+40 157.2052032019861 23.860902400036064 41.61604467030602 17.600523599180345 5.518641376077263 130.06362337710453 0.47799638105780334 1.3134507598165763 0.06035783486189968 0.07459381587752031 1.6452529860613982e+42 6.805913975699436e+40 0.6201183979280362 10.744439748428611 10.620206272057352 231.49357059753646 179.93771070795538 9.732934730485441e+57 1.6494066045083408e+58 2.031750812570037e+41 9.231465938752754e+40 1.1086042186651088e+41 6.870735671065957e+40 3.0347161234216244e+40 3.8360195451681107e+40 2.175254288851784e+42 7.029339805072494e+41 1.472320310607668e+42 1.4629489587336612e+57 4.678960248532474e+57
354 0.62261 10.802333275418645 10.506966576366633 32.305843353271484 14.7439732 21.7899424 21.606397952000002 10.814013537575844 0.015745000947152216 0.027102337474965137 0.00847879691063466 0.1300235066333222 6.133104972218373 11.932663799925123 2.453213766369214 1473211.0 1046581.0 27.307848323531882 33.613757715735375 15.830977524969832 8.09661161920122 0.4333525377600428 0.9974266971829316 0.020809292395165824 0.03818894824088305 100.75334812958 104.90866922871746 9.268847218373471 9.790054572277102 8.035222115814854 8.641377912546888 10.404878352412391 7.8777139146209905 0.60614188657426 144.34359423960322 11.74771785736084 28.126205725530063 5.456276326891652 0.8379089024276535 0.0303340374433309 1.0967237529772929e+42 7.109313986670664e+40 7.463156657307125 0.22747146034579677 7.969716380894672e+41 2.7204139939931378 0.020192229833910516 5.372317617562689e+40 157.11117731423457 33.41697400446161 20.704087593890378 25.473726080439945 5.706350290752939 189.88411276710673 0.7505402260497226 0.8023255057874881 0.0808413148703407 0.08734074503056215 7.81171789030745e+41 9.258883716088185e+40 0.5661761741584358 10.750557327176054 10.612706162384791 230.74307251417892 179.93084080071225 9.640548714806602e+57 1.6164473482452108e+58 3.0779347247029535e+41 1.4129831830180816e+41 1.6649515406045017e+41 9.332345377635882e+40 5.593967663108258e+40 3.738377719348696e+40 6.843334198903972e+41 2.494350768357892e+41 4.348983430305381e+41 1.2135862313685245e+57 4.2903785670657236e+57
355 0.6242 10.814246881676603 10.516597332946755 67.12328290939331 39.2450248 23.4488612 22.348880448000003 10.807076696056173 0.015892849290083496 0.02729886863333382 0.008122955815150197 0.11904368318270547 5.992410551536152 11.932734590278336 2.4533379448086663 1290959.0 1095403.0 29.284266120122243 18.793536412583737 15.525028180752619 8.765156773309185 0.4744699727452109 0.5499015590594604 0.019463756606523698 0.0422036604902256 102.19806953373627 108.4141343840289 9.366108223475457 9.83473113500886 8.360478300807298 8.849821427363132 10.404758942045154 7.903966580548879 0.6020506247997437 144.150776106555 11.810944557189941 16.095578151344125 5.831938538306633 0.472221054216847 0.033219731269105886 4.249165063961768e+41 7.941530541267092e+40 2.988206521992083 0.08936339568172144 2.675362825564517e+41 2.89686245245287 0.020823626953294535 5.917365541004294e+40 157.08996562038135 26.59038817558103 11.797740085920127 22.960446855823246 6.296609445641476 135.50762530468035 0.5909976536599164 0.5273359818491609 0.07982119070112911 0.0892613142251151 3.565735601989839e+41 1.0130508563408433e+41 0.6586788527270026 10.752009794821328 10.607369006703383 232.56197247634117 180.05294327696504 9.354549823587875e+57 1.5391726622936662e+58 2.7911366598197804e+41 1.0748634557817792e+41 1.7162732044395754e+41 1.0188371788241793e+41 5.414793963001472e+40 4.773577824596687e+40 7.477441590072374e+41 2.491180677412333e+41 4.986260929015234e+41 8.29575903968685e+56 3.343700899100951e+57
356 0.6258 10.822089610440772 10.523765792954098 49.158202171325684 44.4823008 25.50430784 23.09430016 10.799803765081494 0.016088394562580058 0.027863159101304012 0.007796387543813967 0.10654700256748383 5.777956033541234 11.932749035871575 2.4532747707413396 1137555.0 1089608.0 31.188374918226422 13.008399140525903 14.675301000455558 8.980567485569614 0.5197138608551152 0.4054054011425658 0.016391032857695387 0.04437027079060448 104.20309465375647 111.16804927975343 9.252881477064703 9.880563425136483 8.125225805908098 8.691967807389615 10.393978076442146 7.930382450873686 0.5979546180888462 143.9792468838946 11.778803825378418 10.514080548808252 5.979959095453733 0.32234185535783694 0.03505982617931949 6.714619578399313e+41 8.360630630715926e+40 3.4221260940825586 0.1166522086128206 5.94680853502983e+41 3.1126313979108153 0.02163620282081096 6.368280235107543e+40 157.00862507472166 48.17141023062282 18.528147912175324 24.482873877590755 28.863911957419784 178.17490494074525 1.0837959435092541 0.7533381036670492 0.06632064357093478 0.13479952755535657 2.105652603763671e+42 3.4542341972471135e+41 0.35479065930288517 10.752395701659507 10.601228853886363 233.54657102603989 180.3359907650682 9.211742762688012e+57 1.527760257332436e+58 2.60272562323086e+41 1.0364953527545077e+41 1.5662302699611271e+41 3.458151484650402e+41 1.8181543941979962e+41 1.639997089830532e+41 3.7394692863637807e+42 1.45331032276814e+42 2.2861589619489102e+42 7.311926763742328e+56 3.2721169546135864e+57
357 0.62739 10.831417120230919 10.548048633651302 22.506685256958008 17.7157248 26.84426048 23.341191167999998 10.783181798631196 0.0161144411180649 0.028138646370100613 0.00732715549347689 0.08189900625380389 6.277562898987063 11.932775758952433 2.4526228879486998 963644.0 1043487.0 28.467454132286 21.34760079749867 14.194640617728588 9.570764499092977 0.4389143527138682 0.7888340119128905 0.01520677326739934 0.04513539806527888 97.87843659624349 114.09722823911437 9.135674282457902 9.915894214182437 7.796606987320267 8.47839938848549 10.417244966258103 7.9566311567885935 0.5939049076332106 143.90907570217334 12.036148071289062 16.908456909603526 6.5668399593012685 0.6219434328051096 0.036021051443469954 2.037079284893817e+42 9.083683461959934e+40 11.920642255056594 0.4546310967054998 1.9603388135854892e+42 3.2852721618168634 0.021764040496940702 6.88050836908768e+40 156.7415196880339 27.887103014463975 21.871137968514812 19.8437881549788 6.3579688014756 131.04952267396942 0.6106252857819732 0.9342331591996083 0.07295107248807431 0.09218990870351165 2.3810223036126383e+42 1.134177778815343e+41 0.13839546746779038 10.745512729501048 10.606007133714177 236.69723484415064 180.6682353459698 9.577161851895419e+57 1.5893556558047087e+58 2.255357363434035e+41 9.336222777094623e+40 1.3217350864891922e+41 1.1431265835652196e+41 5.93353936716043e+40 5.497726472380059e+40 3.464091456813153e+42 1.5896074747583325e+42 1.8744839814535864e+42 1.1546386437177195e+57 3.713528667649689e+57
358 0.62898 10.833163644838264 10.543036460416786 30.18763256072998 18.4929212 27.01108896 23.169601024000002 10.786270897785622 0.016199862814409036 0.02811775781226069 0.007565291464419136 0.076297791955964 6.591243132806653 11.932788036573427 2.452446122365723 979969.0 1055748.0 26.58384759367379 27.518572565899483 13.94117360880453 10.58028104682401 0.4313816582390844 0.9172359048533897 0.013965961687772812 0.050980880275627215 94.83017922600742 120.7740312392941 9.248668029057148 9.883139079419617 7.971857270137852 8.621725779903256 10.42338969946425 7.982877635022072 0.5898756717224714 143.75835130360423 12.07432746887207 22.600377087637884 7.323215109239542 0.7504666452512855 0.041010251579818684 1.844889027382256e+42 1.1202718735584814e+41 13.447814065426055 0.42750392388283415 1.6620411648404584e+42 3.7157799643361904 0.025264763082037286 8.676733036877938e+40 156.66943825187795 33.703358445983696 31.193824019583964 19.0641370349126 17.753087691902753 131.31987610554964 0.689603540375724 1.025768556657073 0.06559967780806071 0.1373722661020978 1.9976136237091143e+42 2.527193883022161e+41 0.2618973754420798 10.747075181855093 10.60414613179359 236.2064831921036 180.54172024043902 1.0142569131179571e+58 1.6664261400143415e+58 2.1413907754010683e+41 8.645167642439079e+40 1.2768740117191517e+41 2.54073902691421e+41 1.2398308196911359e+41 1.3009082084194205e+41 2.1021369565369362e+42 8.427695155440323e+41 1.2593674401497275e+42 1.5872773354787257e+57 3.7314595749941044e+57
359 0.63057 10.83332366839543 10.528260463437224 33.640686988830566 35.1908224 25.767116160000004 23.20532992 10.789690426584636 0.016381595496354567 0.028414863368876983 0.007824448409701751 0.08129368589744282 6.566404611331329 11.933007530746002 2.4520443132466214 1061654.0 1000936.0 26.552304977097716 22.522870622370004 13.70080477896043 10.74519987071401 0.43385318944966333 0.6855178894859136 0.013411823488514382 0.061966295135330064 90.87933065205306 120.72099675422577 9.244327560372492 9.874326925655774 8.064827162291904 8.66362813869512 10.409416818739603 8.009121717949286 0.5858667554752051 143.67972916865992 12.095163345336914 19.88012766220972 7.6976082799474534 0.6001169519717277 0.05181987593217138 9.462473643577817e+41 1.3481303163760293e+41 7.89715764458566 0.2063088885021835 7.522709249459949e+41 4.079371197638477 0.035478675721179465 1.0866304050382207e+41 156.51161339901546 32.25176648972062 21.259763003391836 17.293157711075484 7.393961527855649 129.6401840236391 0.6240673949885027 0.7885299858504429 0.07065231353566612 0.09773293949762084 7.610354238117213e+41 1.1080114872699365e+41 0.6112598499952531 10.746917097319619 10.596906619632916 233.8676650068028 180.61120450002687 9.989822822433756e+57 1.6305349365712064e+58 2.1101362134155097e+41 9.364126819055707e+40 1.1737235307166442e+41 1.116106297188294e+41 4.975823696315768e+40 6.185239286425611e+40 1.0148870393597734e+42 2.973309792797052e+41 7.175560599710821e+41 1.3171239692986592e+57 3.175091059283432e+57
360 0.63217 10.833906025687273 10.523671304373465 33.57295513153076 25.574196399999998 21.47248128 22.811291136 10.79063291174226 0.0164906831084364 0.02878487064764154 0.007919412608388302 0.08623091863921585 6.066109536310925 11.933026298125355 2.4518651263166604 1081583.0 971178.0 29.552355750725365 16.485854387367713 13.56353677635869 10.077483860019425 0.48764406340652394 0.5134748120509299 0.013211632400180097 0.06294388663968431 90.75491828640686 117.85690855988459 9.240368160652151 9.88225993639369 8.061206980551285 8.656814226087953 10.399686101638752 8.035528271455036 0.5818529825837986 143.53049715844946 12.102102279663086 12.947601490025004 7.240675234032035 0.39605610986067225 0.05299653716059925 5.928394873081816e+41 1.2659223779255099e+41 3.922965895054254 0.11443690207092348 4.662449488886311e+41 3.9692026787839216 0.03698401964990211 1.019790303726103e+41 156.44991966118133 26.3650561573015 15.051001120267912 18.925873327624696 8.429313804282788 124.35649751866217 0.6273285773091308 0.6424156771635917 0.07810297213557697 0.12607188613556328 8.970393537950705e+41 1.4220471495586558e+41 0.43572185771996674 10.746726989539841 10.594742864109275 233.11772320685142 180.54894858613375 9.766051749033188e+57 1.5914612215293336e+58 2.0748757440595057e+41 9.312218481809706e+40 1.1436538947802287e+41 1.4259282177624122e+41 7.186858944209322e+40 7.072423223607268e+40 1.7305498153799558e+42 5.530757945608649e+41 1.1774740190404947e+42 1.0086762060647703e+57 3.00257444856629e+57
361 0.63376 10.837687705800327 10.52235613911341 36.79154300689697 25.728457 23.28893856 22.599510304 10.789636096182155 0.016574085003143325 0.029113616629554643 0.007896809767072698 0.08473228773217278 5.6526969864408 11.933047230014832 2.45170991691526 1061660.0 959479.0 31.12561709429032 15.861833613673037 13.422001280587683 9.64322351915277 0.5106265075185314 0.5305230507600058 0.01285215897930814 0.06308949197652508 89.83312299082387 115.48641913217008 9.201015439595714 9.865470023129404 8.01926105054013 8.603303202213084 10.401565747513562 8.061767047040865 0.5778843726331735 143.37940982400897 12.145490646362305 12.129328417680656 6.8730147997681135 0.40716972123611456 0.052977307474984345 7.119280901451936e+41 1.1154867177766516e+41 5.331106730701599 0.1828968843552433 6.0814649150841606e+41 3.5870943433499334 0.035961761723282165 8.667319669638605e+40 156.3970745587446 33.482897737072335 13.235828831422763 17.947627449017286 4.597447305021882 144.30082681311424 0.6768311400093118 0.6174439835260906 0.07657807960896507 0.08583848231548996 6.740275704357733e+41 7.069408583859341e+40 0.44451324389404884 10.746581833198016 10.592263734377939 233.69841951987775 180.51010723400793 9.662906991275949e+57 1.592570487854575e+58 2.1342631652919126e+41 9.93188500843768e+40 1.1410746644167723e+41 7.094841467738741e+40 3.010337515520281e+40 4.0845039553364027e+40 1.2857501037069855e+42 4.7062672502512e+41 8.151233789110826e+41 9.366160955109416e+56 3.189106434958323e+57
362 0.63535 10.8399330442926 10.523272970729057 29.715664386749268 23.095678 24.298671999999996 22.314401280000002 10.788438489247167 0.01666441362265599 0.02924278093551168 0.007912957889658536 0.0850078372295002 5.826453439676856 11.933068160895495 2.451653065791265 1057229.0 960227.0 33.145622383004785 12.998278388370618 13.369111206843503 8.886038129738013 0.542979267221784 0.43628120632717077 0.013014522048327877 0.058126853872868096 94.91486335404566 109.69274300098479 9.197181914924473 9.851480220185152 7.91423483977336 8.567434481771567 10.405144846151027 8.088002929148425 0.5739356260328954 143.21271392146699 12.172183990478516 10.067181266720063 6.226178404883754 0.3437774459681365 0.048367923115507354 3.554551698403844e+41 9.481791764144355e+40 3.1516034111920326 0.1066460920700688 2.50977116207446e+41 3.2177247563552256 0.0320017910085461 7.256604351728653e+40 156.35498434882624 32.21146123748746 8.66453839372209 22.281916191165454 4.799239015505978 161.27079991803785 0.7142538099086488 0.46053378091027847 0.08640722905733247 0.10263406800609964 3.2593584032686528e+41 8.409439698203445e+40 0.44661276833008084 10.745182591783792 10.593153152199251 234.08028649949233 180.33048998439068 9.421973616273257e+57 1.566067712390578e+58 2.2844267790293152e+41 1.0927431187743408e+41 1.1916836603588424e+41 8.439040909746428e+40 4.252757162145464e+40 4.186283744831223e+40 9.652117328272971e+41 4.7847618874858915e+41 4.867355409785597e+41 7.768114754856581e+56 3.147403604830749e+57
363 0.63694 10.848428358012615 10.542084247756275 32.533265590667725 22.023198800000003 21.645801919999997 22.294286336 10.778318076362584 0.016718310296755374 0.029377674065761184 0.007388153835833134 0.07151952985333661 6.055873596706961 11.933088369064508 2.4516924250543566 919303.0 1011882.0 34.043652387392974 10.57064075764275 13.435506285323118 8.735658107405778 0.5215584669672159 0.3545956828970966 0.01319102014507796 0.0578547081484358 105.06577458220748 108.05174441337613 9.25089496410871 9.855708034263817 7.921858120508941 8.620191316211713 10.429942379941716 8.114235753983559 0.570006594027695 143.03069687865357 12.457226753234863 8.26147059885104 5.903988483286443 0.27614933223954047 0.04759824998857839 3.413008074601085e+41 9.046500032986378e+40 2.5117106217195637 0.07756823865422005 2.55835585459337e+41 2.953267310379599 0.030787542340414156 6.955046155715756e+40 156.345896616604 36.12731532404743 11.085959472017768 19.95637677422263 8.089338981335317 123.82959761349964 0.744901541015953 0.5378623598778799 0.07954065927166809 0.13577241390687772 4.436350374710011e+41 1.5351936789435254e+41 0.46712374029406906 10.743924989727615 10.595612417214804 237.17577636666212 180.23900561552563 9.297456427707489e+57 1.5132960704902247e+58 2.02571890048915e+41 9.15632768649037e+40 1.1100861314269016e+41 1.5391580646249094e+41 7.584865545900366e+40 7.80671511518359e+40 8.032703117564898e+41 2.8913531137327225e+41 5.1413499991035584e+41 7.819432132107174e+56 2.853515108742576e+57
364 0.63854 10.854180346589251 10.545754591156715 32.01212978363037 24.679036000000004 21.2119358 22.354277072 10.775039368306482 0.01680263975283133 0.029575053904135035 0.007222768590719468 0.06659904057908184 6.336486239690971 11.933115792932815 2.4514759049517294 893818.0 1029290.0 34.70423529174754 9.158251110694547 13.463506984020668 8.745159746258668 0.5063679163027511 0.3147690127446741 0.01354992941105735 0.06564159557065213 109.04187658653908 103.35073032392376 9.29860627640044 9.90167690580577 7.958121928619214 8.670923821515041 10.423107494389896 8.140630314243335 0.5660726031258809 142.89151289043804 12.617918014526367 7.493918096691622 5.894897866910036 0.2586791834104879 0.05490072530769716 2.4130915912066455e+41 1.1237146895576905e+41 2.0066444650473603 0.06493273212685452 1.6882296826719969e+41 2.9778230280707048 0.03789902940915196 9.209957522153934e+40 156.28066646483254 38.17029488146876 9.226805372350976 17.671309516362086 7.495059881051017 125.05108455263846 0.7073048174618968 0.4832413718089877 0.0734362621844252 0.15099569477176858 3.173350692277415e+41 2.3028840678314503e+41 0.5610521361711028 10.741209876452738 10.597699502644852 238.87489858131468 180.20537534296008 9.144926526316252e+57 1.4805726432998443e+58 2.002560118416386e+41 9.427486930928734e+40 1.0598114245433013e+41 2.305949725408136e+41 8.250042261775025e+40 1.4809454997836708e+41 8.79139479942896e+41 3.846251252144211e+41 4.945143545153272e+41 7.671674080628621e+56 2.7700791209847386e+57
365 0.64013 10.858777084372303 10.548218400946693 64.16149240732193 31.483936099999998 22.55387132 22.542679808000003 10.770892610949154 0.01693349575184256 0.029744396403176165 0.00705415584502525 0.06291473546461149 5.903089389012089 11.933117957901299 2.4514255868453385 875693.0 1037526.0 34.931430287129785 7.415603258894129 13.582351849904127 8.839499322576259 0.5088309600712981 0.25717966061332387 0.014041007151895105 0.09216020812211334 111.84136531982045 96.6858959010711 9.434329504761136 9.898494484074918 8.314253358869378 8.908015662965653 10.425112541009899 8.166856515197315 0.5621826816427913 142.7225640691888 12.696020126342773 6.2404887827068345 6.183023253541577 0.21658370168847493 0.08077654565236006 2.7040193757739274e+41 1.8996091709358297e+41 2.2657382894384006 0.0709753942042563 2.1644934097616172e+41 3.734955580664865 0.06469015154941496 1.7316996651540075e+41 156.21821930870755 35.51519603532301 8.231573530441642 18.93508681001089 11.653808859152178 137.6428321842997 0.688424702175995 0.4467982138831594 0.07809610488809864 0.21899706699065002 3.0452636603619677e+41 3.3668063203133728e+41 0.552326276761153 10.737322201389135 10.599067500337215 240.3269829285783 180.12595007908345 9.105401299616614e+57 1.4465810157324186e+58 1.9925736347099274e+41 8.570250819492348e+40 1.1355485520370493e+41 3.372545416623769e+41 1.2485169397329471e+41 2.1240284746668052e+41 4.063618136228245e+41 1.6676008603242358e+41 2.396017269558495e+41 8.821147970197699e+56 2.8566726605017407e+57
366 0.64172 10.863984534153214 10.55069813401158 56.24731636047363 34.728295599999996 26.126269280000002 22.921139328000002 10.764901107357563 0.017112513435033117 0.03009797134291989 0.006796058145794136 0.05918765335315442 5.55788551454018 11.933124452741996 2.451408083528635 829295.0 1033557.0 34.24754621449855 4.906406958291366 13.564378202250118 10.302138154923282 0.5053304844458111 0.1509403327467852 0.013797917562822438 0.13386546779969327 104.83053043908563 96.90710909378248 9.29980125904844 9.88983784425531 8.27337777068643 8.804374746637777 10.427085720339786 8.193079172227636 0.5583120364021692 142.54957984371458 12.794856071472168 4.179402823899113 7.5107488604163075 0.12854243441895036 0.12028708743945699 1.430480919486966e+41 2.64568011225942e+41 1.3245494965963367 0.033950968246707465 9.274980522711451e+40 4.992514945456929 0.1027190679129182 2.475335657023543e+41 156.10775816690506 34.546994209578415 6.767712007937377 19.086669183036253 11.42774831467779 166.67104286901775 0.6559960872718777 0.35821397912003383 0.0801427199528861 0.22509900328695223 2.1352235622220837e+41 3.1707125184579278e+41 0.5230641363069677 10.733132955454044 10.598172037356177 240.88714093931816 180.0961722964871 8.921674690903493e+57 1.4059448183386847e+58 2.0950153702179286e+41 9.07026725197791e+40 1.1879886438714011e+41 3.176185209717357e+41 1.2096044746210546e+41 1.9665807317672393e+41 1.3872301377184192e+42 3.9556810260147135e+41 9.916620383858294e+41 8.621479644411175e+56 2.7018487463072382e+57
367 0.64331 10.865905403105641 10.548042651649935 19.531930446624756 25.258592399999998 27.3597904 22.96485296 10.763929717151685 0.017231429498011482 0.030553313705895317 0.006768974307163435 0.061743877825143234 6.00839301572547 11.934644457605806 2.4517055440160815 853357.0 1019607.0 31.487047960465766 11.710910103997714 13.65157972902926 10.967611303773523 0.46342426162129313 0.3284897895631444 0.013740992930958738 0.145265990915378 92.97818796891528 96.76305571463139 9.12753143668964 9.90973608506118 7.7083165464369605 8.478567049643592 10.416609989441113 8.219298125373134 0.5544605244749807 142.5738410523078 12.792078018188477 7.24439717937095 8.20789336584669 0.19962957501798187 0.13055638762738409 3.3453689698531133e+41 2.629177473270566e+41 2.04981183713987 0.058103483437501886 2.2347218200411574e+41 5.726179140711582 0.11149983167560297 2.4611677142096234e+41 156.0404012009017 30.236802339910792 10.237216852528826 20.715523504068333 10.179564757917078 148.8410312610597 0.618158765165414 0.44616158577950604 0.09023476189737238 0.24836230540063012 6.1737218472155215e+41 3.276310165243972e+41 0.29264430089602 10.728881886187434 10.600141890216946 240.6011594885875 180.07403460534786 8.87377869082757e+57 1.416930236819999e+58 2.2365681776657178e+41 1.0663357394206832e+41 1.1702324386691575e+41 3.2855985403786704e+41 1.2148717555234098e+41 2.0707267857985763e+41 1.8129351779566783e+42 8.180375400366875e+41 9.948976379103255e+41 9.787411754382495e+56 3.0744751937051934e+57
368 0.6449 10.869038031350916 10.546183400763162 21.097376465797424 20.1639134 25.80441784 22.67318512 10.764617787802822 0.017296116124845516 0.030678929548398758 0.006816509557243123 0.0625768932095232 6.553184852158569 11.934665311651097 2.452072714142372 899229.0 1041464.0 28.444486727739914 15.793407025303077 13.73207124815094 11.938404194892318 0.4111967250674946 0.46141434488050687 0.013593901537176142 0.16931052670614222 89.83791160077504 97.44087486446693 9.183674990087779 9.879556127672236 7.832948541013913 8.565097555110519 10.423489953173014 8.245513215629249 0.5506280043417584 142.3412104489904 12.903450012207031 12.144832617707044 9.11622574215368 0.34099455632866865 0.15260128190821584 5.040696596500298e+41 2.81478373899475e+41 3.8880587266105704 0.10022300249269941 3.5584304583510015e+41 6.772323865355838 0.13245998808833592 2.65390687957861e+41 155.955790459489 28.428958119550632 14.18850614840154 21.315156259125057 10.578981990984811 144.86611214919978 0.574636463490869 0.5637525048263368 0.09824313145095116 0.26966075264381206 5.8336818364321814e+41 3.512914471373885e+41 0.44236507430690347 10.726852840578081 10.602218271750022 241.0811618123237 180.0085628443979 8.929679912846815e+57 1.3998700048239795e+58 2.174195615621864e+41 1.0275990346348663e+41 1.1465965800014518e+41 3.521479362706331e+41 1.3175889511732808e+41 2.203890406170397e+41 1.8499275152751793e+42 7.903581882924044e+41 1.0595693308968535e+42 1.171162342338524e+57 3.165905915150865e+57
369 0.6465 10.871914779205602 10.534478851218013 48.79845333099365 31.566079199999997 24.84582464 22.504470528 10.769262932380778 0.017427858647412496 0.030727378792677583 0.007086524584686484 0.06849949135774133 6.425817563332561 11.93471348785784 2.452175378810978 996685.0 1086745.0 26.274163612768465 17.448419234395 13.795767457632172 13.288100780061226 0.3773619112691417 0.5608141381590945 0.01317388238628794 0.20289570362109002 88.37643648147119 100.52520038421127 9.304140200396937 9.82718443108131 8.167120800098798 8.77430781170367 10.425476899234136 8.271889121383573 0.5467904098994587 142.15604568380706 13.00832748413086 13.518886172071467 10.243919048203628 0.4271095838246499 0.18349929043150812 4.6776154303016475e+41 3.184312519172405e+41 3.4431334137505343 0.08964282848814621 3.0287190601100562e+41 7.905219538491857 0.16248373802089564 3.022748838685557e+41 155.90075699817967 25.096149793998457 23.988453492420987 18.032197527374503 14.83869356650836 111.33486808614306 0.5043565670486422 0.8581535480471919 0.09308332524255328 0.2787901300069704 6.971302876945307e+41 3.36722648767371e+41 0.6339630887148284 10.726084184423241 10.599872662012295 240.03150952598043 179.95402810152567 8.916513431143309e+57 1.3873060744664555e+58 2.0339991979700833e+41 8.512421426585464e+40 1.1827570553899743e+41 3.3778331428240796e+41 1.3899635773540421e+41 1.9878695645110433e+41 1.2314340181510316e+42 4.4575071628368075e+41 7.856833020692457e+41 1.2603984587177287e+57 3.221255714766658e+57
370 0.64809 10.865670375809303 10.520750306471957 27.74623703956604 29.6394276 23.227886400000003 22.328557056 10.773331938364858 0.01762104839671844 0.031151709384888704 0.007335749369445765 0.08108741550008508 5.639414344885656 11.934719958881463 2.4520399437131917 1098784.0 1047357.0 26.92085092580899 13.945511420358478 13.582292812033117 12.876802275389782 0.40374317055165887 0.4514720119390629 0.01237779645666384 0.2083042472296166 87.82775922798355 101.39237978361487 9.184723675276214 9.863000076293476 7.917933784697492 8.608513205655166 10.397473618739173 8.298095985901039 0.5429955716027093 142.0047566068604 12.896281242370605 11.11064402602139 9.961374400680619 0.3620240297998211 0.18807399918976356 2.8627205996352622e+41 2.878684543538877e+41 2.204742557806614 0.05738613608638074 1.5718362443556603e+41 7.763215828222398 0.16685091547272016 2.721504468027222e+41 155.73512219803104 25.752573289285806 10.0360475987067 17.3980164365591 10.241149458670264 110.84321776509482 0.5443555953107138 0.48125014546006417 0.09563922883133374 0.24765832018175837 2.7108837544909125e+41 2.4153378588628674e+41 0.6158658204895738 10.726550521379274 10.593617412469401 236.892926860356 179.9078827835709 8.682433022429652e+57 1.3768566899991298e+58 2.0395968633539334e+41 9.36774183586602e+40 1.1028226801968093e+41 2.4211276011072134e+41 9.271636044828995e+40 1.4939639964532615e+41 1.410362420881811e+42 6.1957153627723766e+41 7.907908847772622e+41 1.1323608851246717e+57 3.3203311424490406e+57
371 0.64968 10.867188226198113 10.527968232756301 17.71446204185486 15.933282199999999 21.089840640000002 22.205096320000003 10.768768771347624 0.01768965647723796 0.03138929346063188 0.007100780272563299 0.07535301153515966 5.615996819410178 11.934737933441196 2.4519787656286236 1076032.0 1043760.0 27.541225827059996 12.685168223390942 13.482035800883844 12.049669482713723 0.4206625388661836 0.4000323196574357 0.01208908713428002 0.1917533033454285 89.42134611360379 99.67310101335973 9.116211792445752 9.852590838768307 7.710924449011145 8.495879466899341 10.410762127829592 8.324298515274528 0.5392193079669991 141.8438072021567 12.913986206054688 10.146770760163493 9.205534669754693 0.3137259515083033 0.1716678275721411 3.609390708204662e+41 2.351706142570834e+41 2.6811732664137886 0.06946587204764348 2.357826391187433e+41 7.079552999632451 0.1489265665006767 2.2002199065098303e+41 155.65049495411694 25.426157277877536 14.245158675084948 17.42494791101729 10.016872323556886 107.97069663123554 0.5251735735167086 0.5988289149665768 0.099081478842969 0.24162017485533815 5.717576552433643e+41 2.0271616295235005e+41 0.41596449668655733 10.724724194028749 10.595377113033512 237.49318598857312 179.87652574496735 8.645272411141663e+57 1.3588391723784227e+58 2.0025358792833875e+41 8.789824037498817e+40 1.123553475199618e+41 2.037030867216374e+41 7.789155440235687e+40 1.2581153220729152e+41 9.96515661274459e+41 3.582766910863485e+41 6.382389703679269e+41 1.1988050894156278e+57 3.382805099207515e+57
372 0.65127 10.868563992507443 10.533556587966778 27.096298933029175 18.05319425 20.66152988 21.960942656 10.764633847565987 0.01777090832333457 0.03137882165066099 0.006940277094249933 0.0743900382283195 5.957725562604528 11.934756626194192 2.45191102269524 1052516.0 1039209.0 28.770302785790552 11.893625344559581 13.31110063967502 11.247452867423904 0.4467988177017882 0.3817451424855095 0.01161427620914245 0.17845825731644158 92.02415800079204 97.2948442502254 9.234906415155814 9.833221484309592 7.901203759502007 8.651263608366369 10.424799357658232 8.350496554329926 0.5354614829487001 141.68465253902218 12.82431411743164 9.755949195898076 8.487103677191836 0.3046391305171454 0.1584910271738526 2.8980725462642037e+41 1.9212188848522423e+41 2.6956497466354277 0.06789051133822897 1.7431090179345695e+41 6.39576711240067 0.1335881135129673 1.772495094338957e+41 155.551793852054 36.39959786373989 10.947330485345706 19.464115753352335 7.668612506451181 139.63299121237463 0.7693174820324913 0.480291781100174 0.11007286167159797 0.19749033164838364 3.239884520391353e+41 1.4371135064724632e+41 0.5641898501389052 10.723909062102242 10.59515498474233 237.57239614559984 179.8793350531018 8.410669038498112e+57 1.330252163240929e+58 2.304927816598253e+41 1.1631088259925419e+41 1.1418189912240716e+41 1.4491936277081119e+41 5.530648612244852e+40 8.961287689258713e+40 4.825358586911513e+41 1.7040331933835454e+41 3.121325405869725e+41 1.0748141591215647e+57 3.3269698214314365e+57
373 0.65287 10.877878095942517 10.541486520663252 40.407158851623535 33.1805544 21.26067232 22.19767296 10.757273667582387 0.017881024516412235 0.03145929341568679 0.006549841362639351 0.06350770989333271 6.047751788188316 11.934770285774134 2.4520639756030347 977910.0 1051406.0 27.79591895027933 8.319975709333741 13.488986636470312 10.038548831632893 0.4197922130228582 0.27040891358006286 0.012260293562659398 0.16049927999537367 96.57342838649693 92.51187543247708 9.309752903842021 9.831089516346632 8.154995283316653 8.778087155369827 10.434957318600407 8.376854672156513 0.5316985004671682 141.4882395862043 12.845908164978027 7.066002468529912 7.508840467320568 0.22589544485286484 0.14150658033634536 1.886195636666038e+41 1.5335912954513758e+41 1.534019763611238 0.041265910253205175 1.113132664763523e+41 5.630045984410941 0.11536647581144847 1.3997216169775498e+41 155.5015108400969 38.69057735567029 7.455585719730235 31.85375167873162 11.66892010310389 237.82059964618665 0.8226671335581851 0.3602315362331855 0.13448011273322766 0.21198527086333285 2.185103539027596e+41 1.7691743969188943e+41 0.5782624197765629 10.720944087317788 10.595292337168022 239.58744215292703 179.86007050279943 8.272804639983873e+57 1.2711768497001274e+58 3.092014839103534e+41 1.6428572933562114e+41 1.4491575457325092e+41 1.778878548375765e+41 7.429244773942434e+40 1.035954071432457e+41 2.9362062899847942e+41 1.0179523515740497e+41 1.9182539353453715e+41 9.911750901113855e+56 2.9599457858494777e+57
374 0.65446 10.889854248105173 10.548224572451938 50.573546409606934 44.5197 24.88598464 22.771433983999998 10.750044023088082 0.018018469639052 0.031909350194569384 0.005999793197679271 0.05356383350722935 6.030143492201431 11.934788258251103 2.4523806353688857 886134.0 1131742.0 27.44017315810139 4.682571052708989 14.418376889266947 9.175677677263522 0.40661565673715705 0.1450570211546256 0.014623603997850402 0.14157590763385114 102.04302824371732 91.43401289320364 9.368874470253864 9.848458198123549 8.18395249055726 8.846103693461318 10.434982751908088 8.403043238216181 0.527977263698316 141.26767639240174 12.950512886047363 4.035505092475786 6.74811087411604 0.12438620627500899 0.12365768051940981 1.1505879326845682e+41 1.226129448899917e+41 0.9634822702059836 0.024014474610331942 7.442849911029155e+40 4.9272041324680345 0.09620749414926773 1.0969378558326656e+41 155.53808881620955 31.44239079189322 4.841354748669756 25.213081664946145 7.314378282846586 192.04247824239494 0.6253550812667197 0.285045601392205 0.12115371422273027 0.17858679470316005 1.5226379313612785e+41 1.1281077597240573e+41 0.5315553745928339 10.718490724863974 10.594146554886786 241.81265818256628 179.95560647389175 8.155730439659406e+57 1.2192113835457685e+58 2.5572157632415036e+41 1.314296037229642e+41 1.242919725947506e+41 1.1343466604411629e+41 4.705732528510273e+40 6.637734073561403e+40 9.715097139306048e+41 5.402071820291621e+41 4.313025318549306e+41 9.34290658947782e+56 2.6056780456364323e+57
375 0.65605 10.891274356678231 10.550964991370611 34.47546434402466 28.8154532 27.89411456 22.922186240000002 10.747419900636196 0.01815688758213307 0.032418356190473695 0.005746302795764661 0.049617695510426184 6.178914203064602 11.934798322513343 2.4527428729627854 853502.0 1157927.0 25.7148503389225 5.911083069735528 15.52936891814064 8.375409305537117 0.368405793567633 0.16636923313473853 0.01755300360765339 0.12804780937464058 108.98915719463747 88.79735741880792 9.21985017240652 9.880945012762245 8.007141057114719 8.67338007777744 10.427133873305358 8.429226853210272 0.5242740644767929 141.03918810052778 12.74926471710205 4.086762738884387 6.147101366209671 0.10877850396413284 0.1111485593888803 2.458873089846085e+41 1.025857332482842e+41 1.7901783298786593 0.03654888381831469 2.0998316380021382e+41 4.428878108214462 0.08198881645759849 9.025158371641311e+40 155.54377298993268 27.81691357102222 7.020779507464105 23.230578639865602 6.805166723128053 163.45193832371845 0.5204627002274755 0.3267377761392147 0.11165856492240016 0.17714453297917176 5.8880192951255926e+41 1.0038539008129683e+41 0.12629399585921325 10.716551010645151 10.59544892169811 241.19906268052554 180.08607058301035 8.367235330688609e+57 1.210599072094864e+58 2.249751946347926e+41 1.0025462663742021e+41 1.2472056798020802e+41 1.0125797796798028e+41 4.724740414328506e+40 5.401057387471451e+40 1.1940557887219545e+42 6.826583215562246e+41 5.1139746363524806e+41 1.2105909012490809e+57 2.610090358033046e+57
376 0.65764 10.890812981727427 10.551953317597098 36.14451599121094 20.877641 28.1853024 22.775597568000002 10.747298778039035 0.01824344436256031 0.032644062983847914 0.005691356536454965 0.05016834388633258 6.233830781741743 11.934866609561201 2.45295004175922 867049.0 1161508.0 24.34660568512981 8.747153365793308 16.15082000666369 7.859944640516983 0.345740724934131 0.24396371302591535 0.019271055772317382 0.11788576284530128 109.36491151233567 88.52292013197754 9.234392763862592 9.877988343730502 8.061290772309029 8.713639578809486 10.42905314316606 8.455405365788845 0.5205887719725077 140.84606497555257 12.743352890014648 7.131207519925453 5.738714599983412 0.18597957198413748 0.10168928666040868 7.529710320608785e+41 9.02784079103184e+40 4.325135994146404 0.09103119819438014 7.005303398817578e+41 4.0243736562970325 0.07076458294057103 7.795439449172206e+40 155.50806429557065 24.91830444076647 8.01616140744758 19.716027045950174 5.2726389659525115 138.04346029450508 0.5079403151336517 0.36396832091209086 0.10469935956950821 0.15528882255266171 5.367086028149961e+41 7.291444700129667e+40 0.18718740023411728 10.715576541655384 10.59745177699875 240.91093610179388 180.28174286050358 8.632605650700767e+57 1.2278654630880433e+58 2.064373801038667e+41 9.367534447338788e+40 1.1276203562263957e+41 7.453981753923192e+40 3.2582673735859597e+40 4.1957143767310613e+40 9.658438488492593e+41 3.3142837913652128e+41 6.344154702772584e+41 1.5568272173309906e+57 2.8476135838113988e+57
377 0.65924 10.892509434309183 10.548523613091504 51.13879871368408 25.9437316 26.68377216 22.764453888 10.74841716285604 0.01836137167650858 0.032788918127983506 0.0057377724250293255 0.051759941144477795 6.15853242329663 11.93486948456977 2.4531069880941376 884744.0 1160750.0 22.915494819589455 9.67347335236955 16.707041379196863 7.31856260511252 0.3172016798333542 0.27533139199890383 0.020616426932060596 0.10637231949224728 110.47810487103213 89.34831667058165 9.254470346666677 9.88133639843684 8.28693853395674 8.789619063749925 10.426020116345219 8.481743220312811 0.5168982464656269 140.6500909329532 12.753425598144531 5.963824162916914 5.276408880744865 0.15543243972823034 0.0908685245434359 2.6200259856548994e+41 7.800140628826823e+40 2.711613113082506 0.04130642972334573 2.029830909427036e+41 3.5791305717089386 0.05847198070713617 6.592237616600733e+40 155.45128012766762 23.868456333878115 5.915408412091027 20.622016425428054 5.69550667183552 146.47236295776992 0.4827399684795216 0.32228761314681886 0.11047712581662779 0.16123878363910027 2.2797280790228122e+41 6.832607009283643e+40 0.27614826752618854 10.715034158620536 10.596667410786168 240.71303234118412 180.19711504882932 8.692625326493049e+57 1.2248128001172109e+58 2.148733750178467e+41 9.736355674649302e+40 1.1750981826034042e+41 6.940138948240107e+40 2.974113847939326e+40 3.9660250979905307e+40 1.5772143301877357e+42 3.997565569226378e+41 1.1774577731119424e+42 1.4116595152021047e+57 2.7229553624297504e+57
378 0.66083 10.890991072037068 10.533777116399364 44.37201976776123 31.921288000000004 24.48138816 22.590770176 10.75516852655504 0.01853481679110307 0.03315573696208982 0.006098653842728036 0.061198709463782315 5.802994550773978 11.934950695699476 2.453211587483145 968815.0 1159186.0 23.104688065381946 14.001011060148295 16.805908668360058 6.759275238294633 0.3159433731264265 0.43259275655672946 0.02077155418333699 0.09288140134971616 108.29125754236105 90.71135528832889 9.266901215336471 9.843003116796089 8.06068926012048 8.738211570811528 10.418392185808704 8.50791104337505 0.5132484905346306 140.47699975525273 12.696852684020996 8.409568822135933 4.77799682129881 0.24987443026027323 0.07819571643027927 2.6545565382175084e+41 6.548887604408888e+40 2.190344065945365 0.04226219006189196 1.5612576859731182e+41 3.0762949093117493 0.04543261361668306 5.359793149969321e+40 155.4044724646123 24.549488592823355 6.168885823415457 18.08611260794052 5.52708681529956 128.82767275623675 0.46883520677293056 0.3324171020105776 0.10184997058788336 0.1418518103195466 2.1523299185600176e+41 6.041370359209936e+40 0.4073078989790435 10.714360189847481 10.594217422333926 239.01511217502198 180.0067487198052 8.697330739736407e+57 1.2628781453653605e+58 1.958639634105257e+41 8.86549999765166e+40 1.0720896340154725e+41 6.227774426422152e+40 2.9019658687044234e+40 3.32580855889703e+40 1.0184102097798363e+42 3.06311833496615e+41 7.120983760077056e+41 1.350145810785161e+57 3.116329363893152e+57
379 0.66242 10.897333616490958 10.525831360560716 46.13787269592285 32.776813600000004 25.30043456 22.732965376000003 10.757473380988232 0.018662192957791163 0.033587710977074234 0.0062261604702133055 0.06804901437416686 5.779650612524833 11.935019677296589 2.453209408586144 1013720.0 1153005.0 23.491343984542564 13.884224813506705 16.577451920530475 6.244711459016082 0.3209018625678683 0.43462291592404617 0.020124545957323586 0.08161682234958527 106.19349191622918 90.25590124330111 9.238996930589261 9.827019463111432 8.123771965111711 8.745648562197696 10.412105090315945 8.534073314757123 0.5096162555478396 140.31980115351936 12.789666175842285 9.773148205939457 4.308795340242768 0.2984611537401165 0.06763491230396206 2.153301199703655e+41 5.498853279213677e+40 1.5154235068999637 0.02341963518770568 8.930674740376856e+40 2.608266065058306 0.03477832525492643 4.337012205711624e+40 155.33047933282245 24.617710877704486 7.374613966446234 19.72340223003693 15.269878670741324 121.06589239373781 0.4521031522622972 0.34715116936501583 0.10412575385090721 0.1843739705837782 1.794971449286509e+41 1.3899600464594574e+41 0.5322140484100617 10.713055274141908 10.592428973390227 239.81209052645661 179.97572307328238 8.588173004719057e+57 1.2527005136684859e+58 2.185899641901627e+41 1.0316029967136686e+41 1.1542966459367385e+41 1.4023135227883236e+41 7.592272667527861e+40 6.430862561043343e+40 7.24839466278733e+41 2.917233402840292e+41 4.331161256550744e+41 1.2617821542309978e+57 3.1080011144886374e+57
380 0.66401 10.896571112664768 10.53267122327745 25.113433122634888 20.2360072 25.06611384 22.559044319999998 10.751465041268757 0.01879029212392806 0.0338860066995433 0.005947282426493072 0.061970727642196084 5.749918915823258 11.93503692098401 2.452738510452106 979008.0 1138316.0 23.507060393436017 11.528405859492402 15.739470193315288 5.753698563141512 0.32374775730838007 0.36355133603111195 0.018095404254048847 0.06949069425201336 104.43101548805505 90.73885795235768 9.209406613980585 9.838001006289643 7.910834320059628 8.644399475598501 10.417295539395617 8.56022988692338 0.5060014156413308 140.23048617208755 12.850347518920898 8.204795377421458 3.811788286407565 0.24952906336408548 0.056201789504874526 1.922068571238961e+41 4.588945565102625e+40 1.4288016809080453 0.028408670896671425 1.0225608349075201e+41 2.1055523125137516 0.025915068298681235 3.4390530128823896e+40 155.1480217979551 26.06492188194729 10.000691340379507 20.02377190730999 5.291506018398478 155.78370377895996 0.49639349156100293 0.3841434203951175 0.113610938481667 0.128398089216945 2.9903592307592284e+41 4.932897320311629e+40 0.6007831658887747 10.710225777081561 10.59333952093439 239.31280247426426 180.0029580456933 8.530057529330094e+57 1.2225852372671542e+58 2.271574115588795e+41 1.2335800105494039e+41 1.037994105179121e+41 5.075013927379405e+40 2.296664462292506e+40 2.7783494701711416e+40 7.914153003340402e+41 3.464369523716325e+41 4.449783485806153e+41 1.2365197680324137e+57 2.950961530703597e+57
381 0.66561 10.906982907275731 10.53262175368665 41.74456787109375 34.02044 26.45462488 22.89220832 10.749394496363994 0.01886498039785122 0.03408069627383743 0.005827446496982934 0.060846887331630836 5.803462661607762 11.935041950263875 2.4529086159051343 947005.0 1148171.0 23.38204655673129 8.68077853669041 16.327912049856746 5.42762364748078 0.31921549271824673 0.29221715797402187 0.019755367679639185 0.06223789765389678 107.84461888524744 88.28677120891153 9.270238431593736 9.817694719548284 8.01437138717625 8.74211886045712 10.421542909736342 8.586545064458074 0.5023812743197968 140.03522467905768 12.884570121765137 6.908502932357126 3.520247218849301 0.23032782784156322 0.04953383389353058 2.418946765525525e+41 4.0564466558125257e+40 2.3143321337111953 0.06402732404053615 1.7493203909186755e+41 1.8347599963806416 0.020741773457571527 2.934976947443499e+40 155.1252597448621 23.96595872700628 13.273505250325927 22.24906092636012 4.640596564090118 177.3135722446387 0.4435938084012399 0.5153937307518265 0.12469171573450413 0.12057692129627594 4.94187827192403e+41 4.585399811633683e+40 0.496799803064804 10.70989303383796 10.590751241761437 241.2867800157076 179.96649011633946 8.569964567761755e+57 1.2019785357628405e+58 2.3812349332939885e+41 1.2537618397415098e+41 1.1274730925754027e+41 4.65854080322101e+40 2.4855992912604804e+40 2.1729415077058772e+40 1.637498862751676e+42 6.943616699982788e+41 9.431371944759133e+41 1.2898653192455816e+57 2.7703464650340654e+57
382 0.6672 10.912042525275782 10.529265840798717 31.407763957977295 37.970681600000006 27.839924800000006 23.342630655999997 10.748863868611204 0.019002130604741707 0.03450707375614583 0.005772224869971648 0.05703866659229868 6.177455659967659 11.935052008648885 2.4531680074659583 923571.0 1153606.0 24.07154362855628 11.568125011417525 17.14733919157527 5.257869414455771 0.3440896547959381 0.43153081549395167 0.02265496856943105 0.056913703378948896 111.32728549251017 86.42174880784859 9.193824606582716 9.822907713026174 8.008329509202198 8.684175759425734 10.413948193928828 8.612689761244468 0.4988009592326139 139.82812244904014 12.753829956054688 8.829982708831913 3.4125666072663083 0.3147074570943913 0.04475966889430455 4.7553043227681664e+41 3.969334301556228e+40 4.609890285662412 0.14316677879214848 4.0142855239167126e+41 1.6408818253203445 0.016873193852888945 2.7106268292381257e+40 155.1324956979507 22.320920152141444 15.742468500744355 25.736856781877314 3.349435178069637 139.94243802447107 0.41959164770982843 0.732159301968306 0.1262224128114143 0.11809173100251069 1.0594235870502128e+42 3.191142598875029e+40 0.20382541039167723 10.711387957888862 10.585055471128113 241.2265313186475 179.8909725853452 8.740914448902674e+57 1.2225287088473915e+58 2.6027131194839834e+41 1.0527420044379263e+41 1.5499711153428483e+41 3.294356929410722e+40 1.5847898521902075e+40 1.7095670770039648e+40 1.6519161560507402e+42 6.562825262669138e+41 9.95633629956861e+41 1.4661697888419904e+57 2.9302366736500252e+57
383 0.66879 10.912216361443225 10.530003791363146 21.990925788879395 22.9288828 25.39656832 23.304010752000003 10.749914842462069 0.01910481219255313 0.03469512044205627 0.005802352110889757 0.05326236325155616 5.930418895045044 11.935084337594432 2.453290020495536 908764.0 1129644.0 22.422118718050523 16.875474215400004 16.62148501044 5.0051555228273426 0.3138093641159399 0.6429391900420945 0.02115746876698226 0.0521281784150794 112.20578319527367 84.90149382856313 9.16686665429534 9.841352782018017 7.863890237160579 8.635179062808565 10.409253571414405 8.638828320998197 0.49523766802733293 139.6473881980174 12.718670845031738 13.006309192400476 3.220713402803533 0.49758105573984523 0.04048918406301379 9.919614533570306e+41 3.5677801960794705e+40 7.587203417133446 0.2672315947895247 8.985499675761645e+41 1.4324179048839685 0.013531090814272935 2.3071419996703523e+40 155.10395952138575 23.718859433099666 15.703229164478188 41.9696840809294 3.925584900682606 249.04531686951196 0.4551474052918779 0.711275374551922 0.17253299730125463 0.12104296728329042 1.2998537901305545e+42 3.7452347270483994e+40 0.2269074570120107 10.714837759642819 10.58259964073527 240.7609256936495 179.94531652243782 9.06753844725213e+57 1.256052704369651e+58 3.819861247678262e+41 1.3462508354894938e+41 2.4736104118753774e+41 3.9067886426197336e+40 2.0476829161277345e+40 1.8591057231843926e+40 2.522226848364594e+42 1.1697502614023033e+42 1.3524765837493204e+42 1.7409662965380867e+57 3.1553446249052355e+57
384 0.67038 10.913650265174594 10.525561582339645 22.57174062728882 17.020141600000002 24.490121719999998 23.045557984 10.757885949463818 0.019151204038360976 0.03472823525531209 0.006023857941749942 0.05788304579658594 5.80056451099561 11.935513725031868 2.453812545564995 934542.0 1073580.0 21.262585743813094 21.40156578741251 15.175432559768502 4.585429723912839 0.29994560330295833 0.7811457176667003 0.01642743345392036 0.047580936473821264 109.51706562844142 83.88400073326808 9.18128767594468 9.809493933902829 7.770995926971431 8.608403767820032 10.415431990077282 8.664960599984491 0.4916912795727797 139.46672717382322 12.776042938232422 17.55278429396301 2.879506123284192 0.6257560654217444 0.03647730686347578 1.198484636659253e+42 2.859148745713137e+40 9.85108905970435 0.30536587310476465 1.0718180654288342e+42 1.2486335674908249 0.011289846205183878 1.7656977503752304e+40 155.21539525558205 21.460765602011524 24.300395737937166 29.300894717338352 3.3475053478837595 211.86271526637464 0.42404708585434614 0.9646026692609299 0.13944542983671163 0.11444189801769183 1.9875428943167575e+42 3.067853969019919e+40 0.22989710532292157 10.721316003286384 10.581658952785626 241.2838176493674 179.98661120546237 9.564686595651772e+57 1.3021341795786512e+58 2.8168068186981164e+41 1.220769660780549e+41 1.5960371573192676e+41 3.227062032518909e+40 1.5880423317307919e+40 1.6390197054709243e+40 2.2557735087874264e+42 1.0092791245266796e+42 1.2464943845995829e+42 2.024455533383962e+57 3.3016442522100846e+57
385 0.67197 10.908401071700988 10.517501479663103 48.00071907043457 33.750702399999994 23.93279296 22.65374208 10.762978788292651 0.01933185096695793 0.03472193527796088 0.006241164935287804 0.05932682385073575 5.383836023523523 11.937495031254636 2.4542148966630797 938960.0 1050631.0 20.1753250839696 19.72516759334101 15.367453238694585 4.248524537100535 0.2622461720582598 0.7232221832543898 0.016689533333556786 0.04416992577121726 109.83207803996311 83.1436479847904 9.318705415478004 9.77140002509319 8.296289147825952 8.881543343290918 10.417754496312815 8.691086455414828 0.4881616738842509 139.55508623973637 12.59869384765625 17.341153586485273 2.648795567243998 0.6289055724828514 0.03360145336618156 1.1870377022474313e+42 2.6053730718719764e+40 9.276137383114069 0.29196189507695236 1.0639590106481174e+42 1.1486663834664883 0.009441173592694124 1.6210576778232216e+40 155.29943737369527 21.625533781519408 17.187855999603208 26.486397759062285 2.8481765434870345 183.40170282345494 0.4455725316368723 0.7882682618707424 0.130394668446524 0.11054127025585614 9.177765571668206e+41 2.6873106734201817e+40 0.3974907554146857 10.727500496154178 10.573663009284289 239.0886170514257 179.8577181109303 9.808069096547753e+57 1.3201807877158966e+58 2.501111648693967e+41 1.0769897134376232e+41 1.4241219346148954e+41 2.650133551727781e+40 1.2454344490956868e+40 1.4046991004690194e+40 9.134518549135632e+41 3.256740875915594e+41 5.877777678225088e+41 1.9464014869362664e+57 3.140657293462662e+57
386 0.67357 10.904870162326379 10.512102158202584 27.676509857177734 25.6741516 21.741766400000003 22.128197120000003 10.766832118399883 0.01948440102829094 0.03511103426231586 0.00634968002303003 0.06445912526614293 5.74309708162098 11.939325080139204 2.4545560592214155 925570.0 1027572.0 20.770603955138547 11.898578089775562 15.508261171326827 3.95261317996063 0.2779091414285997 0.4387558889662787 0.016987848652015993 0.04026874481587474 110.43536099425775 82.70341282797895 9.249424775469462 9.808863190661375 7.937099684792668 8.718212044933047 10.399050470590035 8.71736999663574 0.48462669061864383 139.62837601556328 12.500359535217285 9.969755600983724 2.41087707883064 0.3594805537645645 0.030245341116606626 5.411803651978549e+41 2.302955196756513e+40 4.265347326383846 0.1308320671069243 4.627164465682974e+41 1.0557966880152643 0.0077727753677023 1.4426307890520566e+40 155.3508234286799 31.17016566519229 15.913654082717345 44.25584806600511 7.13931241458091 293.88068523951245 0.6360905302434846 0.6618807854331541 0.17131057149149068 0.12882210209606126 1.2270613146587697e+42 7.500260704974847e+40 0.392392205084338 10.731573256420019 10.569077734575364 237.70938712908463 179.7691259439401 9.775353689068335e+57 1.3137067722799105e+58 3.6113000455555295e+41 1.3523658731471484e+41 2.2589341724085794e+41 7.593337020200015e+40 5.259698228649899e+40 2.3336387922187567e+40 1.7794233471159163e+42 7.401857779272853e+41 1.0392375702951149e+42 1.5580572357099801e+57 2.764061603767606e+57
387 0.67516 10.917655747815397 10.513459017313233 54.87912321090698 41.067131200000006 25.623770880000002 22.514926080000002 10.76724703311278 0.01962447172386982 0.03537001389982454 0.006066372909990917 0.05674877911443467 5.456420198148918 11.941288405435895 2.454927339257054 855292.0 962418.0 21.177458704793995 13.183432023567766 14.343139398257428 3.700174118330533 0.2822739557021793 0.5529714417379338 0.014057796367093547 0.03771035912747202 98.35512302800036 81.01391220588604 9.315446613884637 9.792141329236031 8.282304742219015 8.86233144275939 10.402888217182008 8.743482537746159 0.4811303987203033 139.719725983207 12.7412691116333 10.907659472845491 2.2241486482407016 0.4564638864834867 0.02793404782473209 1.5999624354436317e+42 2.0560553312886704e+40 7.117390108104581 0.3025751330128262 1.540625435027909e+42 0.9381057352496183 0.006508463233004939 1.2592003383248303e+40 155.5399274149768 23.152453150513406 14.872528318608536 34.98473053880968 3.691340033205895 226.95446596894192 0.470914368583555 0.7499030259596736 0.14637380557958393 0.11737156553906014 1.5642808940984974e+42 3.3913973253463676e+40 0.2914640117512649 10.736099413187883 10.564283501917977 240.47363182905227 179.8588096223769 1.0082242264069829e+58 1.3559209022062554e+58 3.006860848458267e+41 1.1909206555963867e+41 1.815940191871941e+41 3.5115901231624214e+40 2.0395972033057348e+40 1.471992916462807e+40 1.7849319857818224e+42 6.1180696808794066e+41 1.1731250134148711e+42 1.696585825779908e+57 3.0557969796506636e+57
388 0.67675 10.919547013466353 10.512857877894714 19.839122533798218 24.617753999999998 27.05263872 22.398188544 10.770337692875518 0.019743013325535998 0.035644824944083664 0.006094817389423002 0.05629520756696459 5.897354952224658 11.942961499029636 2.4554804135513355 825431.0 918585.0 21.03394195863537 12.927549875183587 13.702243556236622 3.5059428577361014 0.28150302097803637 0.5535730841046153 0.012633098422432527 0.03497787915578908 93.803097908904 80.23561665077648 9.081041122397647 9.859519653487874 7.707160315327798 8.523307894075032 10.38115572978221 8.769588231723992 0.47765053564831916 139.73556488513088 12.623995780944824 10.773864724071704 2.0694581838408226 0.4621928277675887 0.02554377703009885 1.0844288538319053e+42 1.8924803640547129e+40 6.8240899682754215 0.29922989245242276 1.0201036118490944e+42 0.8658800116828839 0.005281491696533796 1.156474644582774e+40 155.61354241886545 22.30937141949127 12.992602296242461 17.774873277524776 6.3400765317606815 123.88575442064224 0.4930183826145832 0.6937112090184081 0.10466448589738918 0.11826486237799769 1.1837297964018755e+42 4.2423530858481593e+40 0.24584276680459052 10.740833790566398 10.561619841931735 239.7045432018284 179.80493095070915 1.0177205916267278e+58 1.3850272332539145e+58 1.9505109322874416e+41 9.815380200375245e+40 9.689729134929573e+40 4.403390197658727e+40 1.732054039217151e+40 2.671336157357201e+40 2.395676091963188e+42 8.867281402001606e+41 1.5089479546079958e+42 1.480168952171109e+57 2.8973422885227557e+57
389 0.67834 10.927985238448365 10.511220959000426 28.518595218658447 19.373362800000002 23.90756512 22.347645184 10.771211454681584 0.019743796711313235 0.03567477322178237 0.006246286031064238 0.05211608903677166 5.834813694944946 11.944135947437347 2.455506423232396 820240.0 925386.0 19.37096277859536 18.528760490009052 13.829207445593612 3.307854210370125 0.2480494015888062 0.7704983425619067 0.013128480434881625 0.03226438553656958 97.61778982806221 79.26566247717435 9.19933916083751 9.814669156551206 7.943032047866409 8.702460432800105 10.394343379496936 8.795686939560106 0.47418698587728847 139.75636392095862 12.92500114440918 14.35614869802153 1.9192759142097295 0.5959842842198594 0.023262292804080636 1.1634542278999084e+42 1.7384847889927894e+40 9.18923595922017 0.3692010858001829 1.0603761016978339e+42 0.7945346013099828 0.004468305730919542 1.056427442857615e+40 155.52941087676834 18.339284595513433 19.029803329416453 17.308949772091932 5.572000269754905 117.29908881596378 0.4513885699784121 0.9306440213086452 0.10271829675792303 0.11393212888986053 1.411522996979436e+42 3.914216446986366e+40 0.2004539150170218 10.741270067226882 10.560913951683146 241.88301851764018 179.84146964787908 1.0505496233546579e+58 1.426383107638057e+58 1.878815829607481e+41 9.155668645547582e+40 9.632489655928224e+40 3.9590464404668993e+40 1.7649370561667245e+40 2.1941093768143676e+40 2.092270081618882e+42 7.572702748385874e+41 1.3349998044438956e+42 1.6602898367356085e+57 3.1378813620401403e+57
390 0.67994 10.935336549990021 10.498955720834898 18.740058660507202 30.1902057 24.566496360000002 22.093509152000003 10.775801461909591 0.019833143496498087 0.035869380538460185 0.0065782528191396855 0.053999480142752854 5.693262941453248 11.948100740292247 2.455395871328365 866125.0 927538.0 17.40722252022622 23.319600082028764 13.883161441742855 3.1093720018066566 0.2177315787906084 0.9083157913230646 0.013721951842532498 0.02898926757644807 98.84959278924323 78.45005417555136 9.10039435483219 9.80989399512789 7.867405496294752 8.57807299427433 10.381269083081667 8.821942598361037 0.4707180045298114 140.24832509266736 13.074613571166992 18.481489382570285 1.7755966994633992 0.7219510717229378 0.02056905522375399 9.873683860460692e+41 1.6096760957528787e+40 8.70599680842743 0.30254853430928663 7.889451601800687e+41 0.7351124477003871 0.003643818043890163 9.752694407739153e+39 155.45367244750742 18.918942321184375 19.958959199936157 23.77237902157179 3.125631876094884 159.40367170741308 0.4638400560706988 0.8944136455274461 0.127333647261691 0.10462159329460057 9.601884756331614e+41 2.94977663495539e+40 0.37800149649683695 10.743845973524696 10.553642015859642 242.60040244968337 179.86743143156554 1.0745181349570798e+58 1.4358755650633886e+58 2.2852926848250943e+41 1.017613460373808e+41 1.2676792245281525e+41 3.0660923202868866e+40 1.7179307617748008e+40 1.3481615581003859e+40 1.43529471855718e+42 4.351753509065123e+41 1.0001193704372759e+42 1.7873959333579605e+57 3.1995503640788526e+57
391 0.68153 10.937172139303325 10.490171709793035 27.86217999458313 22.2251982 20.389471999999998 22.038991936 10.781665876131653 0.019922709182324902 0.03623629164481677 0.006786003657076739 0.05940342169780435 5.784996615796564 11.948114683717819 2.4554955860545915 912871.0 910232.0 16.81036483849247 21.534909350067544 13.679586932898943 2.9870750045155776 0.22998786612786423 0.7800330942301699 0.013582108272792538 0.026580779008099766 99.34479960367922 78.32169978382287 9.01641652068407 9.786142229463028 7.789253895432786 8.497088570772512 10.37950237901659 8.848026874545097 0.46728683990433306 140.07079849362987 13.104986190795898 17.804027408032866 1.6876418573458674 0.6468481508450346 0.018567193342828796 6.484734185809942e+41 1.547908730712165e+40 5.564046218479617 0.14816865087157186 4.407269234779068e+41 0.7146716311164262 0.003035364079137597 9.480058906789185e+39 155.46907707737105 17.23186933024629 20.49381382907365 22.507270436328703 2.587711834153375 151.56076357576808 0.4751154258898367 0.9109479456702319 0.11900870850030709 0.10542573352946778 6.291398945425531e+41 2.1680581168406627e+40 0.5581231101988567 10.748219498141182 10.548986795951102 242.37592128174197 179.7892005015092 1.0797237052407414e+58 1.4137594741834363e+58 2.180669296727287e+41 9.747747023970643e+40 1.2058945940694672e+41 2.293591688596538e+40 1.1036037739124976e+40 1.1899879182920955e+40 9.741735066324112e+41 2.1559289886520738e+41 7.58580607970364e+41 1.6933541373850376e+57 3.004515163087688e+57
392 0.68312 10.934911167564271 10.483571386523748 13.757416129112244 10.8549828 17.23919264 21.835275776 10.787819821548492 0.019958199675356548 0.03649323825737737 0.007015980574312423 0.06634041853895437 5.662924848154821 11.948122352411069 2.45547174331148 963810.0 894862.0 16.685134503146493 17.860170511841055 13.475291791314081 2.861350960734196 0.24440622067088427 0.6061749207227086 0.01334346344335026 0.024058566740563947 98.13963423084792 79.20349371197935 8.996715553568437 9.761663591590105 7.5801312444567746 8.421882062625034 10.380220115125809 8.874103752342368 0.46387164773392686 139.91276800717847 13.069135665893555 14.97362030014847 1.6010176453401808 0.5080109717839123 0.016558514609496203 3.5566106080754e+41 1.4781436245492834e+40 2.8653598514281327 0.058607631635074514 1.7786387207541454e+41 0.6791520500811504 0.0024233600644266093 9.044895733887211e+39 155.49031578284018 23.11379827402916 25.51313051770542 21.774653811295643 8.10563247319365 142.26898299048867 0.5557521995464121 0.9664756694804721 0.11256250796601701 0.11953353265430551 4.841053586068831e+41 7.63957320268695e+40 0.7184410862402 10.752843401467798 10.546494708887321 241.78835232985705 179.6866303139398 1.0649757201120388e+58 1.3809038838987092e+58 2.1940495926543223e+41 1.072762115704812e+41 1.1212874774411523e+41 7.705378670351753e+40 5.048297120840511e+40 2.6570815435522345e+40 3.417332996729866e+41 9.86983074695836e+40 2.4303499240861574e+41 1.4321445230705582e+57 2.844314438682343e+57
393 0.68471 10.934866821837304 10.48304558318906 28.605395913124084 23.9726836 18.13134316 21.63387336 10.787577503619984 0.020060171279395137 0.03656921241606362 0.006953009370151492 0.06789503775168411 6.06046717055055 11.948316116261974 2.455259268347297 925211.0 886942.0 18.61152825212245 8.430751088413835 13.287494200699692 2.7034102257230077 0.28827118078339037 0.27305438102930185 0.013121114751840081 0.022236257525876008 95.41775865069087 80.77012966480665 9.247157320281495 9.753742610973498 7.958577819599059 8.724080266850363 10.381977406583276 8.900173096502229 0.460472316747236 139.81560073149421 12.935169219970703 7.575058927314097 1.5024412106248157 0.2443752930547457 0.015174561130058427 1.3372640813863504e+41 1.3681683571775836e+40 1.0269960915294718 0.017964743440563202 5.277702641643796e+40 0.6060260028367912 0.001979450031686783 8.120023454208416e+39 155.38786057266222 26.159362793412644 14.834490086194835 29.909836801080267 4.1822517290932755 266.36852693493074 0.663476630767847 0.5107966406516058 0.14220318428663004 0.10123590664961396 3.221596487132686e+41 4.1348460736663046e+40 0.7740436456996149 10.756014488369917 10.54045700271873 241.7711854927982 179.75632301178345 1.041699421704981e+58 1.326508951520556e+58 2.870672526788687e+41 1.4207655680171326e+41 1.4499069586044333e+41 4.1930562403609076e+40 2.5936169492350404e+40 1.599439292834913e+40 2.1486293648584752e+41 3.9330025108021177e+40 1.7553291117504307e+41 1.1469722956671813e+57 2.4662918543810036e+57
394 0.68631 10.939788798137622 10.478931188114931 64.37942409515381 46.5549376 22.23648224 21.722739712 10.787674051463284 0.02029041927190899 0.03697260778689269 0.00669536827732659 0.06858276110331792 5.286496675498575 11.94845267480458 2.4558638984755765 904644.0 887519.0 19.713081615626376 4.867404418208786 13.721736598152322 2.6671720399968604 0.31457581209967883 0.13562999338546303 0.013259032032746598 0.02059133174582996 92.77026068528983 83.06886405254606 9.400978990645058 9.79813359224526 8.279285838579343 8.956042789741904 10.357082025007012 8.926398658074358 0.4570675059375502 139.57729231420814 12.950931549072266 4.389353304729005 1.457701766890979 0.1213256625933086 0.013819504074599514 7.132018278733209e+40 1.3466736644094204e+40 0.5277001514152834 0.0046637728298183235 2.4044135585033044e+40 0.5982741616853428 0.0015140036473013684 8.061677765078703e+39 155.5146654935855 20.544496789199854 6.600580326585757 18.65496651674932 2.1458412073158226 130.20925800756606 0.5154461868621795 0.4033899363642324 0.10301696725484487 0.09998977461624123 3.495901639094759e+41 1.6968251607110145e+40 0.5132596685082873 10.758822041223965 10.532337785986492 242.5383390586161 179.48862166515872 1.0279131202336866e+58 1.2986123220902996e+58 1.959362056983837e+41 9.53223626847185e+40 1.0061384308099662e+41 1.741896439495718e+40 8.943378010612066e+39 8.475586381918462e+39 2.164569024117514e+42 1.1271628133907263e+42 1.0374062141529635e+42 1.0414203135529513e+57 2.3627536950284222e+57
395 0.6879 10.943927552593063 10.475317653905604 21.686375617980957 30.8724384 25.2533952 21.702546943999998 10.787782030243084 0.02041606480209122 0.037668993378133314 0.006652362361793669 0.06380571763983084 5.51408706230076 11.95009844668037 2.455952680034358 890355.0 890762.0 20.842987765505708 11.99230547768319 13.961973878463812 2.542101113097795 0.3413740734981929 0.4560743030573267 0.013563065089638837 0.018448417706884532 92.14340886638028 84.81127523247581 9.1485162314761 9.824866087447155 7.704994005150362 8.60980020110548 10.338310120147142 8.952452483459007 0.45369966564907704 139.6660250068545 13.029054641723633 8.96713758707908 1.3604428261153987 0.31984221953333564 0.01210678691953932 1.237493386251986e+42 1.2580618977991648e+40 6.2809957105677325 0.22050031237736858 1.1907348834151387e+42 0.5537180409226372 0.0011772495479796055 7.434881508965136e+39 155.4571824068124 23.93244733871839 24.664365825635034 22.175479373485164 2.6949966680177195 183.5681045653006 0.5937779546353518 1.0574283297594722 0.1244235944408591 0.09382963495586519 3.475871139301649e+42 2.484964516359876e+40 0.20497104677060132 10.759297568331402 10.528532129304637 242.60997131256457 179.44467801128621 1.102074708474639e+58 1.3684624376863147e+58 2.2161587764916215e+41 1.0305533409165084e+41 1.1856054351811176e+41 2.643184261756737e+40 1.6076660990357566e+40 1.035518162656335e+40 6.478537360797054e+42 3.545875615333107e+42 2.932661738555043e+42 1.816854719728638e+57 3.220100347692964e+57
396 0.68949 10.944850621081125 10.4638478462803 12.812681674957275 13.628252400000001 25.74290336 21.670108671999998 10.795266669373262 0.02048808426696139 0.03765091108081414 0.007180534065372473 0.06364183545992488 5.9203342266297065 11.951046086629889 2.4561756365973206 946885.0 894870.0 17.82898585514247 34.389913170136424 14.133204882926885 2.467981243471895 0.2918221343242416 1.4306147274668217 0.013425859235941766 0.01709616584767302 89.15810291974313 86.23098201212925 9.004437229815656 9.767405311384923 7.499025035062572 8.452979715277095 10.345728799749416 8.978498374225298 0.450347358192287 139.62133413037867 13.030498504638672 27.73937573989394 1.2855638439427446 1.143191470952475 0.01094454705539395 4.0713917566878807e+42 1.189896644438565e+40 22.397258938831467 0.8936047827155241 3.944451342810669e+42 0.5207455305468074 0.0009501630157687147 6.97842059904775e+39 155.4852533483266 19.59087508754713 38.69545076507731 18.641191540920275 2.25325078415032 118.83104628495839 0.5100825194799499 1.7386237918488023 0.10522835195958975 0.09891142451078119 4.485842435888974e+42 2.1382018272396716e+40 0.0887739376635168 10.763234272275357 10.5254938822374 241.88630300516394 179.21133204752954 1.2703919609025965e+58 1.585914259776566e+58 1.932283448117596e+41 9.271149679824245e+40 1.0051684799170833e+41 2.6473068981445755e+40 1.3041858903775773e+40 1.3431210043946322e+40 4.882634156317375e+42 2.376105514932012e+42 2.506528639424536e+42 3.2007320727373896e+57 5.146591252454981e+57
397 0.69108 10.948091297866128 10.44269978629844 12.567272186279297 9.858178299999999 22.5370816 21.448368768 10.806777072625989 0.020523992227112754 0.037385586612847126 0.008004334446099704 0.0717174020507801 6.10900356866867 11.951852757297333 2.456091229615281 1034268.0 891962.0 13.951132226087786 42.433053755663295 14.054099113372457 2.331944332254677 0.23344629595829672 1.6950066005934417 0.013129429274444791 0.01580497496072207 87.13186037751797 87.90743965367622 8.98616895238213 9.724030900391504 7.462109938939235 8.428617053266393 10.336081061915827 9.004536198857156 0.4470104763558487 139.603769801288 13.169570922851562 37.467013380023864 1.1904818070843832 1.485503226380026 0.00997018784377331 2.7852568380276523e+42 1.0908333240901986e+40 20.39445427661296 0.7612891697356221 2.424701205395093e+42 0.4679785545480446 0.0007745088000015993 6.235230088275391e+39 155.41937678523752 14.596272772864731 39.24225193423027 19.878471630286924 2.1447776027086882 132.05941019808614 0.4913283001756224 1.7512889062301367 0.11102350437143998 0.09538251645233664 2.4074797216648618e+42 2.137370228520624e+40 0.2780946031216887 10.770155782282178 10.517151017596118 241.44965871053856 179.11835947277865 1.3756766377233941e+58 1.632184961585062e+58 2.0372523161539954e+41 9.568301365634575e+40 1.0804221797078283e+41 2.323568461643615e+40 1.1979666040209873e+40 1.1256018600908228e+40 1.2326211002664519e+42 6.942442379764058e+41 5.383768613621457e+41 2.9872047056112076e+57 4.7240150828605385e+57
398 0.69267 10.949439409955877 10.439729988468388 17.87529683113098 10.8418638 14.99833632 21.045417471999997 10.81006123698852 0.020581816777769532 0.0372748678643518 0.008135489030061054 0.07592024952735493 5.788777595821206 11.952474378906766 2.4560349491787337 994164.0 891298.0 12.971325844716192 27.7800001407904 14.106258032227087 2.2243974987757373 0.22603003838724436 1.0580124466052458 0.013034425168131131 0.014652126550716665 85.53158316626069 88.66967329664281 9.093298417698088 9.704236859045373 7.634970639555099 8.550277744821008 10.339312057996738 9.030565826766596 0.44368891391282994 139.55232294981172 13.169939041137695 25.823134340068496 1.1133343454396234 0.9810789932828003 0.009118536599683896 1.1083092729197742e+42 1.0141453775973155e+40 9.453654859173982 0.31314984042838007 8.551546840630854e+41 0.43010700622914144 0.0006977342098197072 5.685503959574968e+39 155.37881409396397 16.175026433987952 22.477458520141894 21.65732633126649 2.662573130279205 147.749703722954 0.5261185943358327 1.0371035674581817 0.1187687911110044 0.0921846215731344 7.250014194066145e+41 2.65042546667229e+40 0.6392409001348128 10.778197903314874 10.506413717750506 241.10506448128103 178.91528528821857 1.3713038930668836e+58 1.5344143600104038e+58 2.1724501061171444e+41 9.919294676027961e+40 1.180520639000958e+41 2.724900806740318e+40 1.5745755226833321e+40 1.1503252747418677e+40 3.2736024621966913e+41 1.6979148517168774e+41 1.5756875966586794e+41 2.0903912587755944e+57 3.241552850848303e+57
399 0.69427 10.95112665209337 10.438048372754478 35.85419034957886 27.7983084 13.89166368 21.036670464 10.8105290591703 0.020736698326269343 0.037411048463152914 0.008008448263887415 0.07613383794694258 5.546844068174585 11.953072367485321 2.4560587610227613 913771.0 890872.0 14.89187811489042 14.966164862495543 14.217936889162443 2.1441739742952226 0.270294158952478 0.541333585221428 0.013131250644833788 0.013617550081895049 84.05121594157376 88.43253317000011 9.233085312936367 9.690019677395732 7.933906053520095 8.762326088644015 10.33951503787415 9.056750757655221 0.4403618188889047 139.48360004830602 13.064400672912598 14.078840734051834 1.05039158190172 0.5090722094886124 0.008295656403016173 3.6316426874134054e+41 9.585642790750081e+39 3.0074817001215997 0.09199859271295997 2.283474698179553e+41 0.40821558650761003 0.0005810332886724262 5.3848433381969633e+39 155.36864725722705 18.02929038969192 12.257252326758337 18.01930486644327 2.575389238213447 103.26113238104524 0.5369836578132111 0.6961552977298894 0.10170625877038723 0.09839050047013877 3.822645382786077e+41 2.4152701167850167e+40 0.7060549012740248 10.782923840855629 10.49692840171964 240.77037749414015 178.63274593217218 1.3456260951485458e+58 1.4524875488895174e+58 1.908523987371644e+41 9.697236502701552e+40 9.388003371941966e+40 2.438838537669689e+40 1.5197271177657378e+40 9.191114171803389e+39 5.092967404053214e+41 2.575073885765953e+41 2.5178935180201766e+41 1.4372172494419643e+57 2.3815559195945842e+57
400 0.69586 10.953822587009864 10.43893815936883 27.307323932647705 27.7393964 16.941904960000002 21.100979711999997 10.809300941220359 0.020872252131194605 0.03779172135914156 0.007825334373737754 0.07582966014501398 5.43999538268063 11.953646130988806 2.455954845211515 837710.0 885984.0 17.809680303199812 8.38694303310347 14.334048503767866 2.0411425234268687 0.34614159214513973 0.3096463498782861 0.013760937564678178 0.012500547601364478 84.28140779495921 87.98654975998421 9.215873848388451 9.733421230730052 7.851644613348234 8.727919744792484 10.324956622031493 9.082763550477239 0.4370706751358031 139.43289703565245 13.018296241760254 7.5190748443906195 0.9897961580917266 0.2746324268381834 0.007495871420832797 3.535600747113665e+41 9.021985716898418e+39 1.9866000980418101 0.0824094056065735 2.943013073729664e+41 0.3786769380997747 0.0005241326789829513 5.0089551996520455e+39 155.26252969827823 19.829570370445136 10.576773411048574 19.244124158547827 1.7654229674650468 112.12688682717722 0.5917211923588008 0.6826506124473251 0.10578066754019977 0.09458863783735134 1.2613151098425439e+42 1.769388708373684e+40 0.3091970968473577 10.784695381085916 10.49172105748435 240.98677568136424 178.61315920195176 1.3265319361800724e+58 1.408684746310989e+58 2.0597047382886034e+41 9.23838805607564e+40 1.1358659325255276e+41 1.8049710012320133e+40 8.454980243076835e+39 9.594729783799954e+39 3.2555856863895693e+42 1.6238265996008905e+42 1.6317590814108092e+42 1.1910154701176295e+57 2.204495687732107e+57
401 0.69745 10.955443639271666 10.43612311801709 33.142271757125854 22.1269172 19.41902504 21.100374304 10.810899722418776 0.020973004841991195 0.03790936111872561 0.007901404241651951 0.07396284987404003 5.589551188888889 11.954173764764562 2.455868229704422 806954.0 878262.0 18.81402003975062 16.68668026121545 14.269502248213747 2.020700783112664 0.3607001858470367 0.7583919613886998 0.01422447076579113 0.012356917121130262 83.52001888446281 87.40842165107894 9.181297947455663 9.71728268762937 7.925062914492527 8.702343627492441 10.323891551061175 9.108767759562962 0.43379453724281314 139.3723980565656 12.985864639282227 14.065459903961907 0.9907118425373114 0.6358692579859797 0.007522901457749345 1.816326865477182e+42 1.0774626912769363e+40 9.93287899782731 0.4748263770849119 1.7507960822426577e+42 0.4205890130655846 0.0012298468582391323 7.01426539980805e+39 155.19431357057599 19.730207528400694 20.866326826042318 23.033249035880758 2.1753311393327066 145.56156072932302 0.5922196924291724 1.1188325519680145 0.11323851733553153 0.09791139004133832 2.2052632234273273e+42 3.4471739200023796e+40 0.19963992798559713 10.786184271542181 10.489631280075702 241.00470946967135 178.53911131353115 1.3828408427276675e+58 1.4849389246532467e+58 2.427901148757138e+41 9.721043758061486e+40 1.4557967731640932e+41 3.618534878896805e+40 1.6681894906716743e+40 1.9503453862093016e+40 2.3507326643652044e+42 1.2274047583171308e+42 1.1233279057779068e+42 1.746500823153087e+57 3.171561505637913e+57
402 0.69905 10.956860103901818 10.432534361760144 25.17080545425415 19.0965676 21.09867136 21.0020224 10.813745388516935 0.021050171901863025 0.037933705620132506 0.008030479773402394 0.0734364724812015 5.6221920698743615 11.955020627476296 2.455870395302646 783742.0 864698.0 17.559390398601803 17.85138743607797 13.874132605107654 2.1758202010244108 0.32275329281815557 0.7912286942640194 0.014295187808350195 0.014917645363092912 79.19364190762414 86.56074785546677 9.11346089193573 9.759180499291357 7.780803356249342 8.625981004838193 10.307621477245428 9.13492672389462 0.43051283885272884 139.34825688213655 13.01601791381836 15.439751186456606 1.1486106992811353 0.6792392124129226 0.010061094867031863 1.2364879227782751e+42 1.8644658892267136e+40 9.35782738104755 0.40948996932920373 1.1387698491655714e+42 0.6330613018491071 0.004500616708939065 1.523163507719475e+40 155.19741103646004 19.575800941058574 16.413070642139434 22.497048595338207 2.1692501365043406 125.89018471451436 0.5755177880295415 0.9278258370294398 0.11168132043898689 0.10281626739790067 1.2575791790997912e+42 3.9895331928344903e+40 0.27102369006877763 10.790202793230781 10.484431402579737 241.07255336659827 178.37953896672823 1.4154279787624485e+58 1.476160371912373e+58 2.3293346077504655e+41 1.002677103742738e+41 1.3266575041906804e+41 4.0734407312749513e+40 1.7975886232005867e+40 2.2758521079794196e+40 1.5548475130713226e+42 8.621090991309151e+41 6.9273841886717324e+41 1.7009133857542077e+57 2.8800115511578705e+57
403 0.70064 10.957498061335759 10.430745562284843 29.635531902313232 14.825101799999999 18.61078368 20.766548992 10.816216233833108 0.021106504563507895 0.03798807227311124 0.008104809267662971 0.0725715782917731 5.756745043650831 11.956003470611856 2.45607824246956 759209.0 855645.0 16.957946362850173 15.165007166155911 13.571728389360896 2.4059299419640245 0.29572603269276976 0.6883348596857144 0.014226168305863561 0.019037047641378122 79.2220752860859 84.88222226312412 8.949971333877642 9.753508746664503 7.638486581293035 8.452357438065048 10.306899295846817 9.160913329791397 0.4272664992007307 139.31429917087692 13.074522018432617 13.120725033843438 1.384978344535493 0.5911103792155931 0.014011114927693462 9.525117803205193e+41 2.745320989672664e+40 7.02772406743733 0.30967785840904494 8.655304375093757e+41 0.9179856174865791 0.009037692533632841 2.4351066615423876e+40 155.1467024297673 20.077194861819173 17.02839707020193 22.173848086170103 3.2893879755161746 124.03330310608874 0.58915588117678 0.9676922211137219 0.11177886537244472 0.11668987249069533 1.256772635617618e+42 5.318632848548593e+40 0.3629466312171714 10.793289536640083 10.481865400114977 240.8090920510777 178.21811127278866 1.4203794232419136e+58 1.4516265193310987e+58 2.339631114720893e+41 1.054873104106377e+41 1.2847580105061064e+41 5.36842213732275e+40 2.375244152717036e+40 2.9931779891137378e+40 1.434028679521018e+42 8.097134109456156e+41 6.243152696362108e+41 1.4981786993270416e+57 2.6114048564015844e+57
404 0.70223 10.95889583533526 10.430089072518928 10.630616903305054 14.599534199999999 15.79660736 20.272251135999998 10.81819101432714 0.021164212856142763 0.03792705403224834 0.008174411496470215 0.0715841931318259 6.009054025446216 11.956892553933491 2.4561193670987618 738451.0 848610.0 17.831162200061083 13.03330850363949 13.32615256586325 2.6836229715828557 0.30639712611911923 0.6170404114597905 0.014179801554022178 0.025564467234623967 79.27215849578316 83.56873904505574 8.86031058465121 9.72284296526794 7.336127862132625 8.316288493320656 10.315191795140883 9.186890973260741 0.4240348603733819 139.2924086521905 13.105566024780273 11.144207077638486 1.6468399159253406 0.5266779049654878 0.020163615444600047 8.016829347979985e+41 3.3482396123404387e+40 6.063217530776142 0.27678581808496516 7.294204018814395e+41 1.2128321795467527 0.015562105141875853 3.05464885075044e+40 155.10624263982396 21.73728277551668 13.746870135031998 19.360947726192652 2.9522769687813497 101.62842115534039 0.602995400821746 0.8596191721651065 0.1051034410965696 0.1135207041793205 1.2314851724923025e+42 5.114695437417069e+40 0.2607355208103942 10.796111628128111 10.479751593541033 240.70646524526617 178.03733998171055 1.420240321023632e+58 1.43088902881851e+58 2.02820261852314e+41 9.313822827675196e+40 1.0968203360758896e+41 5.183574133620737e+40 2.4007330317495273e+40 2.78284110020756e+40 2.4484451854196678e+42 1.3720167126709762e+42 1.0764284737492026e+42 1.3313228347754168e+57 2.4650556607698457e+57
405 0.70382 10.960415068582732 10.428020952989048 20.168524742126465 14.6728118 13.948602240000001 19.822732288 10.820394964377392 0.021223323158762124 0.03768199504315218 0.008304426365303357 0.07253679876271667 5.801940269356023 11.957507008662596 2.456013300914804 727006.0 844537.0 18.475056306562653 14.282251321413192 13.170594382347673 2.840450127369205 0.32249200464357564 0.6825419707004377 0.014173283732849443 0.028909583469575728 79.99341375515961 82.44740043938538 9.016920361269447 9.703076462528731 7.795224732227332 8.554284837267625 10.320049208741427 9.212859530172025 0.42081782273876844 139.25044650274936 13.110756874084473 12.131905504116444 1.8058105200662486 0.5789306462545238 0.023218380641680903 1.2352657635656122e+42 3.52448001983842e+40 7.423513421583966 0.34140045206285197 1.1700310786511136e+42 1.3933367322207404 0.018466848986181686 3.242188725696449e+40 155.02998741261717 20.6106601754059 15.549689000564635 19.987081281759295 3.4369970827672116 112.83602660334863 0.5942666494871733 0.9418066389084874 0.11644712435857334 0.10735779915270022 1.396041143525353e+42 4.775023800949794e+40 0.2298278125241294 10.797598148307564 10.479642668051603 240.52904396482793 177.9029821906034 1.440896341056287e+58 1.446788025911922e+58 2.000613609434673e+41 8.802142070644773e+40 1.1203994024779192e+41 4.810233920586785e+40 2.7547761792699297e+40 2.0554577332210272e+40 1.175485331782471e+42 5.986147620054462e+41 5.768705722276464e+41 1.473076457206857e+57 2.6824851436833414e+57
406 0.70541 10.961982714021525 10.430256109700286 15.942081451416016 11.373008200000001 12.2790168 19.624062464 10.821095784396302 0.02127339363038539 0.03755034584188315 0.008317272965336244 0.07372901031161645 5.774201532255332 11.957802320205545 2.45594618443812 694839.0 841375.0 18.66927130293708 11.004076817438639 13.04181509121941 2.8691311634406307 0.32929245831324194 0.5399633777787111 0.0137505893861138 0.02900118159677058 80.17528810761785 81.3038147467003 9.03899084113606 9.711035390398466 7.5736289015400615 8.501351075809792 10.321559340960246 9.238818877307686 0.41761528756326105 139.15147246346964 13.07565975189209 9.848010699431821 1.84772404794551 0.48147446130337046 0.02316891165107626 8.264387121936943e+41 3.4278475353257016e+40 5.567827632505231 0.26695040446269774 7.66746179404228e+41 1.4572390632738375 0.018264416188636244 3.1593495172710932e+40 154.9764063000209 20.642429698493288 12.692414211484405 19.85145041435096 4.855155467103275 107.21641505879397 0.5994300261986003 0.7934442084705928 0.10756952165753683 0.1254527122734686 8.786208431321742e+41 7.051640055091175e+40 0.33939711414829277 10.799640236942576 10.478912531381926 240.53389576124673 177.71894100297376 1.4313531805816095e+58 1.423537454594583e+58 2.073668730713857e+41 1.021154920740873e+41 1.0525138097102852e+41 7.106578915023989e+40 3.9846784665695174e+40 3.1219004620397126e+40 1.060784441170057e+42 5.169259269308445e+41 5.438585178466443e+41 1.2412039614099257e+57 2.3774990092288702e+57
407 0.70701 10.962630930954308 10.433749106562143 25.393317222595215 14.980943199999999 12.067141920000001 19.51459072 10.820573219764595 0.02136018640275473 0.037342082422808356 0.00826757279785251 0.07321176878435601 5.783634141857242 11.958324931644054 2.455671115048896 654107.0 839719.0 18.828594723340007 8.383505541005995 12.934497522875704 2.9542788482298588 0.3355301148090297 0.42962343336362985 0.013398896773557155 0.028723949238735058 80.1733596950521 81.00838347318494 9.152321760528622 9.691856802349495 7.7160325155516665 8.645878600755989 10.330553618656825 9.26493207021487 0.41440715124255667 139.12163546232597 13.007683753967285 7.307065923336496 1.9326146344114883 0.37470114147366135 0.022742844210435997 5.6776714293892244e+41 3.3493749408862307e+40 3.9977897469154557 0.21097693881022747 5.23265506594118e+41 1.543119150179794 0.01731531972016214 3.0757318397927745e+40 154.90536105228696 24.995027902480413 8.829181284996451 18.64408970587203 2.91961006554515 123.26060680431767 0.6760847730904161 0.6294870151907856 0.1062113944963404 0.11292629313690974 5.494813317193396e+41 3.753485031157796e+40 0.31561933296538675 10.8008661519818 10.478330071199286 240.48421233670254 177.5652794842822 1.422265793880548e+58 1.39318655519239e+58 1.945624527130084e+41 9.449050822907894e+40 1.0007194451165536e+41 3.809083291997592e+40 1.895627817165259e+40 1.9134554762503734e+40 5.5044977649059764e+41 2.3517626772279564e+41 3.1527350787713745e+41 1.089908946530702e+57 2.1572568833634233e+57
408 0.7086 10.965728120400296 10.436995371866095 17.749388933181763 16.5065028 12.65898688 19.174566912 10.819988836157444 0.021411410278247993 0.03728291241291521 0.008182483574537039 0.07279213135918981 5.6578622776699765 11.958937364560265 2.455792426962586 621489.0 837333.0 19.116999482786127 6.3718068481258605 12.859272168632152 3.000400522105558 0.34881370073414275 0.31248695879786287 0.013113479412852756 0.02937980949245212 78.59473197412485 79.3564996748147 9.101745182837163 9.71806495739182 7.583835144233462 8.576069233046889 10.326899478709114 9.290872571950356 0.4112334180073385 139.04405960944868 13.052141189575195 5.442074525267101 1.9639663885966625 0.27006792114113354 0.023156840225469474 3.532256715906142e+41 3.21497483773578e+40 2.489792251433146 0.12489541066265873 3.091706523176109e+41 1.5735186772853025 0.017204772755492013 2.935806664465801e+40 154.84911723762707 21.930859887986422 7.156900573443928 18.716903266459376 3.214138383416075 106.42628720520055 0.6516957603320972 0.5365210503543053 0.10454722704424306 0.11601927675490044 3.207509283739273e+41 4.466021208259497e+40 0.27638139818866386 10.800768675056526 10.48018714350872 241.4356446043756 177.45572369214358 1.4033156223553383e+58 1.360694269411752e+58 1.9503249179348706e+41 9.309710499359765e+40 1.0193538675582838e+41 4.503950409977049e+40 2.4143602263645855e+40 2.0895901795479776e+40 3.880791799193279e+41 1.5376147991546657e+41 2.3431769965140584e+41 9.69591711433164e+56 1.9586834957102963e+57
409 0.71019 10.967492191253953 10.440829476773747 17.43232536315918 14.4803204 12.63184288 18.897951744 10.819520412041697 0.021458863447398925 0.03732288290009141 0.008072878102961764 0.0719404512056655 5.71110327515015 11.959797394270522 2.455818417964588 601650.0 836694.0 20.020397410052706 4.532080223073113 12.794860071298999 3.1044517694516305 0.37777716697603336 0.21082744651722338 0.012770246975154756 0.02988087341960884 79.38012049555152 77.84060260466102 9.113190057689067 9.726465984074594 7.592647805771835 8.598569054205036 10.328535357140497 9.316803498960073 0.4080738957180472 139.02175161704008 13.098796844482422 3.8959188828735902 2.050414628149099 0.18356586353493487 0.02343181224761092 1.698299297594361e+41 3.2105483710386373e+40 1.5479684657101322 0.07184672170395653 1.3931968130383954e+41 1.6558374027620302 0.016844969699853607 2.9232807767627257e+40 154.7896650888416 23.27088586625035 5.834449278345107 17.7436606188839 3.391726582333372 107.29271524365686 0.6712081823086669 0.4624722297242811 0.10142543742618165 0.11575362371226011 2.0751939670355372e+41 4.395999023221689e+40 0.36999866184932423 10.800866293741956 10.482439815118624 242.02738330508728 177.31469108594212 1.378690420448624e+58 1.3314634542639818e+58 1.8458728632861028e+41 8.930056577990185e+40 9.528672047073213e+40 4.4448822359768175e+40 2.4112829862097544e+40 2.033599252668159e+40 2.296894981886615e+41 8.317793446805866e+40 1.465115635591814e+41 8.612416913353013e+56 1.838700023371728e+57
410 0.71178 10.968128490778186 10.44614064113508 13.840216159820557 12.3394806 12.74248544 18.806619008 10.818382573159225 0.021516478137138452 0.03733823921252998 0.007926725360460244 0.07034131272651574 5.683196503384151 11.960656401552303 2.455788094977689 585042.0 835323.0 20.626673342602707 3.0155392700152657 12.73603206327612 3.216369454667458 0.3996690319223764 0.13250534394404495 0.012718173106649406 0.03100467725558901 81.20091951339808 75.53936752397091 9.032710844078768 9.727992583293679 7.452447797251703 8.496696338850848 10.33426046189791 9.342724731663317 0.40492848913990276 139.00864412340158 13.166690826416016 2.5891435100443543 2.1411840711460504 0.11560489921192724 0.024282312323440056 9.22630610077997e+40 3.20936580342824e+40 0.9062426893279416 0.0361474106503823 7.134464361023781e+40 1.7260311521845109 0.016347735751542972 2.899759340015158e+40 154.72846662524017 22.75324159692401 4.51531936256132 19.046504420771768 3.3149338495706195 122.10579336519562 0.6658774688114757 0.3905315508273085 0.10748975394857782 0.11260434930288189 1.1524159645999057e+41 4.032690199721324e+40 0.39201656938429674 10.800284780431573 10.486020972064349 242.3889518488077 177.2027501494236 1.3541563961434565e+58 1.3061509018967718e+58 2.0006020638938896e+41 9.511497004446644e+40 1.0494523641919284e+41 4.070794316889928e+40 2.277861179822336e+40 1.792933137392168e+40 2.957586261574595e+41 1.2385687018195626e+41 1.7190175608828252e+41 8.105056764783211e+56 1.783365865935969e+57
411 0.71338 10.970176014423934 10.452279316851929 22.50828981399536 11.762528 12.04347424 18.639753728 10.817212232316923 0.0215554992505626 0.037306310910960046 0.007755567515341726 0.06934173019916218 5.677138463346425 11.96149072921586 2.4558920506909816 569399.0 835333.0 20.820551043105652 2.5869965500899763 12.689557801187041 3.3368758022646476 0.4066973184126296 0.09727381033033962 0.012624657842992106 0.03099794253855943 82.17351547588389 74.2638037756939 9.089208178637394 9.700043542036907 7.643693327386155 8.585047463616968 10.34891790605774 9.368799084983369 0.4017774538114329 138.9694756651564 13.281743049621582 1.9570220794918873 2.2264086514205133 0.07506664414671439 0.0241278681959509 6.986068487037064e+40 3.2014646200166353e+40 0.7275173256283775 0.021499256710695174 4.875485742689797e+40 1.7801949729522693 0.014887539755274248 2.8612210837514997e+40 154.68978815279738 22.17313431342633 4.2469224655603615 19.07339175370987 3.779194688783467 111.26744644784992 0.6544160571817138 0.3729065261750183 0.10347103238691853 0.11440021250568191 1.163200340751541e+41 4.659913043546657e+40 0.21127879269261318 10.79980010061667 10.490127667386306 242.96775440136014 177.0280649151048 1.3344849816225073e+58 1.2905555995812052e+58 1.9821928541711867e+41 9.271950685215058e+40 1.0549977842799933e+41 4.726285495053124e+40 2.7655954840400466e+40 1.960690008787919e+40 3.600808796723067e+41 1.2762274606542375e+41 2.324581335344183e+41 8.366994850112099e+56 1.7815457482650855e+57
412 0.71497 10.971860021688812 10.456073128300671 23.342016220092773 14.526583200000001 11.748612799999998 18.23341056 10.81648919321192 0.021621793195716468 0.037299387654058776 0.007615719528989733 0.06575838948903667 5.649392682328482 11.962324131836384 2.455898547096925 568118.0 836424.0 20.59104048480031 2.913424668829893 12.672564971132717 3.4384667888833804 0.3964486470298104 0.09417878602719403 0.012615878994879804 0.03070126299620771 84.12686823715444 73.08415979952342 9.132129376513356 9.715995657222596 7.712440129232058 8.647810996955018 10.349800648321818 9.394700511110207 0.39866008363987304 138.9470808655988 13.325182914733887 2.180741377159242 2.298429282161688 0.07021522137411614 0.023731656973561548 8.687511502604804e+40 3.1774379802285526e+40 0.8474838088327113 0.019186068150983147 5.921600242112588e+40 1.8016434280521483 0.012396727084460149 2.7936000660771424e+40 154.63949709143412 22.209110175796464 4.932883375219302 17.350318695157064 3.493891805904441 107.31871280336352 0.6704653177739083 0.36362825559254286 0.10204230767638994 0.11249317808116187 1.6151435976473757e+41 4.0529309432036473e+40 0.14878892733564014 10.799297602320392 10.493100251943627 243.15484103177388 176.86878311684202 1.316570200270032e+58 1.2771487161854239e+58 1.817072712749766e+41 8.75972894498513e+40 9.410998179990468e+40 4.1340980090523816e+40 2.432680107201572e+40 1.701417895683886e+40 2.1556519565179993e+41 7.274793235993244e+40 1.428172632452858e+41 8.90166008047622e+56 1.8025716615906506e+57
413 0.71656 10.972778671489504 10.459311435055321 18.313826322555542 15.701878 12.09935712 17.671998719999998 10.815608581659806 0.021696300260159115 0.03735449806962199 0.007474630043440821 0.06538552283747728 5.600983064878212 11.963087916667229 2.455889885200739 570976.0 837291.0 20.44728303998449 2.266662192857419 12.651038768609755 3.5480141469077138 0.39282154677855546 0.0665029166343601 0.01250597112436755 0.03054863700070422 89.28527198765705 72.15369272816905 9.13555280186577 9.73108069390448 7.654628247593485 8.643785187151028 10.348654139929893 9.420591888861138 0.395556547951323 138.91632304878706 13.34566593170166 1.9075913667558022 2.3680537334794667 0.055177561751884346 0.023441044235654566 6.547291765005899e+40 3.1503767358632546e+40 0.6765024354744614 0.012364550844296187 4.204763128407059e+40 1.8082027124909952 0.01026666860003774 2.720760945915408e+40 154.58626846756636 22.05574630411449 3.9695997942498513 17.761267821144923 3.691743958145238 112.61374225144219 0.6527933222281814 0.339448694986586 0.10109056384690861 0.11227077692357122 1.0611204493048256e+41 4.41259256454739e+40 0.2243627164818058 10.798644515871992 10.495546725088346 243.25980996996637 176.72953675012437 1.2930762472105788e+58 1.264327848529883e+58 1.8389170536269443e+41 8.697288080383111e+40 9.691882450742e+40 4.443991223683974e+40 2.775563629611383e+40 1.6684275921602773e+40 1.5097327690758796e+41 5.932513298438849e+40 9.164814369423594e+40 9.079975191108092e+56 1.7972054334900625e+57
414 0.71815 10.973545427667451 10.464433276869856 18.87770676612854 13.62321505 12.4635712 17.399187936 10.814144464937595 0.02176908504788383 0.03742478751015011 0.007292447912572179 0.06263304873736115 5.654525862308463 11.963760928551338 2.4559245317489746 564597.0 839148.0 20.256454359783348 1.499159779955538 12.600073713543175 3.675399507067155 0.37803390132374837 0.04062340616769234 0.012383953181646746 0.03039789065508364 91.75643174446165 71.54294084999151 9.107174347896486 9.727470573509683 7.586496858491409 8.603670382034212 10.353972735435349 9.446473102256698 0.39246675485622795 138.86447622122787 13.34726333618164 1.2509209593406359 2.455765486300125 0.03390136133044671 0.0231744379762282 4.0977138131256356e+40 3.2122754672294306e+40 0.4552017111322623 0.00861509463853756 2.569842727875041e+40 1.832977400127342 0.008386698175520624 2.7399834388473415e+40 154.5328556823815 25.38011025538094 3.7784075381265025 19.202620434780794 6.96653172899977 113.30591731697206 0.690223206837942 0.3291241305803533 0.10325463683843036 0.12447556316942301 9.595318060736554e+40 9.05431309759954e+40 0.1845672575599583 10.797900276146693 10.498714964978113 243.31176619576118 176.57959747118716 1.2702311454438332e+58 1.251818682773412e+58 1.9586539802762084e+41 1.0070685401742495e+41 9.515854403353311e+40 9.087170444105406e+40 6.421501992159041e+40 2.6656684478545147e+40 5.657270003337213e+41 2.687440075836595e+41 2.9698299329916093e+41 9.179257389395509e+56 1.7781397356198188e+57
415 0.71974 10.972705862438447 10.466475405049453 21.1265287399292 14.3195092 12.99115712 17.235204096 10.813704564550154 0.021888668287388058 0.037472745472384175 0.007195224545798469 0.06251121597861099 6.073098562976823 11.964589319006318 2.4558162521071636 575102.0 839832.0 20.027806000404375 2.5071027493932205 12.411822221253562 3.8928902922263453 0.36653715899504263 0.07022616176342145 0.011948111457651659 0.030516605940968083 93.89702022217081 70.38385923210517 9.15919532611715 9.722638186495066 7.699978636332067 8.671434555445613 10.357498355907454 9.472344036210522 0.38939061327701663 138.86067053945342 13.198920249938965 1.7187841485434585 2.6327829020449145 0.044940890328649966 0.02315427333116316 1.0656262351040237e+41 3.623689773731103e+40 0.9810068968855755 0.021807464742774105 9.17522102105439e+40 1.9503268002867833 0.0072389898465526495 3.1093891603354312e+40 154.45158454488947 24.779062000155058 7.218002183520047 20.576612573840787 7.041968544718845 164.91207182372204 0.6105178413223152 0.36452225361191665 0.11044589869187811 0.12320592210939767 2.4071693605839886e+41 9.271059392796004e+40 0.4366981663433256 10.796195488380944 10.503064035284895 242.36272961860828 176.51757466173083 1.259070276232026e+58 1.2459859317000733e+58 2.21756805382967e+41 1.14914054181343e+41 1.0684275119285695e+41 9.34913097927466e+40 6.23464172529306e+40 3.1144892549625455e+40 3.759871655161306e+41 1.912277702368441e+41 1.8475939545046443e+41 1.0444185934003417e+57 1.8664980753106656e+57
416 0.72134 10.975505351270476 10.467664538240788 20.94450545310974 17.4709536 13.737929920000001 17.04448768 10.813319354716212 0.021946856444666207 0.037584414733930295 0.007068038988836097 0.06078330897520019 5.5983948899976905 11.965438909473098 2.455959175533446 592078.0 848300.0 19.520070055751592 3.097692902572427 12.4108681044282 4.383349366365452 0.34048411614477464 0.07967487278195297 0.01202366734412916 0.03236276102639342 94.24192935704222 70.43428110800325 9.208849199592724 9.740364513843087 7.673839669744051 8.718829191129533 10.353977709901844 9.498367188304307 0.38630881415144036 138.81947691730744 13.377974510192871 2.413975270659636 3.0323338575968397 0.05956104027972942 0.024643113827668008 1.3020041163701273e+41 4.618429833858665e+40 1.5731151855639556 0.028664042532945536 1.1259557763568707e+41 2.2728692225972402 0.007413520426454976 4.0586858853151664e+40 154.435328944074 20.935537660085167 5.7148190548465765 18.049481804088728 6.140914632051076 121.18732757780798 0.5676394246580777 0.35335589211656193 0.10665052267401515 0.11877130662381455 2.2481719734576252e+41 1.140811146112084e+41 0.12459321245932124 10.795433485106944 10.504862643340571 243.17565406027057 176.31919423270708 1.2482009430944233e+58 1.2447481929941863e+58 1.83963188660096e+41 8.436016799055756e+40 9.960302066125413e+40 1.1448948404604818e+41 8.051403241054807e+40 3.3975451686099484e+40 3.373068055118532e+41 1.6191159461988604e+41 1.75395211040378e+41 1.1639962240987346e+57 1.9140079698926483e+57
417 0.72293 10.976508955210809 10.468962986462447 23.07984161376953 15.2618188 13.731770560000001 16.701431808000002 10.812947300948926 0.02202986905174299 0.03776537004793496 0.006954932937455944 0.05978913545774358 5.611462317567568 11.966442594879158 2.4560154657897573 612806.0 858248.0 19.15354171645423 3.380455509250772 12.312284904297101 5.258204523133733 0.32440177533315706 0.08033460311695237 0.011833562786246957 0.035403226787702226 96.0899470812605 70.31356524921844 9.12103493350363 9.722506079008552 7.791953734935708 8.654532644429501 10.358716981715014 9.524217155237595 0.38325979002116384 138.81806462286704 13.410566329956055 2.6962125303534568 3.7859805637539976 0.06120190380388262 0.02726938424324502 1.346100064913838e+41 6.619919872925395e+40 1.6969917768754987 0.025254973597553524 1.1260757809912277e+41 2.9817090037256726 0.00922004229378283 6.038229097335251e+40 154.40087139658056 20.89846707502836 5.816650818796986 18.667260438825206 7.591746099446011 131.61517716850474 0.5680336675042905 0.35887159589950623 0.10435416635909558 0.12763185159220103 2.5516032109126372e+41 1.4450436486012405e+41 0.095481515289822 10.794814974486012 10.506503256781038 243.22209246363158 176.19728529077116 1.2348841259524388e+58 1.2447771539882714e+58 1.892131538738087e+41 8.589165678045506e+40 1.0332149716258764e+41 1.44924630830135e+41 1.0227548043993723e+41 4.2649150386011706e+40 6.103187134132894e+41 3.111757988962541e+41 2.991429146422666e+41 1.2520543664014636e+57 1.9789201381321228e+57
418 0.72452 10.97751927036885 10.469459325551652 17.284455060958862 14.6234196 14.05682528 16.363964415999998 10.812813512918718 0.02210961491580085 0.037886767339035586 0.006881330257612075 0.05745753921667513 5.583491576152563 11.967399287360031 2.4560717487510595 635149.0 870085.0 18.613586045943833 4.607859051638467 12.149400477770392 6.335284606929505 0.3047064147280857 0.12418501146135914 0.011498906448307394 0.04025368383579357 94.91254543202349 70.05921004974407 9.116401390483741 9.730425931835667 7.6034979999123875 8.623965508742643 10.357942190629478 9.55005650209991 0.3802241484017004 138.80947910030207 13.449617385864258 3.758961501192415 4.723664889592449 0.09736206697533689 0.03153107122186378 1.938088539673995e+41 9.103803789635277e+40 2.20100223777142 0.03834357429973063 1.5791025148579249e+41 3.870809460163976 0.012231641707762631 8.498443518626015e+40 154.36072548991027 21.733468225000514 6.505788638096865 16.39330013168632 8.064411593603372 139.03052989015887 0.5585132518850652 0.39223123545647043 0.0991864306842769 0.1285759140887397 2.5660187449045794e+41 1.6018207963295141e+41 0.12299159938014843 10.794068755947542 10.508133077021462 243.3453604157262 176.13636889596555 1.2277860140409923e+58 1.2444271342895016e+58 1.6818250204988937e+41 8.253361099217813e+40 8.564889108950693e+40 1.6101937500519257e+41 1.1284496783627865e+41 4.817440714890256e+40 3.5000606241263084e+41 1.71349978315047e+41 1.786560831942483e+41 1.3853994133822716e+57 2.057527253996464e+57
419 0.72611 10.980057960142506 10.470631938925097 25.819664478302002 14.8770028 14.0364464 16.232326911999998 10.812054322479442 0.022165428531092483 0.037981166748973956 0.006792130720478072 0.057660289563895704 5.535206175878444 11.968354542422743 2.4561626519754998 657260.0 882673.0 18.195989508076256 4.4111276192637625 11.983486223484318 7.437879585585319 0.29024106888981616 0.11342897637150202 0.011397762890505418 0.044075021701365104 92.68363992448968 69.54029889227806 9.15201833727106 9.7037749152979 7.817873761158018 8.700259339850238 10.365558961378937 9.57588511735829 0.37720180137995607 138.7954664204585 13.519861221313477 3.6899794318430854 5.684699810860031 0.09448131890205219 0.034873734392204564 1.5379104395844475e+41 1.1692131081328456e+41 1.9381546928138742 0.029394137991143796 1.1798199526606514e+41 4.792069469028045 0.01521190517876707 1.1074625290187963e+41 154.33229527825407 20.060143340467203 6.371336742645337 18.353543962039442 9.077030390999477 127.50007673409316 0.5113561975397124 0.3739099036672036 0.10229211076367839 0.13245802729893064 2.094404709431185e+41 1.8123852731349435e+41 0.20616228423939345 10.79281167203744 10.510097567955917 243.85564606599152 176.04636939406242 1.2119862969472025e+58 1.236203165928684e+58 1.8572654006921687e+41 8.264815467094616e+40 1.0307838539752523e+41 1.819569393624907e+41 1.2890243552162482e+41 5.305450386209068e+40 3.8969115517327564e+41 2.141263120654727e+41 1.7556484331976764e+41 1.4158460655880092e+57 2.0649029374124954e+57
420 0.72771 10.981068999922169 10.470555244692877 16.193182706832886 14.8991908 13.56583296 15.871911168 10.811894282155498 0.022240369967918568 0.038179576730968307 0.006704160786151874 0.056782612152304894 5.5274212131335165 11.96930703700216 2.4562124242510532 683177.0 895285.0 18.06149342863415 4.2711870016038525 11.778074427559789 8.474405607730903 0.2750448255345405 0.09805586988128193 0.011148720002258843 0.047979347149679025 93.36665833655462 69.52693688152094 9.040188194411352 9.743318490053454 7.609251362535532 8.56775919440238 10.357033681480335 9.601865231748953 0.37417377801596796 138.78696519713517 13.590354919433594 3.402732870890311 6.578079296127205 0.07812477683029624 0.03834139409226726 1.3014368549487687e+41 1.3890637851801316e+41 1.7038109858406363 0.021475180653468894 9.661079811875527e+40 5.671146276109221 0.018631611030053043 1.3276215883390766e+41 154.3014201920114 21.20356475524937 5.24161515260189 15.847160795332787 9.435452472985915 124.91260129607706 0.5477581565598643 0.3352863752553218 0.10315072392863578 0.14637358916383908 1.5922963785980439e+41 1.8336372325226002e+41 0.12329053137070675 10.791999352802383 10.511261615675572 244.0561925048337 175.92094597727302 1.2016646684244596e+58 1.2306819802260867e+58 1.6107320922084907e+41 7.604803441235698e+40 8.5025174876951e+40 1.8390723562415585e+41 1.2957339870941863e+41 5.433383695852104e+40 3.5873004723702305e+41 2.085449542367968e+41 1.5018509221417134e+41 1.4868820134494235e+57 2.0977106026329176e+57
421 0.7293 10.982817428769089 10.472423768284223 14.878542184829712 11.2309152 12.501082560000002 15.342643967999999 10.81098015955625 0.022278302795585885 0.038268519632408 0.0066304515813399596 0.053984436202288946 5.6849306005005 11.97016932491655 2.456273008888539 697065.0 907291.0 17.775360151098415 4.1185997489219615 11.563545032822253 9.29527959266697 0.2677126626086626 0.09589033006058596 0.010930371760829893 0.053390952995015714 94.63569072573101 68.23134349374047 9.074823477036142 9.718650894457488 7.531322721771235 8.586229208416402 10.366241118150866 9.627671983494578 0.37117784176607715 138.7636118980043 13.667400360107422 3.3903592581297968 7.26070821682055 0.0735731748190893 0.04314902465611921 1.3916517354808416e+41 1.5243790915128594e+41 1.8629245503018668 0.02458126187505574 1.0766549243572294e+41 6.345371227438483 0.022862002914309152 1.4632311688353628e+41 154.25680775740906 24.244118994137416 8.332248729602126 19.578954302327784 11.210318943605953 135.09950433434489 0.5179773110033128 0.384889409547847 0.10936151040701798 0.14507147780331753 2.768107281635898e+41 2.0153440966365556e+41 0.2597539728631012 10.79026529924631 10.514433338299941 244.44381866190034 175.79886362173954 1.1907029035028104e+58 1.2235849944729947e+58 1.9939230553190284e+41 8.887185949349833e+40 1.1052044609409875e+41 2.0170579469521355e+41 1.4620417287431315e+41 5.550162189727692e+40 4.074012420632751e+41 2.2626121055143294e+41 1.8114003185472832e+41 1.5422363032931498e+57 2.103722993432223e+57
422 0.73089 10.982981172126076 10.472652253871853 21.665005207061768 13.725223 12.25401472 15.161151232 10.810711887409264 0.022357847179895914 0.03827896483228226 0.006588639060240564 0.05530654802721839 5.738574590187111 11.971074210912832 2.4562600271776915 710443.0 921610.0 17.861104525029926 4.358972949764027 11.428133438822115 9.823348520748228 0.26926389292450276 0.10236189438289262 0.010827589008157478 0.05637506897911585 100.17851077772535 68.93190695595865 9.1475749057205 9.699335064031457 7.671505806873865 8.677477593991172 10.371322345914981 9.653467673629095 0.36819494041511036 138.75914855907567 13.679939270019531 3.6672860322575245 7.666034379679048 0.08094572928332881 0.04580308989652464 1.5274503840941103e+41 1.5605327945522308e+41 2.022053119706349 0.03034164842330301 1.1923840260292332e+41 6.74700157304892 0.02544370077062296 1.4992114464385119e+41 154.2025055698759 20.955420981575344 5.565876480302758 14.762835476274306 10.51529332804309 139.90349782421228 0.5403800295092639 0.3375315498328053 0.10371520427241146 0.15129806481383304 1.8731904534704373e+41 1.8689491663170963e+41 0.12909005186232908 10.788882573319817 10.516709532374321 244.42618798938918 175.7349539160065 1.1776634186672413e+58 1.2201729938556506e+58 1.5203236467674146e+41 7.550327458967875e+40 7.652909005610317e+40 1.873700006567776e+41 1.350905490037211e+41 5.227945170387516e+40 2.1833317686318178e+41 1.144550567491621e+41 1.0387812044576957e+41 1.5699488026496902e+57 2.1436084074700765e+57
423 0.73248 10.98558356502256 10.475133725589632 18.31499981880188 13.8754248 12.231147199999999 15.10315904 10.808609543580186 0.02240587669604692 0.03830305437207296 0.006481211610265184 0.054639690087081555 5.627704978701779 11.97206497161618 2.4563508910057834 715248.0 932980.0 17.902719218372223 3.3628635263076636 11.245963857163481 10.16126986335211 0.2710975139285633 0.07877271680986614 0.01074203679970683 0.0593639629657247 102.39928744610596 68.50296107121011 9.130999079037615 9.689827136794133 7.593892403911468 8.635130425207269 10.375708703639033 9.679252194132234 0.3652249890782 138.75214292503898 13.76337718963623 2.894629967820195 7.883539769119318 0.06527707967421281 0.048297786944778036 1.0918274225786297e+41 1.5439817546783644e+41 1.5362238992968233 0.022153133641239064 8.180635176981784e+40 6.963556122165179 0.027359285372333318 1.483510829174713e+41 154.15350069204925 20.690180578790752 6.040857922481426 15.118507872584344 9.629706493407467 150.70814697527487 0.49403772780770966 0.317515811783067 0.1065513689630137 0.1486812813176897 1.8511393506777493e+41 1.6328582005169809e+41 0.3205294972836483 10.786846787625626 10.518627490723564 244.9645725279351 175.6854496520755 1.1573382319590926e+58 1.2110097616246148e+58 1.5810432999099198e+41 7.592814665334726e+40 8.217618331188754e+40 1.6352373008917218e+41 1.1831721995444691e+41 4.520651007923031e+40 1.6126109884417887e+41 7.160758377822802e+40 8.96535151536757e+40 1.5303630962140711e+57 2.139716157887079e+57
424 0.73408 10.987238191819836 10.477374469767199 21.934404850006104 16.4848038 12.4691072 14.83955328 10.806542482860218 0.02248675057479377 0.03831016237774618 0.0063658397922864126 0.05448573436060777 5.600117157075024 11.973031096006217 2.4564849885878663 724454.0 943950.0 18.4049974064769 2.5219717586145953 11.02849513026239 10.37487768641571 0.2732210703193613 0.051244101399576164 0.010762443047402608 0.061683506717785754 102.88284281670494 68.48249901652245 9.174052025842862 9.696963569508677 7.699010487380736 8.712728870671436 10.37586921438427 9.705187497816395 0.362249346120314 138.73367865694905 13.817261695861816 2.1962958825161705 7.979890114261216 0.04340681268102014 0.050222385913594486 7.456456990223712e+40 1.4995629298389013e+41 1.0480807221063753 0.012702512577627383 4.991467054561182e+40 7.050741604733205 0.02878309218384818 1.4386602772415136e+41 154.12279615562525 21.542845026667376 4.13263861906699 15.280653556663973 9.432955258426379 124.31863303729249 0.4987810315434775 0.303477983338842 0.10233456171373628 0.14591327102010213 1.0538040148025515e+41 1.5297233033984225e+41 0.29533050333535477 10.785131755767996 10.519811699676854 245.09318756645078 175.59464323770217 1.1356758423531765e+58 1.2042505928860504e+58 1.5829709702621264e+41 7.28071136115408e+40 8.548998339874953e+40 1.5335429204589852e+41 1.1109057525614425e+41 4.2263716748697905e+40 1.101575544669444e+41 4.426835324261356e+40 6.588920125552185e+40 1.4604463160095903e+57 2.1773888129897955e+57
425 0.73567 10.988419649823863 10.479670660813913 17.32105588912964 15.150410599999997 13.2490864 14.594659839999998 10.804660519507983 0.022556782386727932 0.03837915359376654 0.0062476666004621095 0.05393125113044816 5.507718426943611 11.973864347355835 2.4564655253786256 732374.0 953459.0 19.326242747760578 2.126123992030625 10.826447177354822 10.45168578530018 0.278010466411749 0.03224277571596317 0.010579087442407839 0.061146745625208006 103.67055435948815 69.15782891554231 9.151958948431545 9.70871668668083 7.5976655848963786 8.677655255259166 10.374810240840521 9.730949286547963 0.3593051232210094 138.71979306214385 13.848848342895508 1.7888605866045895 7.965463200165988 0.026183193025874272 0.049477760093159316 5.396643256471835e+40 1.4324787535294898e+41 0.6374893125631188 0.0055847291001954414 2.7634784375161017e+40 7.000513431780217 0.02754817724344901 1.3685273704028635e+41 154.06890715055943 22.579978123030948 3.95982519188662 14.288713361992633 9.356609098209574 125.98782182392651 0.5093914631799662 0.2669142540237651 0.10101730426541511 0.14506157915676599 9.453677532344057e+40 1.4811179134750328e+41 0.49006806500902905 10.782986267084201 10.522201413446046 245.28988042894463 175.56785989663888 1.1146791530042018e+58 1.1989292519848852e+58 1.4943775806754068e+41 6.972533798411944e+40 7.971242007190789e+40 1.4867455525382939e+41 1.0697044210183302e+41 4.170411321019348e+40 1.5147807314676732e+41 6.117489578004771e+40 9.030317733355374e+40 1.390295345869586e+57 2.2404833735018948e+57
426 0.73726 10.989811867741366 10.48152576658102 14.442363858222961 15.764919200000001 13.708631359999998 14.167373568000002 10.802690420305137 0.022635263695173654 0.0384360626382204 0.006140124248838605 0.053529480728373026 5.519127489540822 11.974608121063033 2.456426596343176 741686.0 963777.0 20.00389795962452 2.0958157367800725 10.66172568698558 10.542479155118945 0.2838625523316775 0.028253727843409192 0.010582895910819559 0.05989485775060052 103.8329243156779 70.4778575075484 9.097827385169936 9.71961523996592 7.517206468073816 8.622811375301866 10.372834427219896 9.756699586137426 0.3563735995442585 138.69505298153774 13.884759902954102 1.6804092804037258 7.966835600999468 0.020281383039869573 0.0481308369706338 5.009058374398115e+40 1.386079655042074e+41 0.4565662646634644 0.004187130594805032 2.0986360940587746e+40 6.975251663356577 0.026321437162975102 1.3199776662839243e+41 154.0218822028576 22.881641876076753 5.482918498243682 13.731207318414084 9.83551898367529 134.379098048515 0.5172636145589584 0.2568554790958108 0.1061932774837573 0.14248473168490625 1.345469995762965e+41 1.579503732001015e+41 0.6963857286587726 10.780436388751088 10.524747597290611 245.49042912865528 175.5340814512809 1.097481201951207e+58 1.2016127916596925e+58 1.4379528457399627e+41 6.90712742271894e+40 7.472401035063012e+40 1.5873064684548918e+41 1.1500250366463382e+41 4.372814311100628e+40 2.2715172191666592e+41 1.0820088416425828e+41 1.1895083765875478e+41 1.3550307220428383e+57 2.328131873231441e+57
427 0.73885 10.99096604230126 10.483540966101728 21.364320278167725 14.3609508 13.694864959999999 13.92022272 10.800699739581182 0.022701454527452525 0.03848465917980587 0.006049301253319099 0.05268596566228888 5.636450189933523 11.975525414711209 2.456480663505637 755504.0 975832.0 20.287382126733625 2.339884897652494 10.530766323667324 10.713401401736716 0.2817316734476785 0.03227027908778248 0.01067205352143638 0.05927616017317238 104.13152750067813 71.15364297171938 9.134694238806208 9.692629185388059 7.622851490989078 8.665926188255465 10.37981236931486 9.782438292034415 0.35345469310414823 138.68349604671107 13.905815124511719 1.7548263290653514 8.042140956597343 0.019329838386811696 0.04738878617195746 5.512732345692422e+40 1.3683128463909212e+41 0.4742066753357851 0.004147165698065854 2.379090928143977e+40 7.043269463444786 0.025523287830506905 1.30208886144617e+41 153.98895440843793 23.924310284204097 5.100636013436731 16.865494493491383 10.777383290928963 151.744105792092 0.4880650905756728 0.2574265760001538 0.11353537371830151 0.1493557231591553 1.2653817863184483e+41 1.7323744894509314e+41 0.533941764450239 10.77790887307621 10.527342537293546 245.5771801280576 175.5267661801584 1.0866079451394807e+58 1.210109061330032e+58 1.7398725407498547e+41 8.224990581270464e+40 9.173734821474252e+40 1.7404960111767569e+41 1.2633435249506024e+41 4.771524865810159e+40 3.936764543084079e+41 2.03471869030695e+41 1.9020458585513174e+41 1.3771286081229084e+57 2.4247245552052483e+57
428 0.74045 10.992879239480322 10.48343225163907 19.240137815475464 14.6785076 13.417736320000001 13.859773696 10.80002199596999 0.02276399010439655 0.038590466027157495 0.0059898287173140675 0.05332950562892282 5.629429882451683 11.976636672859081 2.456616882908963 782294.0 989718.0 20.32434062418922 3.6194932014591843 10.48548972682791 10.882742043111698 0.2724219564224069 0.05278285081451827 0.010565086362492402 0.05903137006021031 103.75303190550841 72.26468533077824 9.117195510955742 9.709991842133185 7.629942292292232 8.654531620679757 10.375871179568952 9.808327068399123 0.3505300830575999 138.6891768848329 13.942229270935059 2.7910157064246266 8.133777765105265 0.036097285626922306 0.04697339741553226 1.0400573937802064e+41 1.351588212671294e+41 0.9388023529109113 0.011263678163659132 5.995277048149322e+40 7.125303670817945 0.025145736832519708 1.2847765421932215e+41 153.94049458362187 23.32513616697202 4.273047662581918 15.384835290662172 8.785763058839965 169.84409642395738 0.5032262335008518 0.26939251331113395 0.10530710206097554 0.1467538126047783 1.4310740649642704e+41 1.2752773588909334e+41 0.17889908256880735 10.775516025126716 10.53021311932284 245.74340398978842 175.58307403044225 1.0821388798534526e+58 1.2186766443501521e+58 1.610947089148162e+41 7.883474876844159e+40 8.225996011450856e+40 1.2794992867994103e+41 8.9364169605183e+40 3.8585759013538905e+40 3.3509497042515755e+41 1.957519903938654e+41 1.3934298058871067e+41 1.4806410918338289e+57 2.5439007292986344e+57
429 0.74204 10.99454951174089 10.484263206927652 23.023347854614258 14.719680400000001 13.307336320000001 13.577954559999998 10.799028948346916 0.022833647439167895 0.03864921714136596 0.005908456774385451 0.05400649130566867 5.68567014972973 11.97794040536122 2.4567746710210536 802895.0 1000010.0 19.716197728888794 4.337835544919396 10.355918537233437 10.986025902342195 0.2560002010637123 0.06312429298655937 0.010379024217769527 0.05877321709057815 99.68698428389217 72.39645971062012 9.156771075431948 9.69798297811879 7.682410601024618 8.704209775969385 10.37988141402521 9.834042202155286 0.3476362460244731 138.723409173564 13.907913208007812 3.5065393875525053 8.183777685694151 0.04811751177837973 0.046575168254078474 1.3910113633195121e+41 1.3304528287796794e+41 1.5468952063373222 0.018387962815639276 9.526152824263052e+40 7.163515241380072 0.024547222247297478 1.262584002511066e+41 153.92472734269103 23.233819351577047 7.239741939769961 16.534501822186915 9.558930063616037 184.65827618340734 0.4520925264533826 0.29705973987403755 0.11205029025746777 0.14290994865697587 2.4332160342392242e+41 1.4389423943408876e+41 0.403480922954816 10.773190626789566 10.533182943415321 245.79623747139186 175.6191834011264 1.0796861794937822e+58 1.2181848386876664e+58 1.6969545217713269e+41 7.895875517379374e+40 9.073669698374754e+40 1.444708696611543e+41 1.0318914373597655e+41 4.1281725805503206e+40 3.3484159068080646e+41 1.5367601816620626e+41 1.8116557247270482e+41 1.6037163510299824e+57 2.566230305349017e+57
430 0.74363 10.996419118901922 10.482689235396165 29.795841693878174 19.2075536 14.014240000000001 13.582431999999999 10.798579320397868 0.02293884640367805 0.03868981420527738 0.00587278445168266 0.05568177024100713 5.5321385877015485 11.97926229935027 2.4570144856070013 826650.0 1012842.0 19.228240564787864 4.710432566777589 10.211622446343702 11.018419191372878 0.24356207901860114 0.06250031774284204 0.01010866050474982 0.05862121634824175 94.35154018776 72.53765854924467 9.172831039340956 9.704614119159894 7.8774617434397 8.76300703913243 10.376629362362927 9.859745433073183 0.3447547839651439 138.74776633334434 13.88139533996582 3.8297108983447767 8.171187627435215 0.04624814918226777 0.046297850677143475 1.3624544476834832e+41 1.2927008190864979e+41 1.701760043818104 0.015185149992836811 8.867463971810002e+40 7.140687367476269 0.02417404936557804 1.2237695436383167e+41 153.95071144109383 20.787704145639832 5.331873928489304 13.180158951947856 8.746658075050687 153.07480641352197 0.43641590768570315 0.26307607418866236 0.1046743166816201 0.14800978678968452 1.6334643440206528e+41 1.2081826954107872e+41 0.2223336676696757 10.771486820361222 10.533905045378427 245.7335929732852 175.73298433703013 1.0730200940917665e+58 1.2194780780597378e+58 1.3941835224883183e+41 7.027494515352652e+40 6.914340708104994e+40 1.2146658792682014e+41 8.468631369962148e+40 3.678027432828254e+40 2.1736700954757795e+41 9.618509832442653e+40 1.2118191131279348e+41 1.6688403712929632e+57 2.5734460633557673e+57
431 0.74522 10.997380644192216 10.486004616304264 19.852187871932983 12.9912114 13.76713488 13.580568320000001 10.796213422160546 0.02300702103058525 0.038694221658986186 0.005787567379370272 0.054906019603629584 5.503385288707938 11.980536187546619 2.457150537702483 824946.0 1022977.0 18.74915593415399 4.0989186668656155 10.086171703456465 10.973872831453583 0.23375542083491002 0.046346600794441674 0.010021380441676003 0.05874502277587027 91.47428914040783 72.21678890332336 9.107873027197385 9.719576316414202 7.631113214146682 8.652541413965771 10.376123405040822 9.885436660027667 0.34188561766994985 138.78135338937273 13.87214469909668 3.4755305799955685 8.089396423287482 0.037618607910352896 0.04621688834257869 1.0876582298856218e+41 1.2427184105168512e+41 1.2688069306634882 0.008324338459581469 5.906886791684847e+40 7.035506946074744 0.023533458174490002 1.1722142751687134e+41 153.93372232608328 18.799822511990634 6.46967087071633 13.804833031959502 9.25135089950346 162.45705357386177 0.40501745083340557 0.2602695443465976 0.10986707223894379 0.13942077519900037 1.789488589944117e+41 1.317399727640434e+41 0.33154486586493986 10.76940377179636 10.536108543738647 245.75752169714164 175.86524077314962 1.0609743193183605e+58 1.2128588513127192e+58 1.4304601118108123e+41 7.019903500536374e+40 7.284697624429873e+40 1.3268695736860186e+41 9.54712059562759e+40 3.7215751416056303e+40 4.57754957724677e+41 2.6307022906749796e+41 1.9468472776045377e+41 1.651069780376442e+57 2.494749356318049e+57
432 0.74682 10.998305290139369 10.488542565675363 16.359484434127808 14.9728004 13.690807040000001 13.464480000000002 10.793994216966968 0.02309079716771007 0.038647560654063016 0.005699519272777707 0.05328988562959359 5.559213558399169 11.981763770013027 2.457275754342264 821502.0 1031964.0 18.164301400320927 4.938735432032676 9.997895496451784 10.806989860177922 0.22393370222944323 0.06263609370126336 0.010023639859792493 0.05738194437960866 87.92900719307113 72.13242319804868 9.113783796615415 9.713357182621952 7.59608846445182 8.657448185969157 10.380314445611912 9.911277248143877 0.33901073886612565 138.80866655938917 13.850543022155762 3.9022938381988963 7.8973718467397696 0.04426895344144321 0.044856282669890835 1.8744023200753404e+41 1.1736709863881472e+41 1.7714523485849585 0.0187836337357883 1.3939186809392867e+41 6.822728186631961 0.021905976515646974 1.1012657356539373e+41 153.93364720547814 19.192887791748653 7.195247478844548 14.188896153694817 8.487131084376525 168.56046962608062 0.40312266004212066 0.2761772910914314 0.10971672430054125 0.13448909233966874 3.2133823850117596e+41 1.1538185467332388e+41 0.29343927605804776 10.767898184297328 10.536918769129526 245.8334979827007 176.13870933265554 1.0633070461215686e+58 1.2141742781054749e+58 1.469835030808486e+41 7.224684138544501e+40 7.473666167939561e+40 1.1625356097034217e+41 8.309931928674773e+40 3.315424166400742e+40 6.4973129775582015e+41 4.27670923561863e+41 2.2206037416857375e+41 1.777266642848806e+57 2.456312895612313e+57
433 0.74841 10.999202316244228 10.489558200340642 14.97005808353424 12.9139938 13.23951936 12.948215999999999 10.793044393423479 0.02315710838766339 0.03868003911343916 0.005655369635270836 0.05181068001998529 5.573458311111112 11.982902316011584 2.45746351163537 834066.0 1039384.0 16.998756291607368 6.556421335956013 9.918344658341598 10.573385319455452 0.2078322506163358 0.09523911187273262 0.010004677398912398 0.05564602025773428 84.63580545586824 72.00508602140336 9.059490804760735 9.717371800716947 7.515045159885112 8.5784981135352 10.38256343834465 9.936944090118736 0.3361660052644939 138.81300495265586 13.837575912475586 5.598074536765352 7.648447719850369 0.07600580691778457 0.04316093166580267 2.6862898679935996e+41 1.0996486093844055e+41 3.2623919509984813 0.03480566240525701 2.173036192789597e+41 6.535743279796848 0.019861576220915802 1.0242155664266895e+41 153.933899570443 18.442618941936132 9.138872939025685 14.198310958262732 8.361318069660095 138.22318215615041 0.38269006152718144 0.2959525781810566 0.10872346188019855 0.13543796055268276 3.578009702250099e+41 1.070104319729166e+41 0.2849455740398439 10.766682568325033 10.538177851929852 245.84538074735468 176.3972897128506 1.0777061614069275e+58 1.214946308881014e+58 1.5032878126692522e+41 7.529809999181346e+40 7.503068126728683e+40 1.0778812074106245e+41 7.650974702409202e+40 3.127837367844025e+40 2.092865877252722e+41 1.2354742581818647e+41 8.573916195027858e+40 2.0141892757089668e+57 2.3989040788614037e+57
434 0.75 11.000162398270716 10.491608155213243 20.033193826675415 14.514112800000001 12.28531136 12.396575232 10.791340677345428 0.023235368718263646 0.038587094900410186 0.005590715488967762 0.050367014808778324 5.586131612381613 11.983887674507768 2.4575282367128986 827324.0 1045780.0 16.474135856295394 5.440358756317854 9.819946059408768 10.340490316332167 0.20422771998894057 0.06934727033438874 0.0099334968842505 0.05387696019677737 84.4050985613213 71.48523384826453 9.136983341683743 9.687264926949718 7.647484068753164 8.687596103123497 10.391810146804614 9.962598629212282 0.33333333333333326 138.81283743355615 13.844873428344727 4.903049576068004 7.401022240950317 0.061366067940854876 0.04137709079946744 1.883482333123249e+41 1.0279749489597576e+41 2.736425020171836 0.02116652314355578 1.4323998280978201e+41 6.220083545867064 0.01769648158415402 9.472227320319786e+40 153.9074221607736 16.940453248046715 7.127539661091072 13.534174219370987 8.009727759201413 123.52804301468916 0.3722273927089683 0.2814206227289855 0.10577954577607536 0.13400823826955757 2.2731943779936047e+41 9.89894769844508e+40 0.2530899194920059 10.765993511210254 10.538122317212522 245.90459946071607 176.64306602655097 1.0703338734807521e+58 1.2050609783170812e+58 1.419649180688944e+41 7.066113520630046e+40 7.130378290274057e+40 9.938723806661596e+40 7.063563029903374e+40 2.875160777707634e+40 1.3169208213048128e+41 4.933822229613054e+40 8.235385980269836e+40 1.994440462444703e+57 2.2148707352977008e+57
435 0.75159 11.001364482410295 10.494023307667268 20.41978919506073 16.6022617 12.86431388 12.415753376 10.789058598927008 0.0233257782036462 0.03852534091165672 0.005483663294764979 0.04951523844803006 5.533182778239777 11.984657435383117 2.457472142203069 814831.0 1049103.0 16.68159771667638 3.9818496426430054 9.693268373166893 10.054110118391101 0.20533742073939765 0.04065710773662828 0.009856437654630762 0.05115794797164072 84.30025745118493 71.13493537449885 9.148076435127079 9.697892024472964 7.683964834859282 8.712783132415474 10.391740272982112 9.98824076767814 0.3305126465227053 138.79783579196132 13.863393783569336 3.4537743208402607 7.116929506301153 0.03542084030583709 0.03879901172888525 1.149713309420846e+41 9.571678742451676e+40 1.748641791060616 0.009540013603459845 7.899492638448225e+40 5.870590506078066 0.014565949296247606 8.72025185926406e+40 153.88004877519862 17.509926560222745 4.823195892755067 13.409853048834465 7.855062736843195 116.78323461852843 0.3785055433858776 0.2366281196775384 0.10630940878911217 0.1328158211744602 1.3432030216224275e+41 9.495069655453668e+40 0.2735050597976081 10.765141027788355 10.537659433648273 246.00449883048208 176.8581683311295 1.0549721053134932e+58 1.1991051990637254e+58 1.3958887241550945e+41 6.98146438427573e+40 6.977422856892305e+40 9.557176809585562e+40 6.811540524999061e+40 2.745636283923338e+40 1.5824379603628948e+41 6.18847417508891e+40 9.635905435705642e+40 1.898605631542452e+57 2.089453547447421e+57
436 0.75318 11.002480413051371 10.496010419176224 23.188504219055176 15.915612799999998 13.0164784 12.505528832000001 10.787157981214055 0.02340873738372468 0.038525733615333915 0.005387041166986507 0.04658421247509261 5.4803575967290366 11.985340737061662 2.4574462499854177 807360.0 1051721.0 17.588076477491928 3.1688832560299485 9.548817322922975 9.784705835981983 0.2140720124053458 0.025766960812040128 0.00975283513735235 0.048645206951803834 84.52495073391582 71.0389965584629 9.159513207435165 9.710270215286538 7.723055756425288 8.72822641359209 10.390213894421867 10.01387040860586 0.3277038689290741 138.76450740609468 13.904417037963867 2.5736898686521306 6.849979225500902 0.02083585556377184 0.03645148084853325 8.169144479394959e+40 8.939161611336342e+40 1.1661343343563502 0.004715798674897964 4.983333604385944e+40 5.539456775330654 0.01216037037893741 8.042915138759658e+40 153.83611443873988 20.93289894003935 3.549970042916251 12.700959647299536 7.138984769122558 117.50819283264906 0.4247431909757947 0.21888045616577775 0.10339932683926757 0.12983647216639696 9.803370149504451e+40 8.221082922119454e+40 0.15024348324262388 10.763763307321017 10.538399363900954 246.19902265660872 177.09430477723066 1.0425467704972811e+58 1.2001431742906236e+58 1.3231067997489172e+41 6.768518040735388e+40 6.462549962804116e+40 8.279190460300035e+40 5.868554598468579e+40 2.410635863531919e+40 1.9989226320066602e+41 8.874863849271395e+40 1.1114362466290804e+41 1.8259527080584304e+57 2.0490508929256537e+57
437 0.75478 11.003848162256793 10.497684862177449 23.7223858833313 16.5677014 13.782127599999999 12.620286400000001 10.785232069986849 0.02349023943410846 0.038514831283341 0.005302317679240009 0.04573016631287617 5.491617653513513 11.986044048117236 2.457416040447003 803347.0 1052451.0 18.510014207854443 2.798804750046445 9.412731592018565 9.528574200710624 0.22359029970767805 0.02311218845556958 0.009720628903762593 0.04667259725006234 84.58520084302612 70.91341103872546 9.160585666182627 9.7338125568249 7.710935913480567 8.731419720026942 10.385523853485195 10.039648529369364 0.3248893717374599 138.73446263332914 13.937341690063477 2.2321917078579263 6.603686744908223 0.017115126518734848 0.03456467646613389 7.268714772051261e+40 8.399435340460215e+40 0.9583935934773996 0.003882582715058778 4.2719282580544205e+40 5.234217459662828 0.010335624828844977 7.464945665627079e+40 153.79139237686022 23.012524533138027 3.693210262838828 13.05946185997217 7.238162742468227 121.79102794514853 0.4204186476372889 0.21684078553294733 0.1046215417706835 0.12935930281872846 9.714101338720394e+40 8.303095999284217e+40 0.26029937740098025 10.761482908367856 10.54033080837031 246.4016577896133 177.25058637508693 1.0342002679678135e+58 1.2016019214171086e+58 1.379009146695851e+41 7.188003501788268e+40 6.602087975535849e+40 8.375630707056532e+40 5.895824283917957e+40 2.479806420048982e+40 3.072453890275007e+41 1.5942150420375012e+41 1.4782388462419357e+41 1.808453628746414e+57 2.0363984824013727e+57
438 0.75637 11.00553816507277 10.497983390246235 22.166738033294678 17.469658 14.41884064 12.529576448 10.783974596614032 0.023567519837771774 0.03855963954908224 0.00523359608790714 0.04547193997832102 5.546081860189036 11.986767269736331 2.4574095667010827 811723.0 1053914.0 19.274396740586162 3.2376375048822306 9.299240336145846 9.327304369403784 0.22818437809394657 0.03359198133454882 0.009792582405824512 0.04451696779562058 85.38932029925432 70.74273549430659 9.147287507065046 9.720354882140407 7.751066817631094 8.721202355184206 10.387233591200467 10.065252807714229 0.3221042611420337 138.7050420664435 13.998010635375977 2.4076045327190005 6.410421943974776 0.021434448802564853 0.032604077768117 9.210760401144262e+40 7.980475130797285e+40 1.1461520629512396 0.007759889008043806 6.244822023648863e+40 4.990513648211244 0.00916040243542542 7.012577501002713e+40 153.7434678829343 23.078511824053766 4.467738828555856 13.225329606300761 7.017652946850071 117.9591819913903 0.4069398602743038 0.23347150195069447 0.10776879330777471 0.12429664899412797 1.5380607722286892e+41 8.009162086257808e+40 0.14179412980570483 10.75889416173656 10.542683040201558 246.68783601053934 177.43140716974372 1.0342731814208498e+58 1.2088440980976432e+58 1.3604556187592915e+41 6.901414128898763e+40 6.703142058655788e+40 8.095494396726993e+40 5.814657416038011e+40 2.2808369748449414e+40 5.5752234311842676e+41 3.3876766598237255e+41 2.187546766260891e+41 1.883634742983464e+57 2.094440855777623e+57
439 0.75796 11.007183929224327 10.497071991011486 22.277753114700317 16.2683452 14.31579456 12.293967104 10.783616546534134 0.023637721116313595 0.03866431396903079 0.005206136136033355 0.045331356168777176 5.5145628426287825 11.98748992572476 2.4574009348897428 838892.0 1052521.0 19.193306785153503 4.8443355543256414 9.216389293596215 9.074593592520499 0.21838624580932153 0.06517720636747316 0.009839493488826814 0.04256117763652937 87.85521411810012 71.02333263462046 9.16028001540901 9.735387362103681 7.69178187482465 8.742148973763609 10.382857202270147 10.090844302183655 0.31933083540028506 138.67618838748362 14.061598777770996 3.65092327176375 6.182403376289677 0.0429898236558179 0.030796542787959805 1.6144970101746066e+41 7.543279956259215e+40 2.0878999966544356 0.016841006816547214 1.2439309961011984e+41 4.720589227782494 0.00802493017820045 6.545245415922704e+40 153.68880307563887 21.393290790994005 6.352752593055496 13.761388038652159 7.1860790516572655 117.20876992391877 0.3812313098857588 0.25259393120145884 0.10747204562503715 0.12656297323247334 2.7612149545640163e+41 8.014045105753708e+40 0.10988801221684907 10.756503336660687 10.545153284542218 246.88274316292356 177.5317198881753 1.0494954555071679e+58 1.2152101412628532e+58 1.4090676621051027e+41 7.11609983735853e+40 6.974576775161094e+40 8.107013985720131e+40 5.788559848282311e+40 2.3184541307408326e+40 6.3892063576110236e+41 3.814094989802437e+41 2.5751113718482943e+41 2.124463894564449e+57 2.150306381876818e+57
440 0.75955 11.008400364786857 10.49711074065392 16.784122943878174 12.649449 13.72840096 12.10308608 10.783307072744577 0.023689389821725738 0.038750540044828266 0.005190391250532268 0.04526443149657676 5.525554302899051 11.988210745551143 2.457355615065312 864611.0 1049929.0 18.874035322022355 6.346404282783685 9.147783194723926 8.821146870664426 0.20624868797748933 0.10003957868961437 0.009962836490024695 0.0410944585462434 88.84340698725212 71.41678412386699 9.031143414466841 9.727195724394218 7.528158381053132 8.581481773959275 10.384725714638611 10.116422919185656 0.3165690211309329 138.65320907381533 14.135588645935059 5.203875906453532 5.953947235845985 0.07625555628796958 0.029394119721726873 2.9094555472079625e+41 7.116136231128511e+40 3.3428426816546692 0.03993980062096849 2.4735949205533605e+41 4.4398159592024085 0.007053426312885957 6.078905789698205e+40 153.63154308291254 19.708013686557152 8.826290861408616 13.532419825019248 6.410326489517012 121.68365359341038 0.3655015879174093 0.2871872209578558 0.10517038742233425 0.11821681358742277 4.121740394072775e+41 6.928148600134043e+40 0.14773507206588882 10.754858974369897 10.547317186907312 247.03191139697367 177.59929384479338 1.0635992736870566e+58 1.2217701949072304e+58 1.393991961803094e+41 7.144880649325571e+40 6.795038964010607e+40 6.992917549222226e+40 4.931006224671972e+40 2.0619113281730283e+40 4.1873915510023645e+41 2.2502996734848555e+41 1.937091877220307e+41 2.3526722199728353e+57 2.1899016929904433e+57
441 0.76115 11.009486212855709 10.49824105581783 24.748419761657715 14.3076492 13.11647296 11.933707007999999 10.782368183709396 0.023757572600605428 0.03863565417565513 0.005174703288654533 0.04573509963562777 5.493676951117783 11.988888483743338 2.4573340325342157 867744.0 1045920.0 18.239684625705948 6.354674563957369 9.088142411446448 8.559949117142565 0.19810546316996547 0.09975278953908358 0.010051862184563162 0.039565682469391905 91.0221103288464 71.9599069776154 9.138569456860195 9.7085865715085 7.796817893005574 8.724309517106002 10.390348515554193 10.142149314941607 0.3138014845956776 138.6189625379454 14.181108474731445 5.359921128292897 5.719676684685577 0.07951861226321898 0.02798809063751771 2.5864826187739663e+41 6.692451423769622e+40 3.357365872119851 0.037315994875997086 2.116796944796395e+41 4.156835055566619 0.0062059835923963655 5.617121866940088e+40 153.57921229642267 19.434997852149426 7.0281444143583744 14.368120027840583 6.147821471523345 123.15321789341897 0.3635010827432154 0.27926718189634203 0.10310360622972677 0.11765875039661933 3.1203075155038593e+41 6.38422395419459e+40 0.1607090450196631 10.754102782071229 10.54792840421528 247.111932399205 177.64425347467247 1.066073937017415e+58 1.2200801525983718e+58 1.4800727719713428e+41 7.373984251181227e+40 7.426743472092207e+40 6.450245623820924e+40 4.51132582429068e+40 1.9389197929769387e+40 4.201473929351598e+41 2.5593683356508377e+41 1.6421055952506455e+41 2.4041202785174455e+57 2.0809322315184174e+57
442 0.76274 11.010752229852406 10.499433561852852 20.765400409698486 16.9075904 13.1376512 11.916143104 10.781099783560691 0.023847251657108392 0.038528560047405166 0.005134918483044514 0.04456104691968837 5.526242215029901 11.989606987964043 2.4572887057274384 857882.0 1038745.0 17.532683389251037 6.048997541052616 8.982595838546427 8.248300907818974 0.1947942035205786 0.09126896044679758 0.010072048622915851 0.03749689216581222 92.20518219468295 71.94735518687673 9.129168240081713 9.743524665320303 7.655613036053625 8.704651592321738 10.383580236038394 10.16770181707066 0.3110627474630936 138.59623230494785 14.233596801757812 5.092137996232259 5.444227199430579 0.07526783328481318 0.02615721381557913 2.544023538433092e+41 6.237362924869858e+40 3.1827271805086514 0.035823919043081354 2.1106522901961218e+41 3.8407836190631572 0.005496617699344253 5.125192186522748e+40 153.54166396783287 17.981037035891976 6.543191616863577 15.4813308746984 6.218841601698702 133.91783767578448 0.3551699549772927 0.25844119901054025 0.10462800606109553 0.11574685460230054 2.948992577813988e+41 6.440548978965397e+40 0.12928017995501126 10.753273879960965 10.548151774873794 247.2288587483094 177.67845445876446 1.0692778012522645e+58 1.2170838009207942e+58 1.5833790837930193e+41 7.637320550002221e+40 8.196470282288023e+40 6.502373944410551e+40 4.559151916909147e+40 1.943222025535594e+40 2.731424633777722e+41 1.7394778072078016e+41 9.919468261460291e+40 2.428747699228845e+57 1.9577056233033718e+57
443 0.76433 11.011882773486992 10.50339461763242 17.573840737342834 11.4916267 12.16138716 11.841002975999999 10.779431675560412 0.0238912911555321 0.038443354342846285 0.005060885152826442 0.04403816003760761 5.581235592172172 11.990409064342199 2.4572930227700023 831271.0 1028980.0 17.50331728512521 5.076595758664349 8.833643113238738 7.9075935566310465 0.1925175671881723 0.0638882697965545 0.00998325052359706 0.03570941231624525 91.49533429381239 71.7904882409458 9.092523934200294 9.75642394670251 7.578259689678096 8.657957857733207 10.384706077337288 10.193241165296714 0.30833540486439115 138.57921988050327 14.256632804870605 4.486368663457384 5.144752570504224 0.05564440916848176 0.024523582438618352 1.9328816380502186e+41 5.767877662969769e+40 2.743634348562038 0.02415113947093 1.5165610649737868e+41 3.5020444530205705 0.004750933471734251 4.62043204372536e+40 153.50123504407526 18.4601492475255 5.411530663935051 15.349789045369878 4.961322274571745 153.4343172255038 0.36236751899875014 0.23591212696883698 0.10016131624371631 0.11179716445973617 2.0244778506945014e+41 4.678897469037515e+40 0.055394499725769805 10.7528349206786 10.549563304208172 247.37151321522146 177.6858101141017 1.0620209919962094e+58 1.2111682195747923e+58 1.6077104972037261e+41 7.855120743333351e+40 8.221984236813836e+40 4.761117371371039e+40 3.2150427393313256e+40 1.5460746337272955e+40 1.6387752514683705e+41 1.0026487525072338e+41 6.361265000600642e+40 2.308667208292099e+57 1.7991921450333642e+57
444 0.76592 11.013196037980736 10.508237590414087 22.181416034698486 14.8209165 12.513495039999999 11.928044576000001 10.776872819966313 0.023966153532413107 0.03816271767733596 0.004964901330817788 0.04220202240667423 5.637139058135059 11.991251326105706 2.457353456860467 789677.0 1017749.0 17.616521188000366 3.9413073444051516 8.641546276463892 7.5823447913238535 0.19450539425201796 0.04212289537841238 0.009834955085655909 0.03406523970208144 90.0619626488634 71.59995022134744 9.157856896278119 9.749877273644259 7.700965791440701 8.730410244045428 10.390923599206397 10.218767269296388 0.3056193858366407 138.5599678652116 14.23289966583252 3.489441368029311 4.862845701383293 0.036508864235508615 0.023032825622702785 1.2990906154525247e+41 5.343149946492967e+40 1.9930032206987796 0.012614245058888706 9.349244708158659e+40 3.18486158870626 0.004086414758117784 4.165502358545752e+40 153.48861104172528 17.64981052713654 4.68157043929441 12.71666719727362 5.672315101147119 133.17742542885284 0.32645061654277874 0.20957835233029404 0.10177504452878938 0.10771672743018545 1.5025287352535668e+41 5.618112173057007e+40 0.052960347637153724 10.752294544790715 10.550472290837533 247.55455201288393 177.69422702748975 1.0509623022262232e+58 1.197570685098512e+58 1.336242466227605e+41 7.387054055004821e+40 5.975370607447625e+40 5.674472283901361e+40 3.8661300071679314e+40 1.808342281334427e+40 1.5158650376653155e+41 8.601258021713394e+40 6.557392382972307e+40 2.155098059670588e+57 1.643962914861894e+57
445 0.76752 11.014833446517859 10.512249048736852 20.327759504318237 16.452778000000002 13.21891488 11.956179968 10.773845133999156 0.024044579503545903 0.03796088004612118 0.004866784699756542 0.04013395600552761 5.496022046126126 11.992113377761783 2.457331874222114 754953.0 1012869.0 17.801029338408057 3.2068511124324326 8.549754412862926 7.291324392776078 0.19008275062636118 0.03094643186675058 0.009799301221907437 0.03240018008077591 91.59762423265897 71.4834362736481 9.201064726361414 9.760172788839677 7.681702064250035 8.77539476888789 10.391659437537035 10.244440454846904 0.3028976443610589 138.55635364794745 14.26093864440918 2.7865004154306945 4.606443614129008 0.026695089846598057 0.021562790872355343 9.870071458597092e+40 4.976453086999761e+40 1.5107787294503154 0.007899466622423319 6.682309999963411e+40 2.907868152088697 0.003580321166157042 3.777278759214155e+40 153.4625726464283 18.202939614252635 3.839416252372327 14.721950277760806 4.6943415653155744 148.61109906243624 0.32974391049325447 0.20209353368572303 0.10302576869622257 0.10911067300122834 1.172513304732127e+41 4.55756724393599e+40 0.0684267893908199 10.751119658757062 10.550914346729952 247.85897177879755 177.65858441501504 1.038660698656254e+58 1.1918127882231873e+58 1.496029145778247e+41 7.006915422898459e+40 7.953376032603647e+40 4.598027411762078e+40 3.1601653967977285e+40 1.4378620081156294e+40 1.3570253793460645e+41 8.023510705130167e+40 5.54674310262345e+40 2.037092450167111e+57 1.567811416808134e+57
446 0.76911 11.016380503815002 10.51571311569369 18.603835582733154 16.7701648 13.316149919999999 12.044245376 10.771553834174474 0.02412004439012367 0.03783059520537047 0.004765738616247019 0.03873888677356051 5.50798241981982 11.992994469718377 2.4573771965239053 724604.0 1001072.0 17.925490293644938 2.7662213421204775 8.402286939406892 6.970175823397697 0.18711673542135604 0.023437507170114086 0.009794908940331836 0.030893922722956872 89.72401997512141 71.16271265384405 9.14416262898787 9.74457553223031 7.573763045713552 8.705211480110005 10.397473934827785 10.269939717955136 0.30020413204873164 138.5463063428535 14.272340774536133 2.3144293319240865 4.33284052783103 0.019793547126480612 0.020245228948516186 7.807647959024496e+40 4.603279305009598e+40 1.1250313236295877 0.004375090325057891 4.719408474691011e+40 2.641476131114285 0.003089965701130522 3.405892456292524e+40 153.4525119107333 18.84466428871069 3.5144434585181976 14.42404887995345 4.68158740555411 159.1808495673434 0.33149923589944286 0.19029269335409005 0.10132154778097978 0.10513573669544808 1.0408183079531586e+41 4.498137684427759e+40 0.06093477969733494 10.750260147988813 10.551638560021141 248.067463246947 177.65674609670083 1.028868217270679e+58 1.1869966936102802e+58 1.486516602100748e+41 7.403992676888734e+40 7.461173344227094e+40 4.535919455594311e+40 3.0392035902016416e+40 1.4967158667819522e+40 2.5960146880360023e+41 1.6155575627458548e+41 9.804571267648824e+40 1.9533378735592095e+57 1.5131923481584149e+57
447 0.7707 11.017718990268724 10.518302869275702 20.214466333389282 16.409565450000002 14.130225020000001 12.040817584000001 10.769896133050347 0.02419477946182936 0.037727754930496044 0.0046891450812353175 0.03810767179286906 5.5420620998845 11.993873777743733 2.4574397766897995 710410.0 992948.0 17.985371792434414 3.0722292189480247 8.301105987668242 6.683253457216836 0.18211632108904519 0.028129031909514414 0.009787862550948894 0.029092281381307174 84.96686528239299 71.42648194559692 9.196588480015736 9.750924983773583 7.6593660915431805 8.773730006427817 10.398498134522667 10.295425470151129 0.2975217334890359 138.5335187486711 14.28239917755127 2.5282176272945653 4.086257709218064 0.021656026508129447 0.01874387422604824 9.54749330381256e+40 4.2770687071530514e+40 1.3217828647013499 0.004779294119356082 6.349916560409526e+40 2.4042228023768004 0.002698249392516114 3.078718864391525e+40 153.45598504279877 20.36488627838034 4.363336408661709 13.930367039772367 4.889978851544992 135.73362166119614 0.32186537844512864 0.19501288530633604 0.10264392214509466 0.10348579208935824 1.431459166799153e+41 4.715042064426473e+40 0.04209196072713133 10.749158753378461 10.55302016108977 248.31889334484276 177.61700173691483 1.027937842731352e+58 1.1848255481351713e+58 1.4225667430024644e+41 7.350668495762451e+40 6.874998929927431e+40 4.761429854358023e+40 3.172814969044014e+40 1.5886148830989448e+40 2.231439788511493e+41 1.4927443452256392e+41 7.386954434162793e+40 1.9700379100877515e+57 1.4976036840346451e+57
448 0.77229 11.01907772810623 10.519818650911901 19.78613519668579 15.8500804 14.4012672 12.062089664 10.768671876118493 0.02426816336153202 0.037695536001031635 0.004619849458969287 0.036829453771888024 5.509555572619542 11.994626055939133 2.457435461105783 706476.0 986509.0 17.746297484722685 3.350899155713919 8.250660569787213 6.403770238804244 0.17339319890516655 0.029343620510415176 0.009890320038531384 0.027681011686762035 82.98623445478677 72.23976396520092 9.17757287641273 9.752846163536024 7.658091175429619 8.75703880377936 10.398979391865646 10.320897624328842 0.29485038003858643 138.5114373782449 14.310997009277344 2.7733979278492984 3.8472055634927083 0.023646666619681032 0.017559107996913764 1.0361201914960503e+41 3.9645863296837973e+40 1.4405535906016924 0.0057614235693287654 6.768014256693036e+40 2.1708887943080666 0.0022945657394363443 2.7613756480282636e+40 153.43809404813882 21.039609242942173 7.131703690328534 20.510271955861604 8.332640535152116 164.08248902762384 0.34811068354370833 0.21890968446853942 0.10766320649590963 0.11843794227836638 2.446177190874089e+41 7.616509613258847e+40 0.050919450919450916 10.747782914123263 10.554562613654387 248.51957493611138 177.59617970713734 1.0284727192932456e+58 1.1847147349408554e+58 2.1127708331624396e+41 1.2119092265965244e+41 9.008616061552321e+40 7.652593319808553e+40 5.87989714725259e+40 1.7726961747098223e+40 4.258036682016331e+41 3.105106920542851e+41 1.1529297635927521e+41 2.0076962034264574e+57 1.502242460715644e+57
449 0.77389 11.019172109019497 10.520270151735629 25.86438274383545 15.6455096 14.203355559999999 12.089750752 10.768663595997293 0.02437103213259465 0.03768002870289545 0.004569538965853681 0.03742784734308706 6.156998345515515 11.99535577347647 2.4573210825007115 708949.0 974935.0 17.03458713783593 3.464126241237615 8.109279936079064 6.078459509344411 0.169000733790704 0.029299147366460596 0.009853267735770084 0.025936488329160207 80.13668277235365 72.32961763131365 9.174357067081786 9.733250020734415 7.728420978819943 8.766737152897774 10.403828359964058 10.346516166855247 0.29217330628383875 138.5027104438572 14.162619590759277 2.9028854199625327 3.5888237296653838 0.02414597626414627 0.01610554339936464 1.029025815010543e+41 3.652671467396366e+40 1.4229223444983068 0.004973129516615196 6.336239667051983e+40 1.969928328251626 0.002058525431823111 2.4827724309924156e+40 153.40995355481516 19.74815215199075 6.2780300597297884 17.211186304345105 10.866959565142242 179.64866476287622 0.30152893882765924 0.19499169921565715 0.12325380127994953 0.1075203222936908 1.845988942365929e+41 1.1084166967626763e+41 0.04279743333137105 10.747413488303941 10.555541226979747 247.8327195345238 177.65563498957985 1.0328733689911244e+58 1.1745301307144214e+58 1.7385373239822378e+41 1.109031043195628e+41 6.2950628154948255e+40 1.1112950368275056e+41 7.739303973058752e+40 3.3736463929721324e+40 3.736638858353755e+41 2.513999338334426e+41 1.222639524495527e+41 2.0682631043024918e+57 1.4743288714850791e+57
450 0.77548 11.021588004344812 10.520450269881065 18.036547422409058 16.7288036 14.15125536 12.19050496 10.76753844159328 0.024432560919200038 0.03772000502462615 0.004504467474230251 0.038567701058149516 5.4434504216216215 11.996043064101901 2.4573771965239053 722487.0 974371.0 16.202017341396523 4.1866986854733 8.212066222056485 5.859991212339219 0.1629286152471358 0.02666794815892203 0.010048372229779251 0.024411946347040924 78.67938986822219 72.40006899297234 9.174747525143145 9.747446761358743 7.635552238299292 8.758620747919291 10.401480053235613 10.371960779983084 0.2895239077732501 138.46122747734512 14.372027397155762 3.377133340623779 3.3919408191375138 0.020368261431140428 0.014878504819486398 1.209960819588968e+41 3.3926386368363906e+40 1.75238403909401 0.0036031040270114124 7.509024207104228e+40 1.7489769035030338 0.0017360484278979552 2.1879934952902917e+40 153.37957261669652 16.6585448605806 5.719805925793632 13.937299863881224 4.8260848004632795 133.37783186093907 0.30541711536320093 0.18666044646285415 0.10351912338846374 0.09714793072749964 1.817887728397768e+41 4.4930182204886e+40 0.0315672277162879 10.745983555007793 10.556091985421494 248.75555954134717 177.59002260380447 1.0342915690928216e+58 1.1848536668850273e+58 1.4003389279814763e+41 7.702596890338156e+40 6.300792387435496e+40 4.538544398952487e+40 2.826218207224737e+40 1.712326197291144e+40 2.577430994439387e+41 1.679470537258496e+41 8.979604572512136e+40 2.11907608561456e+57 1.5454761387876827e+57
451 0.77707 11.022608933631817 10.51981015936249 29.487370491027832 18.385800000000003 14.73044504 12.301972064000001 10.7671271314366 0.02453607500341413 0.03776048571784058 0.0044542330418570275 0.037428444469177674 5.476060745931958 11.99681278694708 2.4573275575657325 736160.0 970081.0 15.195879215384018 4.495233125398322 8.261053299134952 5.593747059074141 0.15631867165830213 0.02481936731887004 0.01002332626146165 0.02281101808468176 75.67650565924544 72.02167325589244 9.19819760009455 9.73774551245566 7.849499717066067 8.813826915060902 10.402615876865843 10.39739153800072 0.28688535138404503 138.45004070138836 14.412069320678711 3.839097032850898 3.173665621215575 0.01963971558425044 0.013581959334126653 1.327788253035848e+41 3.1235069168471655e+40 1.8687053704228018 0.0028289700269270696 7.611137949404127e+40 1.5419186555136513 0.00148617729951193 1.9118360713536786e+40 153.37211137197917 16.546838398426605 5.986362181119583 12.840097889607843 2.945195414260841 118.55905104059714 0.3128639817604974 0.1846441261728622 0.09927667264172454 0.09634974046930657 1.910596846212641e+41 2.404753716211837e+40 0.033316941234325055 10.745587450178895 10.55544635186338 248.77401989627262 177.62370939615403 1.035856798273823e+58 1.185134391671527e+58 1.3070169487962147e+41 7.387458224328001e+40 5.682711267528423e+40 2.4358748165100366e+40 1.4801279182345191e+40 9.557469040607552e+39 1.5388135817452097e+41 9.693605437747238e+40 5.694530379198391e+40 2.1557818949878305e+57 1.569159614675322e+57
452 0.77866 11.023790416862338 10.520268245821132 27.90467405319214 17.441882399999997 15.105528960000001 12.367041024 10.766363217148811 0.024625256562834805 0.037786758248283994 0.004387618362456866 0.03769022962808086 5.508972833561766 11.997456086196108 2.457295181275192 744025.0 963713.0 14.722829987858878 4.316183573848493 8.28319642631858 5.316222956333552 0.15616842244128534 0.019742575339713388 0.010113010109787787 0.021381378951467942 74.60099138531852 70.81340294839872 9.173762107238687 9.731145512928636 7.807464107807289 8.785899699592102 10.403373896702648 10.422808356967105 0.2842575706983792 138.4162452416177 14.474235534667969 3.7414437935152396 2.9605829148675418 0.01664790754806456 0.012418213139464505 1.2466794644151923e+41 2.8773252963896415e+40 1.752001429315831 0.002412714855903805 6.888114553542767e+40 1.3783687657041177 0.001310729918420912 1.6941675806451862e+40 153.34425489353717 14.172819885337885 6.0953049302193705 13.243715852952036 3.697706870538753 115.52493742417184 0.27594670132747745 0.18072248660727738 0.0997266332217761 0.09485104344990984 1.882220249383236e+41 3.251015108597513e+40 0.05137799952482775 10.745427970646496 10.55487264923761 248.97331564590073 177.68572705458206 1.0320772556062966e+58 1.1805983598230925e+58 1.316390386769329e+41 7.352063085758963e+40 5.811840778920118e+40 3.305413206614317e+40 2.0018246487255574e+40 1.3035885560490357e+40 2.2766909197758992e+41 1.5135099665861043e+41 7.631809423222838e+40 2.147051816190398e+57 1.5820068938689883e+57
453 0.78026 11.024797629233309 10.520173738211687 23.95700740814209 17.1005464 15.42687136 12.388279808 10.765953219888788 0.024710898463551602 0.037883212383940164 0.00432228575547151 0.03851163621639698 5.563731236369701 11.998098433966515 2.457226103787443 742892.0 958602.0 14.437680384194499 4.371373339585963 8.345092104895345 5.036919515080961 0.15160000025325082 0.02006294540347879 0.01021329411280883 0.019993631789376853 74.19959501331222 69.83805585961096 9.214154896390953 9.753167555180166 7.806658269100133 8.822923627877092 10.397606582697653 10.448370875193138 0.2816240740266065 138.3875554495336 14.537505149841309 3.577443010862071 2.7473675858552027 0.01476152242888993 0.01133521361969187 1.2367151113254455e+41 2.6304595136005125e+40 1.6413866947969213 0.0027296661284673426 6.96359779067099e+40 1.2090133968762957 0.0011311316264177437 1.472148815088578e+40 153.30837517827143 16.019142890320985 4.629958694856548 13.304271626841619 2.9531589199798978 107.2625438430191 0.3043213153689492 0.1705458982384356 0.09579560391484224 0.0932047381541876 1.40589244065813e+41 2.300278679240516e+40 0.037208519235625896 10.745690380974278 10.55371000062604 249.0110511985853 177.70503133404603 1.0348528929271972e+58 1.1798976211302552e+58 1.349535964326988e+41 7.900727461709728e+40 5.5946321919638145e+40 2.3505109098293953e+40 1.4290610274556736e+40 9.214498817129892e+39 5.544343814731728e+41 3.6228505634801125e+41 1.921493257746203e+41 2.187261960268377e+57 1.5343290687646327e+57
454 0.78185 11.026030196651895 10.518938316440904 26.48779058456421 16.3025576 15.47087008 12.449588735999999 10.766367245939534 0.024787091452916014 0.03802168033557248 0.004286111732923735 0.037901462754349115 5.4632642890448135 11.998636826017082 2.457163492822309 760910.0 952778.0 14.069052246027068 5.415926555419256 8.37337547988631 4.776509735916119 0.1492836539528118 0.04707196491967073 0.010342338296544925 0.018611718146780126 74.23457814702574 69.20482571507667 9.172113266092671 9.761763269444844 7.775713865489424 8.78330734672607 10.394559735540552 10.473759478390152 0.2790177143953443 138.34245895734634 14.588438034057617 4.494209184445375 2.5532646671869683 0.03483444843799979 0.010271680363151292 2.0599200814030056e+41 2.420557849648196e+40 2.463070908042623 0.020001318958578262 1.4974133456270643e+41 1.0839399641330392 0.0009935647257961638 1.3081457083292286e+40 153.2745134693516 14.858361670062031 6.935876704281709 12.490248976736446 3.318161101269856 109.00970873331845 0.27891169615028066 0.20230315182567687 0.10319483372726033 0.09152448195770739 3.0924826979743785e+41 2.961485601346715e+40 0.03948620361560418 10.7454591717561 10.55360270096658 248.97213683469897 177.74708576088858 1.0543533402839822e+58 1.1795357443738304e+58 1.2321435907605342e+41 7.088133557704401e+40 5.233302346466932e+40 3.019792839513182e+40 1.8261659890470956e+40 1.1936268470102889e+40 4.515318501788531e+41 3.245755981153712e+41 1.2695625209603206e+41 2.393138669703194e+57 1.5716031216857887e+57
455 0.78344 11.027635952171382 10.515856081763411 17.76028609275818 17.368194 15.413929280000001 12.499820031999999 10.767464213825908 0.024867925126850512 0.03824116592163457 0.004263496915299145 0.037753808163768214 5.3838671232832835 11.99921545831144 2.457040403578059 791049.0 947699.0 13.53274487788569 6.380639827981171 8.488534526187898 4.515992459779964 0.1492231681361438 0.04840532442237287 0.010475472177699561 0.0172694781094757 74.88899880008856 67.64293170875584 9.161905978400041 9.74983637538151 7.605455331287646 8.76482693375935 10.395495932027254 10.499133894878767 0.2764219340345144 138.31370057949044 14.617486953735352 5.368634651729624 2.363607829310162 0.03856645457276816 0.00925295000525051 2.1508440839188236e+41 2.2146730659166007e+40 2.891784470036574 0.016209615116608605 1.4491317208406527e+41 0.9487590262805301 0.0008435336895747772 1.1380094826836602e+40 153.23549966613635 15.966360608635712 6.586383512204672 12.988924821631832 2.24690048919271 104.22042513554267 0.2964594000918675 0.19194341127519282 0.09752382268524597 0.08907984593403374 2.3493794514080915e+41 1.7588391764076744e+40 0.03890337976580276 10.74567256982628 10.552225493371369 249.07678405487175 177.73201257269696 1.073997287041799e+58 1.1790294364733332e+58 1.2934203527805362e+41 7.391180025224425e+40 5.543023498628381e+40 1.8272681133908274e+40 1.0244047972425619e+40 8.02863314257996e+39 3.802061171341788e+41 2.744545255045604e+41 1.057515916272612e+41 2.6057636710659098e+57 1.5615779246814984e+57
456 0.78503 11.028798478052124 10.51371190323348 24.09455919265747 16.167908 15.003266400000001 12.457151360000001 10.768628610174398 0.024945574131316883 0.03844752648099865 0.004226184385297247 0.037820919476671884 5.505776442143683 11.99973204055577 2.457005845939584 820836.0 942301.0 13.173148858005396 6.578368959985546 8.564934279593931 4.255275944393407 0.1450869558671507 0.045038475329082804 0.010532970063597366 0.01599086174945555 76.37038307100202 67.11384229610486 9.197218257905332 9.739303101584206 7.7417861193446145 8.816375622745184 10.39692351205474 10.524494043829458 0.27383666866234413 138.26126143340414 14.671141624450684 5.566200219963776 2.1775847428557964 0.03518833100367001 0.00830446907690051 2.042025205962778e+41 2.0243529895326886e+40 2.939024957273679 0.010507582225733874 1.3251750488474957e+41 0.8384358093466461 0.0007236705760120629 9.991250218967163e+39 153.18546805629384 13.697681137739375 7.434975590327691 12.630452143281522 3.051306087447379 105.57596050525272 0.28352072423906893 0.18853834268646788 0.10149791658288727 0.08807079315288298 2.4807259194803414e+41 2.5934906996365024e+40 0.03387656198032974 10.745912019972504 10.551798142006659 249.05067370357796 177.7557140003517 1.0873126825281266e+58 1.1711370964221068e+58 1.2584640858732548e+41 7.390830308354226e+40 5.193810543257881e+40 2.635830375497022e+40 1.492268951588439e+40 1.1435614189210548e+40 2.978734223223817e+41 2.056697785001966e+41 9.22036434856599e+40 2.730317902378236e+57 1.5459369393539835e+57
457 0.78662 11.030435969347607 10.511104725831117 35.28971004486084 17.9832668 15.315579840000002 12.52129664 10.769344644157158 0.025032304084902653 0.03859638715955036 0.004201747610364941 0.03906759671005839 5.515281556239317 12.000288814946202 2.456876230299219 836742.0 938443.0 12.957262385424972 6.126642911238912 8.720171458560664 4.0209427379625975 0.1410366433960155 0.041905105152003734 0.010639014150722872 0.01470779402680402 78.58742431917136 67.15381584527304 9.191315399513337 9.70208344750674 7.909521220106217 8.829001939464627 10.40173367760377 10.549839845180887 0.2712618545167933 138.23064821525335 14.737196922302246 5.2803281984147405 2.011729780773331 0.03260236506754055 0.007388415706016003 1.8202426876225787e+41 1.8556251604444422e+40 2.719656500324628 0.007831033473318393 1.1592561669008092e+41 0.7358213761321387 0.0006151156844504752 8.720516575533442e+39 153.14159415352927 14.171100490713286 7.459989002307127 13.539230782699569 2.331753002232192 102.53978125964585 0.2883460863931252 0.18001179689600746 0.09745455008905005 0.0843254268854555 2.451642921907378e+41 1.8954204321114773e+40 0.05870030723396332 10.746526430332478 10.549631240267209 249.1501794419448 177.78989888327698 1.0936590713064988e+58 1.1635463042077202e+58 1.3161401392104065e+41 7.265637830469498e+40 5.895763558253825e+40 1.949171383605465e+40 1.0584577275883157e+40 8.907136563326253e+39 2.4794811066602905e+41 1.6626709878912682e+41 8.168101172007473e+40 2.7426032885055152e+57 1.5146573247591001e+57
458 0.78822 11.03157171419906 10.509940192024596 21.136866569519043 14.207398 14.76729568 12.52478592 10.770246521376734 0.025086889334290027 0.038808630275832125 0.004168969314312721 0.03985921814037507 5.435979794811734 12.000803505283601 2.4567919593839807 846669.0 933206.0 12.859875989446486 5.510024660264765 8.863987241074243 3.7729853554460617 0.1392146056370537 0.03309607209631468 0.010837039292085163 0.013422741984209128 81.13093986639657 67.00288496538187 9.16668997568857 9.705640333100467 7.605644589852226 8.761385855509555 10.39998318156737 10.575330490637493 0.26868133262287164 138.1855375156881 14.785502433776855 4.773769781118105 1.8399361297283858 0.025709981788350152 0.006491221372714874 1.5729560434019106e+41 1.6840989477775853e+40 2.314357991570623 0.005102828012927867 9.420919697174966e+40 0.6429293567654739 0.0005223360625898354 7.570644192032991e+39 153.08488973785188 14.069740090720677 5.658941194821415 12.944269297095332 2.2090921160504915 107.38448298017913 0.2779958740056448 0.17073696403350475 0.09967990140876497 0.08643769819231995 1.7328574909596396e+41 1.794292888001904e+40 0.04567041832021339 10.747369590042828 10.548734981781251 249.24203540817538 177.91971130210325 1.0944535301495717e+58 1.1560861005663144e+58 1.2717558941854959e+41 7.25715958617217e+40 5.460399352997739e+40 1.814102852371755e+40 1.0134551708077417e+40 8.006476812243438e+39 1.6845971500010178e+41 1.106701343537085e+41 5.778958063899125e+40 2.700926031494833e+57 1.4873077517108771e+57
459 0.78981 11.03300026006225 10.509185162682444 25.203663408756256 16.9451855 14.638195360000001 12.554853871999999 10.770432997290106 0.025158787015039263 0.03889726102676744 0.004119486285030363 0.03986606932959813 5.490666275108955 12.001276877048888 2.4567055106863833 844293.0 928370.0 12.89480944546393 4.621809073291488 9.040055370690606 3.554793303772526 0.13819965000707893 0.024376852916271383 0.011141977735972962 0.012327026985690296 85.31202526595739 66.61604868262145 9.20144193464376 9.704875549060358 7.778134477244942 8.82404065696552 10.398378341157814 10.600647268186206 0.26612729643838384 138.13537578965455 14.824660301208496 3.9567237874448904 1.6939886917594569 0.01930913938437254 0.005741714219532518 1.222873314640417e+41 1.539037625537503e+40 1.7273470278267693 0.002893457971849266 6.692445039599234e+40 0.5681413115771602 0.0004564003483590772 6.645876704175926e+39 153.052851574254 14.095908497809742 5.118837853738828 14.161020677836824 2.742057338343543 102.33452568604052 0.2674137846611836 0.16212308117766389 0.09810329394233375 0.08914418701668973 1.4086302954491244e+41 2.1166297812554927e+40 0.10222967064995628 10.747796974649198 10.54767900746837 249.3379434060847 177.97714206560894 1.0907512876408711e+58 1.1498467497983417e+58 1.4050071486887328e+41 7.818955223729298e+40 6.231116260742421e+40 2.1428661980720942e+40 1.1060808237554955e+40 1.036785373578477e+40 2.137321803323008e+41 1.4285153251827543e+41 7.088064743086404e+40 2.5974987398019974e+57 1.4545829691861943e+57
460 0.7914 11.034510223890667 10.508338922540974 21.281025886535645 15.762294400000002 14.8173232 12.598661888000002 10.770858279099333 0.02523056026632384 0.0390179827103023 0.004062960687588895 0.039759662684688966 5.432267151359051 12.00179039843807 2.45653688621521 843090.0 925051.0 13.08602994757413 4.318372987971328 9.236223451739622 3.319895100930339 0.13583957247691442 0.021224666744505415 0.011441616554446267 0.011113728354885314 91.85885017246534 66.12170367142093 9.174185918071947 9.692218459102035 7.685275503882498 8.788292434323385 10.398818104603023 10.62594946204008 0.26358352287086184 138.1049603574862 14.857601165771484 3.606372114443082 1.531702635716799 0.014980511667955441 0.004927281430952912 1.1553634252236348e+41 1.3814981533794417e+40 1.6542945331148806 0.0022371010876027007 6.601537978234268e+40 0.49162684633784726 0.00039460566245042966 5.712908365845316e+39 153.01709615336387 14.5242908155248 5.297669765898617 15.013688586628708 2.476624139694928 118.3318284197154 0.2586025079462805 0.15657369425899936 0.10395047342180462 0.08610941300306793 1.5702669309351662e+41 2.0359992537202884e+40 0.1045855136326081 10.748258721284802 10.54688287146192 249.50406219159652 177.99040848616448 1.0910512567016125e+58 1.1412138040380738e+58 1.4653674892603712e+41 8.091310078925438e+40 6.562364811790855e+40 2.059965188508045e+40 1.0958261906160404e+40 9.641389970991153e+39 2.0654079995642158e+41 1.4224841104501932e+41 6.429238885797157e+40 2.537467559700913e+57 1.4508473741154924e+57
461 0.79299 11.036033330285344 10.5072908161254 27.149482905864716 16.96995305 14.56734576 12.700620032 10.771555576304468 0.02530285809169777 0.039144050079909565 0.004003415445755862 0.04079478508836955 5.375407817359667 12.00236484705548 2.4565109381767507 840374.0 921832.0 13.225037548606371 4.223295619111545 9.475236647131577 3.098445650538197 0.13238291461760912 0.018649030950009086 0.011805678868031917 0.010123293845774086 100.75870209161533 65.56771105634807 9.242804325448438 9.691183437641357 7.7858794871816634 8.871222340605552 10.397372011040199 10.651236995181211 0.26104995018852706 138.061835678595 14.905117988586426 3.492077956436187 1.384036973503286 0.012295358005430013 0.004294016277139496 1.1797046498251343e+41 1.2356125163412823e+40 1.7915856787073532 0.0021280567910650448 7.387433212104968e+40 0.4219026695313415 0.0003344940225093837 4.8643975238253765e+39 152.98239508078464 14.132330315613299 4.554009433949474 14.508262470246146 1.7895799488916064 116.32301726296548 0.24051498661221837 0.14918540746614795 0.09751091323543543 0.0837867514234008 1.3898256182017645e+41 1.3226400610143278e+40 0.042645493983793074 10.748875116455002 10.54611223842294 249.63417056502797 177.96564205972894 1.094410531044838e+58 1.1365832624358998e+58 1.4334346450048822e+41 7.960696787917834e+40 6.373649668896862e+40 1.3310420058404494e+40 6.305738325956076e+39 7.004681729956042e+39 2.8588700194213724e+41 1.7715423003063617e+41 1.0873277185896955e+41 2.522103497690438e+57 1.4443450314380507e+57
462 0.79459 11.037565274560752 10.505240364704182 25.33834934234619 17.6827408 15.094875199999999 12.775122944 10.772634976852082 0.025385303764865842 0.03927935023892387 0.00397237100387168 0.040723361671717036 5.385744113267113 12.003041143096908 2.4564698506116156 847011.0 924646.0 13.298925903104811 4.469703355572845 9.987900222992696 2.9112118940654668 0.1280357857159453 0.028938324890821536 0.012963288185054626 0.009339361493699112 111.13376010873161 65.02145649978537 9.144944657489425 9.695356413502433 7.7887601855433015 8.783555890259274 10.393588241383847 10.676668692951894 0.2585106784631068 138.03672380099124 14.944633483886719 3.613961426911889 1.2645227225405953 0.01611829149576281 0.00381308235477991 1.2484780065113955e+41 1.1202257056329105e+40 1.9294097552186058 0.002687286010639742 8.156926296670071e+40 0.3682631261985054 0.00028572074968188834 4.2131032292836825e+39 152.96063051690848 14.596705504120742 5.032842236036421 14.254958597199087 1.5482635369986724 112.70479939187808 0.24681639144561557 0.14867156544169535 0.09841642957807384 0.08460039056085691 1.6830483423193227e+41 1.1180796826011355e+40 0.03578932116206622 10.749463126711493 10.545117941192649 249.73061700753405 177.95270069965855 1.1002555732151756e+58 1.133859658502021e+58 1.4159178824353081e+41 7.865362930050484e+40 6.293815895502e+40 1.1498845153646181e+40 5.023448786699471e+39 6.475396378773509e+39 2.1363100266128796e+41 1.2384262713975373e+41 8.97883756131116e+40 2.5447063092220667e+57 1.462011787106634e+57
463 0.79618 11.038929593210396 10.504293547376003 27.425552248954773 17.874229999999997 15.27119832 12.83859448 10.773231807442553 0.025460925698603525 0.03936870002991834 0.003934898145689722 0.0403547197457069 5.441012828348347 12.003777721465989 2.456417944972507 850820.0 957780.0 13.282934151307067 4.217660579647654 11.802490899180603 2.7407869425019005 0.12618905052806173 0.026623705555492268 0.017455820738548858 0.008539878768216384 127.40573713808045 64.23122473947578 9.205507462851646 9.709073353440202 7.803445517236032 8.843312822970452 10.388596212381014 10.701926583216778 0.255997387525434 138.0240608198094 14.975165367126465 3.4682372258897747 1.1592868102396763 0.01683581375010183 0.0033365581549057253 1.1402274861457633e+41 1.01968103052399e+40 1.7356338661673563 0.002160645889676035 6.900728627818447e+40 0.3231420932247537 0.00024397837093885304 3.669586198821633e+39 152.94122405780118 14.366471154208037 4.282600757282319 15.214346809638919 1.3849656556377365 121.11598563536484 0.23588551207724165 0.1427187472496951 0.10168903739721442 0.08169241798757905 1.3003793077198354e+41 9.999930704363774e+39 0.03259050471241082 10.750047082346441 10.544327655461986 249.8074850135444 177.94098835270793 1.1011327201881574e+58 1.1284982555142904e+58 1.505690481948334e+41 8.09374971005289e+40 6.963155110868636e+40 1.0452896348346869e+40 4.517064927538053e+39 5.935831404846477e+39 2.570770274138478e+41 1.5725308394908388e+41 9.982394376361859e+40 2.53001068220635e+57 1.449683978303758e+57
464 0.79777 11.04012810269416 10.502690598124488 33.05773687362671 18.5042028 15.660787200000001 12.881193216 10.774196406035411 0.02554833632089796 0.03946204935141991 0.0039006455959185843 0.040674546850264844 5.474628419053797 12.004554072006119 2.456428759158916 858390.0 1021563.0 13.357688072230832 4.1355333346989696 15.211563587532629 2.5718019229361335 0.12145680318157165 0.02618792027690863 0.026498136023028664 0.007812787461816365 153.19960697682026 62.77755565659708 9.230645754206964 9.68826466145211 7.944277597262589 8.890187722686798 10.389660578240163 10.727169585739695 0.25349411484513085 138.00802806010518 14.96928596496582 3.3619898490374607 1.0577858750237283 0.01618181633869709 0.0029262605898379562 1.1057446344547172e+41 9.242740626938571e+39 1.5586874566402018 0.002805086978024491 6.115778504731191e+40 0.2820530530031207 0.0002091259082371778 3.19734848286549e+39 152.91946105220742 15.95969380032339 4.021040875911852 14.838793190047534 1.2139612753928697 132.75623540772713 0.2464892582378992 0.14176678101592302 0.09997964246583599 0.08102421312711137 1.2074832660034766e+41 8.395925277624505e+39 0.022959915813642016 10.750751668773942 10.543370831007179 249.746841328451 177.94088185084212 1.1050048649568908e+58 1.1265160006208428e+58 1.4678649515797133e+41 8.036987409901771e+40 6.641662105161209e+40 8.703257323511238e+39 3.4518003881048446e+39 5.251456935743698e+39 2.930030396308414e+41 2.014025807759715e+41 9.160045883280904e+40 2.5439777909637935e+57 1.4611961712567995e+57
465 0.79936 11.041403006525611 10.501301407938515 28.440075874328613 19.184147199999998 16.285850240000002 12.97189248 10.77485408210917 0.025634473822844093 0.03962342514381239 0.0038520921230119935 0.03951677715135822 5.440411291882651 12.005573411749586 2.456443898567513 863375.0 1042964.0 13.498364758811842 4.116591868965167 16.530527795347734 2.4195545647674814 0.1199714933136624 0.028642403528132396 0.029997817157019244 0.0071709899466099805 169.8190502433264 61.341427243391195 9.18120899974065 9.712101042596743 7.818125796342067 8.822200163649871 10.381829625661059 10.752397626490767 0.25100080064051244 138.03019286501504 14.953755378723145 3.365499921084959 0.9699493083908725 0.018074126766146635 0.0026016310705494826 1.1743864725320541e+41 8.545779716724104e+39 1.5252333852146744 0.0044967647661232225 6.674107705550971e+40 0.24786624356363735 0.0001807287258728169 2.914611211750578e+39 152.91145088395663 14.92510268868044 4.633175883769319 15.910998546073007 1.3300605426646588 166.65669289480186 0.23140647931191677 0.14571616256384964 0.10295241702384597 0.0785996892197295 1.4801749699604819e+41 9.495419767279257e+39 0.02615952495586583 10.751053485949583 10.542740522325536 249.68039635472599 177.96130319630032 1.110801130383427e+58 1.121540203845701e+58 1.5721272735610895e+41 8.642016356026055e+40 7.079256372770828e+40 9.952104063756763e+39 4.031961913700735e+39 5.920142174828941e+39 3.3541293491593792e+41 2.3871209423837168e+41 9.670084063996606e+40 2.576515332660705e+57 1.4607388308940347e+57
466 0.80095 11.042549351233122 10.499760345765782 26.57418715953827 17.833217599999998 16.156488879999998 13.002914944 10.77605786779314 0.02571620109618167 0.039788213451786264 0.003816951968772841 0.03898934308483161 5.453295899897334 12.006793226085636 2.4566082353281082 873464.0 1051118.0 13.400773655056236 4.647319377977403 17.27687498403643 2.285448058536916 0.1188881539890469 0.0385065356896518 0.03174775363601923 0.006583937639804347 178.04726526681108 60.52668894467381 9.185941080559436 9.713204865168365 7.827615106556943 8.840465406049228 10.379329377723579 10.777610632177232 0.24851738560459435 138.060784523823 14.909784317016602 3.718280640075135 0.8948093068688407 0.023729135913349204 0.002310154862198943 1.327484938890097e+41 7.711509838839905e+39 1.8293593133756472 0.007476600551826503 8.169953333036571e+40 0.21805832075133036 0.000157759115904604 2.4275417668925042e+39 152.92974018286972 15.366749238076157 7.314010064465558 19.392260491185464 1.733197865709761 193.67477865946998 0.23682263228672926 0.16834936685742194 0.10744487865108712 0.08218328135667381 2.3698432516051146e+41 1.2540197004412666e+40 0.06611179419275513 10.751850663792231 10.542110119579913 249.58513683999797 177.90997301969082 1.1209461190481438e+58 1.1192168030786866e+58 1.9224087291830714e+41 9.770619244887344e+40 9.453468037212864e+40 1.2959487514804743e+40 5.977653060813956e+39 6.981834488795009e+39 6.28776127006193e+41 4.324262930863501e+41 1.963498332227655e+41 2.6725137830529574e+57 1.4630689574036557e+57
467 0.80255 11.043340969289641 10.497037228245688 20.339305639266968 17.5556868 16.17238 13.056885615999999 10.778495525396488 0.02580372025904106 0.0399746107664427 0.0038144877042107467 0.03803010632617543 5.603642139778239 12.008495230664856 2.4568330164879115 888947.0 1053205.0 12.982971535420065 6.167330185825884 17.700530671210927 2.116617191762306 0.1170239812940586 0.07123997997288742 0.032294796612426895 0.006071112419800211 177.34048567746174 59.52103767483748 9.162056997638379 9.718372757177997 7.726271164164943 8.810407561207096 10.375481537106417 10.802966959626799 0.24602828484206585 138.15786138427492 14.823436737060547 4.935421321566267 0.7971100084696688 0.05065831994044764 0.0020228986444953715 2.2386186067031657e+41 6.824069926255759e+39 2.8696303009859947 0.024231105023508327 1.7022202728477126e+41 0.18556505416069247 0.00012850532419911482 2.0545171460060553e+39 152.97655671603928 14.505542365203041 8.098717018169456 24.446318010826275 1.952745715116638 262.2791657963943 0.21713023219805627 0.19579521689477203 0.13073482909677214 0.08265952171619954 3.255797523466136e+41 1.5346766427077872e+40 0.04066251862238191 10.753665427885958 10.540887246638523 249.33521551999561 177.78507717237912 1.1424886194602569e+58 1.123004874630873e+58 2.532722452902114e+41 1.0231502718943144e+41 1.5095721812825087e+41 1.5612574692082788e+40 8.754025399571118e+39 6.858549252295233e+39 8.468285196493392e+41 5.601621727789166e+41 2.866663473693462e+41 2.858452460673937e+57 1.53446100127428e+57
468 0.80414 11.044411104378272 10.49484813607359 19.82533586025238 13.447601200000001 15.334627919999999 13.027994432 10.78201844462525 0.02586060352959142 0.04019628204260952 0.00381614030215258 0.03879367240988318 5.484199929372193 12.010754042543708 2.457336190835591 911295.0 1032422.0 11.9509518258783 8.324008589549953 17.133900209652282 2.0228022012412064 0.10724982954238198 0.10600350092792893 0.030657483706943944 0.005563813155334843 169.15976913695073 58.50915115931267 9.131487142376319 9.702537026182815 7.775386705061015 8.780433413856198 10.378557765157534 10.828149582542663 0.24356455343596894 138.30046409081984 14.735851287841797 6.9839543656087795 0.7499950298416793 0.08303550089170775 0.001811342841870708 3.2278015589711096e+41 6.393427732371491e+39 4.74999676700852 0.04306035541731787 2.6568568139583127e+41 0.16992462647629322 0.00011354421093461755 1.8765150832183615e+39 153.088471081859 12.073839300530945 10.175740161083356 40.07723735151165 0.9010018542908803 335.7123785281362 0.20365123403225224 0.24567563390917257 0.1606112467771996 0.07690741250974853 4.6781079437593465e+41 5.5287642591386e+39 0.06738174784596448 10.75668506313324 10.54008028600366 249.175988771545 177.67877073412134 1.1658158498612459e+58 1.1385148262779449e+58 4.2313788079190125e+41 1.1192402008616512e+41 3.112138606829998e+41 5.876122175154117e+39 1.5502638994745762e+39 4.32585828423721e+39 3.987848110979864e+41 2.582552030521022e+41 1.4052960810466557e+41 3.0645074304031155e+57 1.610618405038685e+57
469 0.80573 11.045673757295015 10.492157231531204 26.463233947753906 18.8242312 15.056323840000001 13.115228160000001 10.787898389318729 0.025945415310908337 0.04029045992469965 0.0038069686260391845 0.04131680598389211 5.4813481426824255 12.013481227356474 2.458065082882566 923280.0 966644.0 11.213064157004052 8.506164672905234 14.467587648884852 1.918221217697156 0.1002106026643622 0.1048921099510761 0.02354095708411147 0.005196914805855335 147.22658000824822 57.61939490646672 9.187455289726072 9.70619338283305 7.776239322669431 8.842118539199012 10.374864965503242 10.85331695445834 0.24111054571630697 138.48216658314277 14.587965965270996 7.538064546978335 0.6950412986737613 0.08770961313643164 0.0016444118102311805 3.077524606929324e+41 5.922278420759762e+39 4.891230367681832 0.03380863879845125 2.411734971557599e+41 0.1542014796637589 0.00010244841705592752 1.716439119391894e+39 153.28534650407724 12.10716908273461 9.0730409817834 36.85103957481781 0.8378194419682387 308.544135385831 0.1982896949027599 0.22607638745796943 0.15111115743190878 0.07671036874842484 3.581269091608638e+41 5.227343696912453e+39 0.06831097079715864 10.763595628513903 10.536511576699336 248.86124222349576 177.5300818912961 1.1714977621777083e+58 1.152024766486174e+58 4.175930462265087e+41 1.0734099570435251e+41 3.1025205043443495e+41 5.539306636276705e+39 1.3092656994535525e+39 4.2300409466711356e+39 2.8448375512376123e+41 1.943896833454229e+41 9.009407157067316e+40 3.0690515664673105e+57 1.5702983687310693e+57
470 0.80733 11.046562037632933 10.49177476187459 16.369126796722412 13.1359874 14.091449279999999 13.013826304 10.792861702362005 0.025993772370909028 0.040433466645788126 0.0037818436786950177 0.043780958064761524 5.431767681100715 12.016072770616539 2.4587411249161892 920127.0 910231.0 10.916664489492426 7.44404228369171 11.879013318518888 1.8020425327537894 0.0951367544215143 0.08841528699004919 0.01655528121429196 0.004810627563077849 125.77109825736125 56.692010546542505 9.098992217498347 9.679539550090675 7.564355178028172 8.72212112609931 10.378781663074731 10.878627145364815 0.23865086148167425 138.65030260605872 14.490087509155273 6.572609880887469 0.6348629385159447 0.0741316888884423 0.0014569178997074386 2.3753758026835382e+41 5.370667887719011e+39 3.8390617291319264 0.02218682533460106 1.7172145616561017e+41 0.13798774556972784 9.0442437525072e-05 1.5094898172249975e+39 153.5372804432013 12.603201837003091 7.364743962676546 21.086149001643285 0.800861730885728 232.4659225116098 0.19885705431889006 0.1901178265684505 0.11206254730774919 0.07800373618741618 2.5546261346085437e+41 5.035450100558012e+39 0.06132260596546311 10.769646049535474 10.534790442187932 248.7108690732228 177.36542373653128 1.1724124815539917e+58 1.1608302102086101e+58 2.244850315934373e+41 9.158108245687e+40 1.329039491831943e+41 5.2594649102522846e+39 1.313227030624969e+39 3.9462378989795595e+39 2.8743381223745115e+41 1.951865207905804e+41 9.22472913728236e+40 2.9715514523787436e+57 1.4711747402090157e+57
471 0.80892 11.047613324063935 10.491140124946924 27.10412359237671 15.342172399999999 13.54252416 13.021747712 10.794890441992846 0.02605740671813512 0.04047644582978255 0.0037548578172912185 0.04487198561237959 5.470093228884267 12.018154389637653 2.459104546783288 908821.0 899205.0 11.331288689908773 6.401613043237053 11.415862687404495 1.6846901447466587 0.09542963419463799 0.07445092950462298 0.015575830484967973 0.004438684752966444 114.29838710645849 55.911902474139254 9.2226185290393 9.658055084293652 7.828704425545662 8.877316591362217 10.381891567046413 10.9037637078571 0.23621618948721768 138.78824345267492 14.415715217590332 5.516350143845945 0.5784391197056503 0.06039567499938509 0.0012979104856671681 1.884156870959484e+41 4.8795092065356295e+39 2.9576654696397466 0.015299968100617746 1.2850647273544977e+41 0.12385670508276868 7.97726688178945e-05 1.3553055438710523e+39 153.6745365299074 13.192935197062646 5.78878828131822 18.573236387554356 1.045861833348761 193.658372716905 0.1993854175927122 0.17795830329149787 0.10532347486937038 0.07768952826350413 1.8665550821561506e+41 7.119902734816668e+39 0.07204385277995301 10.772337745469333 10.533260427182693 248.63083562923748 177.19966843948046 1.172526859637275e+58 1.159761051558579e+58 1.9560750045108505e+41 8.948295231967412e+40 1.0612454798233916e+41 7.390759423968245e+39 2.3103493753011457e+39 5.0804100590295123e+39 2.93037037092449e+41 2.085355845778748e+41 8.450145239419475e+40 2.8472306404553097e+57 1.4156477982764286e+57
472 0.81051 11.049012935639185 10.489333212169536 21.220813751220703 16.467667600000002 14.29026752 13.080155392 10.79663319036026 0.02612987011870345 0.0405906113666641 0.003732657553025953 0.043153301728405334 5.460375351836451 12.01967419976769 2.4593151492349583 900205.0 894704.0 11.923349373821319 5.668177538163999 11.214451659562577 1.57716347858525 0.09876104718107753 0.06522221257683823 0.015309630752543976 0.004013722160629732 105.41038535926167 55.216652051011735 9.167243549234032 9.662987984526598 7.616312772636181 8.797037829047428 10.37881152847928 10.928884809948142 0.23379106982023679 138.86118942402328 14.392208099365234 4.845441763449919 0.5277245128589126 0.052859759864139454 0.0011107639855445165 1.624278703768656e+41 4.4583433482774966e+39 2.4434541088060517 0.011125107956790307 1.050233285648091e+41 0.11176032699500177 7.250566188797906e-05 1.226362040023678e+39 153.76017381310615 15.096239443174603 5.434632984144798 17.29668297760638 0.9529050219217311 155.42258497405822 0.20827162342701874 0.17063569133938886 0.10051343399890995 0.07777695210729814 1.8080055976882212e+41 6.098466625902472e+39 0.054306854669831074 10.774120703038843 10.531712601172321 248.64436499105943 177.11510885562024 1.1749399245008202e+58 1.1576950033255818e+58 1.7693857922180546e+41 8.422643380273095e+40 9.271214544519863e+40 6.271449070071147e+39 2.136106814630906e+39 4.135342276803269e+39 1.8327956334083616e+41 1.3022396316093358e+41 5.305559996185322e+40 2.7460685823556077e+57 1.3949439243764132e+57
473 0.8121 11.050513110459502 10.488445934434674 23.270447373390198 17.3360517 14.145231200000001 13.157971968000002 10.797766164417496 0.026202922670756402 0.040650185173086835 0.003701397321196618 0.04252248037286581 5.403142776822978 12.02085509783613 2.4594418912737632 893712.0 893087.0 12.677862844544256 4.639975418996346 11.133232668762004 1.4830432819918296 0.10235993770845042 0.050086202572821835 0.01540490871838527 0.0036959372421371418 101.38619368512526 54.47478680391195 9.218099551001233 9.664457342735531 7.766683616686843 8.874250319379877 10.376340779128668 10.953990383415357 0.2313754463735993 138.89365048159027 14.416526794433594 4.032723243992948 0.4861619890687257 0.04302774586628958 0.0009918772881581835 1.279903056722249e+41 4.1135585673476844e+39 1.8513645940990882 0.006464219168069029 7.560693405350777e+40 0.10271587438411109 6.511608909459709e-05 1.1277113142205468e+39 153.79421833767398 14.781678839558646 4.863648736563605 17.052770458538742 1.052507574601451 143.64575355278586 0.20847739721913888 0.15586904298054663 0.09696112135220303 0.07871340922368071 1.5372104846465709e+41 6.777914661652582e+39 0.049093183239524704 10.775288643504046 10.530952388648508 248.76448245394724 177.04327484891425 1.1720254048967627e+58 1.1517114644373126e+58 1.7208296587954832e+41 8.30120466363593e+40 8.907091921580393e+40 7.069137534856047e+39 2.3978341605561285e+39 4.6713033656490095e+39 3.717721816378594e+41 2.291457456059401e+41 1.426264362970309e+41 2.6230147375537606e+57 1.3827958151964782e+57
474 0.81369 11.051721706970655 10.487979304650933 19.420173168182373 14.9375368 14.33824096 13.194385407999999 10.798901514926515 0.02626345873560717 0.040749553952731415 0.0036680380081691765 0.04258371600790443 5.460551163707553 12.021876344077832 2.459471960226955 891950.0 899917.0 13.538808007721828 4.606483801509368 11.234746126953299 1.3898648724876286 0.10529499776590662 0.05107731113250235 0.015656994062984195 0.003375774582485989 99.53591956977955 53.6469951047196 9.12104707016114 9.650854053594946 7.6664755973356735 8.762465243502238 10.377813434605958 10.97908036074498 0.22896926347872038 138.91631263841978 14.437392234802246 3.7942606772882757 0.44502458577456244 0.036898235782769094 0.0008696162727096548 1.4128559344362986e+41 3.773487900816582e+39 1.9215076029084222 0.007887821225153073 9.649163810943758e+40 0.09406528974124503 5.869803958016282e-05 1.0331606154841341e+39 153.81979039205677 14.812734325056987 4.456690605355362 16.491275996388357 1.071830227624805 143.74484062434723 0.19751006512080704 0.14146962732936788 0.09962765701309041 0.07299516913110062 1.3700299527616015e+41 7.657392904341976e+39 0.04511467697219188 10.7763459858827 10.530772560843618 248.87799785967385 176.89067896898527 1.1777200924605842e+58 1.1538401221330553e+58 1.6614856299760946e+41 8.207466069619088e+40 8.407390222377565e+40 7.960652504501572e+39 2.679492840103204e+39 5.281159677945303e+39 3.5915442705905974e+41 2.457659291732145e+41 1.1338849739666328e+41 2.6181039979017046e+57 1.456094133855348e+57
475 0.81529 11.05279739142749 10.488122811656845 23.668885231018066 14.3747964 14.3305328 13.156228864 10.799844852133074 0.026319074497816345 0.040748152761615024 0.003651052919623891 0.04278361551569512 5.495159385931443 12.022835915191878 2.459519207233301 892824.0 912176.0 14.286851323659008 4.783819264164111 11.484919518495948 1.307277938370221 0.10721014677137229 0.05650043579113775 0.016079103924999918 0.003071597278180186 98.96096690740261 53.233042180168816 9.186681182347412 9.65512508447068 7.762986825883788 8.838864599179242 10.377343931038013 11.004312325514375 0.22655742128567757 138.9257789828438 14.478865623474121 4.052059516537934 0.4085079137185407 0.045430908562397 0.0007582105240092799 1.6020365553634101e+41 3.4651087458319235e+39 2.2341248673518335 0.013065915474995462 1.1556205073399651e+41 0.08667821636597893 5.4087301209525454e-05 9.501042288371679e+38 153.83693127043878 16.857634132624835 7.94502904357858 15.829632872308686 1.3888438876121498 148.26896500198853 0.19838812852882398 0.17905679310906814 0.10278039913659841 0.07462528331210878 2.914005629646966e+41 1.0168775314344875e+40 0.05668373653540526 10.777228102192057 10.531098911429332 249.01402657091265 176.75769931209243 1.1801067424590339e+58 1.1565749621604684e+58 1.5601375933000257e+41 7.989004310962213e+40 7.612371619419083e+40 1.0721151990424459e+40 5.1723150360041625e+39 5.548836899551409e+39 2.5555424204899426e+41 1.833341839848049e+41 7.222005798480604e+40 2.6087841914580604e+57 1.5265372043070286e+57
476 0.81688 11.05402209600132 10.486932496338714 22.944140672683716 18.4505326 14.61647008 13.234199104 10.800507616476635 0.02640173477303762 0.0407414169468547 0.003635160169991436 0.04350782145241801 5.483368484576884 12.023813283174945 2.4595836266868534 895869.0 925986.0 14.691237399551033 4.686263965221943 11.849983943225814 1.2409303644100866 0.10662657512705359 0.05373830832963942 0.01671395123752725 0.002781161069723826 95.93891519599865 53.2545567425699 9.217376592302111 9.639343344531856 7.766658633588261 8.87369056773558 10.377485406928246 11.02937081171241 0.22417001273136816 138.9364638000847 14.493361473083496 4.116835197243347 0.3809125668480767 0.04595391935126324 0.0006593677268538813 1.4901990571417418e+41 3.2255623389032325e+39 2.20734869837417 0.010000342120542583 1.0102309198363435e+41 0.08116252996400197 4.926835335931623e-05 8.833774340694958e+38 153.85460556564175 15.804759398016204 5.661108126953667 16.27214804145231 0.8553133797873322 138.06276006604992 0.19314984068402288 0.17024973832413967 0.09942834340983342 0.07326084196952683 1.983050562735837e+41 5.498659434956088e+39 0.05602501829795728 10.77818943268374 10.529554979557462 249.05730256807735 176.6989265480974 1.1775820677791995e+58 1.1559982711517973e+58 1.6124614214139422e+41 8.120911608552441e+40 8.003702606828904e+40 5.823474980777284e+39 1.5497786875980644e+39 4.273696283560899e+39 1.5592626814446593e+41 1.1013874284365588e+41 4.578752545595386e+40 2.5671143530547865e+57 1.5521152233057999e+57
477 0.81847 11.055322248225048 10.486516029586213 20.533302307128906 19.693058 15.143440599999998 13.298272639999999 10.80093766408043 0.026489172814866204 0.04074492186228962 0.0036027206627386194 0.045287585214833476 5.4243609567094015 12.02478787222463 2.4596179798220423 890105.0 936614.0 14.998434451653745 4.257174797568994 12.186578008256543 1.1614056353481739 0.1091636599497086 0.04294921813055983 0.01728557004737582 0.0025216009628431725 94.17887120533976 52.872560494233866 9.18662956437735 9.66360263446275 7.6881526665420425 8.842422183143167 10.369022521415639 11.054413503039642 0.22179187997116556 138.95177785434987 14.50937557220459 3.728536913122548 0.34522430743484506 0.03708551220412981 0.0005713253202095861 1.2538237001204611e+41 2.9178797121730324e+39 1.8922905990901475 0.007322018605630217 7.962283627966981e+40 0.0740453288141414 4.532028803134839e-05 8.025710678428331e+38 153.87198725861464 15.98249364760462 4.056194338938516 17.72652069272622 1.175330530974277 147.07139323425392 0.2002153891947185 0.14884216193018604 0.10079057184219038 0.07377559609243364 1.3448992367024694e+41 8.398293277709164e+39 0.05533635825606629 10.779105200000595 10.528353735063531 249.1635707169385 176.57215408300382 1.1713871908365667e+58 1.1546506233986493e+58 1.7523761521754133e+41 8.848269366711371e+40 8.675492146524644e+40 8.614926581174912e+39 2.7841960365531114e+39 5.830730560724716e+39 4.6821431663806234e+41 2.9885656359644745e+41 1.693577530265632e+41 2.4822441004290108e+57 1.5487040625685356e+57
478 0.82006 11.056634825318824 10.484744558770435 25.17843061685562 20.113686800000004 15.944502840000002 13.37301024 10.802155890257575 0.02657557141771339 0.040815495284556226 0.003592401563368952 0.04576996236287278 5.365389834973434 12.025721797788181 2.459678091270732 895873.0 939156.0 15.432384673481314 4.996153284714617 12.358713159134659 1.0828994280903157 0.11197657696561192 0.06445439966751147 0.01753314748861417 0.002285462768748085 90.89198318760681 52.51628861629506 9.18847466226476 9.667801323150337 7.748553134539273 8.843152259789942 10.363496861482869 11.079440334786248 0.21942296905104497 138.95672926464513 14.524511337280273 3.9088592698422078 0.3104357283751937 0.040498989314119244 0.0004880656375077392 1.6596886040361416e+41 2.6111602412539105e+39 2.1234669494545177 0.013341237253975504 1.2125702827782046e+41 0.06670095277454668 3.986439502010499e-05 7.156979227091483e+38 153.8901364919152 16.950572444980548 4.777854221877675 16.11256396679353 0.765973849426064 120.0426279736213 0.20558177434562686 0.14919997188476325 0.09371298571475888 0.07279142958599708 1.813048339485259e+41 4.846435512713238e+39 0.04402466013278533 10.779897304761095 10.527620520253944 249.2611630457908 176.38688180520128 1.1816819149896526e+58 1.1640539584457198e+58 1.560996260501151e+41 7.910072325165787e+40 7.699890279533012e+40 5.113581246958567e+39 1.3204804818190784e+39 3.7931007751475325e+39 6.835348945586525e+41 3.990113611474116e+41 2.8452353351622297e+41 2.5395378000531408e+57 1.659357857551845e+57
479 0.82166 11.058035687193119 10.481791609873893 19.255247116088867 18.6903708 16.77134688 13.411884032 10.803974008841744 0.026644018717382614 0.04096228487587836 0.0036301685964211863 0.04610651619297844 5.375884694848695 12.02667350095644 2.459680237954313 919829.0 937523.0 15.338137403460442 6.5123793678808 12.438385672991698 1.0266526940370766 0.10943453839013131 0.10618580405342251 0.017900223119355522 0.0021133072627680734 89.09711817743859 51.91804754416388 9.129595486680477 9.673463121583334 7.633092931542354 8.79025853962804 10.358447559088884 11.104608493718917 0.21704841418591636 138.97321459129688 14.588576316833496 5.249296691031674 0.2883268986690821 0.08196419245812898 0.0004348488562357805 2.358745559282404e+41 2.422759407202566e+39 2.996832770040325 0.02393269762276589 1.8187303645895195e+41 0.06218688660234743 3.7436150805461176e-05 6.611233628403862e+38 153.88961388755652 23.167668276861026 14.820072911715387 15.04713518201972 4.053677230866345 159.80189974762976 0.22158928898065966 0.3437509514847376 0.10152508203549074 0.07686865950979502 6.2586016001855304e+41 3.388157167247455e+40 0.10552849905778126 10.780421056340282 10.527445423237754 249.27249618174906 176.30528106278376 1.1996077099117834e+58 1.1712412315663424e+58 1.4223898047059428e+41 8.19520085549331e+40 6.028697189515264e+40 3.43907275269915e+40 2.0530565801953558e+40 1.3860161714394008e+40 8.843024910465805e+41 5.346590196866538e+41 3.496434712709666e+41 2.6852930742663634e+57 1.7563923803258076e+57
480 0.82325 11.05807710759728 10.476645865810763 16.032274961471558 13.3595144 15.7118272 13.361475839999999 10.806751004871487 0.026715469421350342 0.04115278215329062 0.003788698975793161 0.046309301296572486 6.139507538461539 12.027545325261324 2.459740340786961 963580.0 932253.0 14.821647646907115 7.691384568220096 12.360902967860188 1.0209353908601964 0.10810693759581311 0.1333328613697127 0.018370479528911236 0.0019909618457733132 85.85277850321907 51.52966859181845 9.098893065914359 9.660118392437084 7.5784227994850735 8.748686645753915 10.355759831700041 11.12960331418926 0.21469784391132696 138.96875506038515 14.427157402038574 6.312363429447773 0.29037828097247476 0.10819368199440664 0.00040619221919603734 2.3567808354158925e+41 2.4408923545438985e+39 3.331311098261116 0.01998081970536198 1.75442033095453e+41 0.061640525301640575 3.542776907153463e-05 6.45995136238918e+38 153.8847728122927 20.24777867595352 8.956258029450812 23.733295473872072 3.9491002479114092 151.9687591903888 0.2557720731352164 0.15655930249142055 0.0993504465089439 0.0796007653245406 2.44139009783464e+41 3.171822446328479e+40 0.13775911834164262 10.780842857892685 10.527351048012195 248.40261602092875 176.31425725881897 1.2162471987784102e+58 1.18036731471405e+58 2.277368112309745e+41 1.1559038779060396e+41 1.1214642335486931e+41 3.240700270367783e+40 1.7525526794060776e+40 1.4881475919799269e+40 4.466778971676185e+41 3.496661964410674e+41 9.701170051793203e+40 2.8166503160962474e+57 1.8100919732247625e+57
481 0.82484 11.05987344342712 10.475834858902033 19.577937126159668 15.237506 14.81282176 13.43364736 10.808638433108232 0.026757435862249507 0.041366778456858856 0.0036850134299201698 0.0442355179804554 5.514993324439825 12.028453646338555 2.45972102292641 985460.0 929458.0 14.29019497132059 6.81679940438556 12.410369033970818 0.9299509941783809 0.10645686463439893 0.08918312686684374 0.018381485503507187 0.001808335885077225 83.72952539586765 50.9930901561718 9.145464612193033 9.64802274417946 7.661820425182592 8.800036539153144 10.359285349554758 11.15458208468888 0.21235633577421065 138.9831015950838 14.656423568725586 5.887855363393122 0.25193256893361027 0.07424269798201825 0.0003484935021010439 2.0423637581707887e+41 2.1251775433081176e+39 3.0184616303114864 0.011958082606699616 1.39408057250284e+41 0.05439719648995938 3.0903422121609814e-05 5.6892710829121236e+38 153.87225083060213 15.57619670372553 8.134878392863216 16.61570135119886 0.7435246028468752 117.28501795283063 0.20101717008745407 0.18290497084970778 0.09869895609323036 0.07291130492567785 2.7721854432140155e+41 4.472264701313732e+39 0.07846374418907764 10.782298414134896 10.527615600470066 249.16544750767713 176.12041073706266 1.2256184268323952e+58 1.1708566739788778e+58 1.5960694774763623e+41 8.253530167487567e+40 7.7071646013431145e+40 4.827476303124738e+39 1.1117947248329454e+39 3.715681572774687e+39 1.688000659804413e+41 1.140417322267588e+41 5.475833394262378e+40 2.893087245319015e+57 1.7362907922568893e+57
482 0.82643 11.061231237528958 10.47426103945283 27.480811595916748 20.6280312 15.14413472 13.526630912 10.809462822626628 0.02685402891947529 0.041345089621342195 0.0036550366577030795 0.04427615172904853 5.384608663410076 12.029168062803954 2.4597703890844187 989859.0 923116.0 14.551038371865321 5.684701433528585 12.40014252551789 0.8772831055938064 0.11291848520971945 0.06176807114943379 0.018563357778173344 0.0016745272328774685 81.66189735369662 50.652643396619766 9.237078737900138 9.61704475018165 7.813032016409289 8.921739690200942 10.361712937724148 11.179544743254393 0.21002383746959818 138.955692930309 14.654905319213867 5.019569354841547 0.23223436696237554 0.053595806172799215 0.00031879975784655334 1.6162670345511925e+41 1.9582414736224874e+39 2.4276081154488387 0.00808019036813071 1.0235907359424948e+41 0.05042237917779277 2.872649699271017e-05 5.251439847835881e+38 153.84931633142975 18.099980684774536 7.962422229605234 13.483766847582102 1.9538362231527842 117.20388840180983 0.19925759610664798 0.20617936644394888 0.09465213316880505 0.07345513942751666 2.4272829912936765e+41 1.4611472684343186e+40 0.1673642091707676 10.783740206058715 10.52519444412053 249.14329462237086 176.00369546055157 1.2205369837221483e+58 1.1673852619832257e+58 1.309785316757761e+41 7.28094600668066e+40 5.816907157562671e+40 1.4810585292362926e+40 8.166631958903246e+39 6.643953338408431e+39 1.885552472524846e+41 1.2314421316597814e+41 6.541103405315099e+40 2.8020940519216774e+57 1.688896791492376e+57
483 0.82803 11.061894123029834 10.474205578784893 29.61414098739624 17.252805600000002 14.76392992 13.579305472 10.80939549490595 0.026940013486012125 0.04132704202436173 0.003650549733462371 0.0448387999958961 5.582408460824285 12.02991942052849 2.4596265676812674 992027.0 917905.0 15.373744376904321 4.503980931254813 12.34064350385108 0.8507597925855921 0.12789367625778147 0.03757211493804737 0.018874774316016293 0.0015470225893466317 80.38746171382653 50.843135989765436 9.230490717911636 9.62918530985779 7.815455995992826 8.91604907533868 10.356738910930057 11.204648073425505 0.2076857118703428 138.96452104377016 14.594772338867188 3.825162422846409 0.22363698935047624 0.03267908734024682 0.0002941800980503858 1.185482407443311e+41 1.8926600955471924e+39 1.7195069094475004 0.00498799336514448 6.866033793688772e+40 0.047733659797092716 2.6231183475850913e-05 4.9482659461857105e+38 153.8451618097449 16.70417089830995 6.1561170498490085 20.416708497130898 1.2143936259581851 132.28362829010197 0.24714094314331275 0.12353349960580404 0.10266707531292225 0.07078742153902183 1.7824021586962662e+41 8.950263304306582e+39 0.06712526350826584 10.783958797506848 10.524618703940746 248.891733361331 175.95785374225395 1.2103242503756334e+58 1.1681003190051424e+58 1.95501647537294e+41 9.260012168763492e+40 1.0290152581750014e+41 9.375118048786519e+39 3.577686421919755e+39 5.797431619231928e+39 2.1741932785159518e+41 1.561895595724186e+41 6.1229768230519885e+40 2.6682508777046997e+57 1.7091936900178904e+57
484 0.82962 11.063377354740565 10.474512400193415 19.780763626098633 17.2204164 15.47121728 13.66847744 10.810352729988548 0.027009067225365356 0.04141837142311742 0.003568307951031705 0.04411997173306124 5.356407577352736 12.030727123908045 2.4596415960262976 997617.0 904198.0 15.838913026980704 4.0408259516367995 12.149514962826082 0.7883010627332564 0.13472220633174453 0.028111648145811168 0.01870757766181207 0.001418373890837135 77.42694536104983 50.602091811677326 9.150157593320575 9.628527005977675 7.608997286832367 8.811204142376093 10.35647565581488 11.22957822264519 0.2053711337720885 138.95804702531711 14.647908210754395 3.3363299360121306 0.2007692085203114 0.022579049558054457 0.00026015258988339624 1.0273205534170487e+41 1.7011598439399554e+39 1.4235052058621693 0.003190170489917522 5.562209059950441e+40 0.043982351207696696 2.436824787456921e-05 4.54273421086381e+38 153.8285692042462 18.77846908126938 5.923182633548697 32.82300921046643 3.0775057221957787 188.78416447152313 0.25048430074106814 0.11758910990722128 0.10795356943537154 0.08052003717516808 1.696529712700917e+41 2.44629085576005e+40 0.06483934124150639 10.785430018770686 10.52406021909949 249.13680308510916 175.87526622419944 1.2104628182515554e+58 1.1681704933315629e+58 2.9162070304150912e+41 1.0432266092591206e+41 1.8729804218198293e+41 2.4759146434478243e+40 1.6931402647416767e+40 7.827743763633648e+39 3.694380924778606e+41 2.862651507163014e+41 8.317294161045654e+40 2.6379285132487896e+57 1.73342358355243e+57
485 0.83121 11.063910818447072 10.475015035703615 25.481353282928467 16.9608608 15.81781056 13.68227072 10.813059886878522 0.027101986557799152 0.04149692349236643 0.00346049039315548 0.044469925328179324 5.890280135142834 12.031609839499383 2.459744633528172 994578.0 860476.0 16.065635366585784 3.5301957061898674 11.228324942077755 0.7584691335421065 0.1353472574020354 0.02386596183211048 0.018043123557990287 0.0013126845694678407 72.43076249534397 50.04600414405362 9.184600088799222 9.637056753111205 7.730488922896907 8.861220161899078 10.35570168505578 11.254492077710502 0.20306541066637784 138.9497493421004 14.491154670715332 2.840267204331683 0.19371479103459802 0.018255873781050914 0.00023367488944682033 8.975798233074338e+40 1.646705151190544e+39 1.0840369845747189 0.0024222268612389443 4.469363972615389e+40 0.04172645534041979 2.363781595201826e-05 4.257968663510767e+38 153.86766849668706 22.317024836912562 7.19478031888969 17.748788223241586 5.00293579279697 134.86939624582632 0.23799705021689724 0.143257245965921 0.11085852104492244 0.07684565981050522 1.9555201487284003e+41 4.2027387960125694e+40 0.1221673932831888 10.788316711728319 10.524471722344497 248.69308905855033 175.93325808946662 1.2148390606878562e+58 1.1731061761173968e+58 1.7182253379296004e+41 9.610248258074979e+40 7.572005121680476e+40 4.219177766470966e+40 2.1719482630069278e+40 2.0472295063449135e+40 4.185483043244112e+41 3.09984641998174e+41 1.0856366270469522e+41 2.6110602118973498e+57 1.761048857805321e+57
486 0.8328 11.065894774863956 10.473171152515551 23.878365993499756 19.3769206 15.90093556 13.736253248 10.813684380722062 0.027172828756528086 0.041525695753362325 0.0034541748825519143 0.04349717873453216 5.4010416885808885 12.0324718202294 2.459667357693662 1003212.0 853970.0 16.37921004689042 3.5876690086411327 11.27439102640105 0.7024468418742238 0.13907486552423245 0.024905347615214363 0.018257903093721082 0.001189081107398594 73.74389663436655 50.116326589715314 9.219439538812965 9.616103157951041 7.764881926210147 8.90707147192376 10.35758986984153 11.279389579346736 0.2007684918347743 138.9672352794711 14.66906452178955 2.889332731661909 0.1721781342378152 0.018197270485960114 0.0002035789627475178 9.22329075421883e+40 1.466130910133561e+39 1.059924417823741 0.0022727359017516075 4.374575093929942e+40 0.03799954795051982 2.292549276322162e-05 3.91488050330444e+38 153.83189370335003 19.15251589844907 4.301845412561561 21.56753058739034 0.7600626231071764 128.8787158756518 0.21479625044926676 0.11689253683683329 0.10317792191868634 0.07031697178860905 1.2767937819113147e+41 5.108970854923694e+39 0.0715923566878981 10.787890241374429 10.524826908749906 249.32500626055685 175.7904026389006 1.2177476639323552e+58 1.1794260966663351e+58 1.991773852843333e+41 7.9100276212408245e+40 1.200771091111656e+41 5.3998441737057387e+39 1.3630226125875545e+39 4.036821570558466e+39 1.6940759493865303e+41 1.1190045748490768e+41 5.750713729652879e+40 2.625199855180066e+57 1.795584881622393e+57
487 0.83439 11.067435901624227 10.471611992393036 28.596656322479248 22.1967328 16.8377928 13.875253504 10.81510997527468 0.027272575061079114 0.04157051579988098 0.0034047814191842077 0.04306211668729988 5.4590384968814964 12.033255884750107 2.4596695044302983 1010881.0 827594.0 16.732905701475588 3.292534009849705 10.86354882930182 0.6654314453093519 0.14032320936010292 0.02023386275298442 0.018048192477761855 0.0011206513150868506 72.02422898652932 49.87272740888267 9.216817932511312 9.6420635829214 7.932630686087923 8.918844142435562 10.349708344011425 11.304270668941296 0.19848032694543316 138.95980285589906 14.680846214294434 2.743331311934402 0.16007551966171724 0.01626705462155551 0.00018651105378215225 8.454212833714798e+40 1.3660439213043676e+39 0.8919826675226935 0.0019144307039588805 3.534137858743781e+40 0.03546915556311525 2.1706245622175568e-05 3.655136027063343e+38 153.84026410790847 18.536079853316053 3.7944727232690276 22.181202436690718 0.7271335326753844 125.58015799685667 0.22154378362351215 0.10977670168274015 0.0993209962893654 0.06996336773043672 1.1094386106964606e+41 4.554102563953553e+39 0.055167733178204385 10.788896149899177 10.524376078317868 249.3648159761149 175.7412527331009 1.2153001511613352e+58 1.1865632501879399e+58 2.077428117496606e+41 8.022940807019842e+40 1.2751340371099583e+41 4.834240251270945e+39 1.0442173184696534e+39 3.7900229154172196e+39 1.634035845029453e+41 1.0928003557705418e+41 5.412354868414121e+40 2.6047267816450277e+57 1.840432519549245e+57
488 0.83599 11.068699037109695 10.472213962327793 21.995564341545105 19.318462699999998 16.94161428 13.920598256 10.816135482516037 0.027353121577837574 0.041607180151221494 0.0033342552933648276 0.043440806981538134 5.398202269194964 12.03403796427367 2.4596952644422814 1013144.0 800933.0 16.97051293804191 3.128062038771138 10.377063607469522 0.637253377518745 0.13652154047699452 0.016220161134644973 0.017643808501047933 0.0010540774949113407 70.23231943322543 49.50170150132013 9.154177830356693 9.663411251418832 7.734917752922563 8.834271708124346 10.343286631043876 11.32929161755561 0.19618655725546952 138.94769704522972 14.700065612792969 2.5276951268218553 0.15162387128451338 0.012881366031349666 0.00017425843999506268 7.804689795010711e+40 1.2997799911573314e+39 0.806442983808324 0.0016109918479748466 3.2882490849296976e+40 0.0342872194866338 2.135101405870402e-05 3.546941403913534e+38 153.8562545025078 17.968250210341665 3.26468724407453 16.960368374743208 0.736231360848043 110.73513272421052 0.2186534630209794 0.10211381160868947 0.09333662010715903 0.06932275533485745 9.612207820534789e+40 4.609017993600079e+39 0.06465417534119824 10.790042149742131 10.524804708575088 249.414239576104 175.73678082920594 1.212131499782044e+58 1.1941083369617368e+58 1.586970011560932e+41 7.442297716792283e+40 8.4274024020828095e+40 4.9034675048541724e+39 1.3579371920188683e+39 3.5455303061528e+39 2.8719571401330783e+41 2.086079072689571e+41 7.85878067650471e+40 2.593082611590904e+57 1.8763288142927653e+57
489 0.83758 11.069443575846496 10.473882336409448 25.127418994903564 14.2368238 16.326512559999998 13.868853056 10.81655342365663 0.027410013276820494 0.04163747456514873 0.00327811112692061 0.04490139242059913 5.311916107581427 12.034743260724884 2.4596244207323816 1023865.0 789316.0 17.03372954001489 3.4234523721335264 10.22754587956409 0.6171405923697183 0.13350711064112736 0.01727539408413992 0.017624599030861242 0.001000715794584245 70.85797138097936 49.40487590124322 9.120316710601871 9.639589469397 7.734002034924659 8.806179811123426 10.348955622218512 11.354139605734128 0.19391580505742745 138.9398466200286 14.732778549194336 2.4957239919133705 0.1468590731996377 0.01168757210619698 0.00016673453121064097 8.421975505467158e+40 1.2658846466037863e+39 0.9274145566821683 0.0022577800295648016 4.261012556410698e+40 0.03379034408171519 2.1933140571139074e-05 3.510152653759466e+38 153.85367255477223 17.259513514036886 3.4917254337358963 15.424777733770643 0.7369600174942275 104.94133585484725 0.20609379862363642 0.10320081676890645 0.09283254656740314 0.06757173320799698 1.096233350195662e+41 4.679279718268211e+39 0.052480306578667237 10.79028969553968 10.526643265965372 249.50073354190565 175.7807896453412 1.2148113618727029e+58 1.2029634571962355e+58 1.4729849565538763e+41 7.3834737144207605e+40 7.346375846056451e+40 5.1659768249812997e+39 1.2168596082883493e+39 3.949117212618351e+39 6.051907180218079e+41 4.485340670480038e+41 1.5665665120706313e+41 2.6498866655573406e+57 1.9464349189183843e+57
490 0.83917 11.070266176616897 10.47252774514237 25.532253742218018 15.1959828 15.53321248 13.846857984 10.817900408070807 0.027475066140022538 0.04173214023881392 0.0032604550604151974 0.044348187333833444 5.344668043778394 12.035294582790538 2.459519207233301 1053837.0 782745.0 16.40859302006083 4.902555582271096 10.170917049638769 0.5990239379400571 0.12696072425446772 0.032584238998324536 0.017721941117708164 0.0009415014548078916 69.99552260321897 49.503404390143466 9.207234095726287 9.626215660343506 7.787197919770948 8.89457484280786 10.352068858140472 11.378971009615395 0.1916536577809027 138.91311733296385 14.723956108093262 3.691985112338631 0.14319439924249394 0.019074348046450456 0.0001616663414350715 1.510257240773132e+41 1.2436377871712274e+39 1.9887131976520431 0.0065484890759577715 1.0384883423703477e+41 0.03479528474517797 2.2659434287458576e-05 3.637267799697584e+38 153.8417560679796 21.55407247061596 10.462875520196414 21.735284700633006 3.939196256623958 143.3667877787009 0.24052014963752674 0.13553254509055102 0.10365744210626314 0.07303511416903878 2.904569958019615e+41 3.4148343237712217e+40 0.2124840605853264 10.790422757047772 10.527829894352719 249.47042558722995 175.83653087255004 1.2352650605496187e+58 1.2167702012981989e+58 2.0742581844948237e+41 1.0624986097744843e+41 1.0117595740881275e+41 3.4597653987761575e+40 1.8689231278672658e+40 1.5908422709104328e+40 5.881111240595796e+41 4.3785855194747595e+41 1.5025257235593832e+41 2.8778481714151044e+57 2.0640294144785622e+57
491 0.84076 11.071464348669268 10.46869314966673 32.647398471832275 21.038174400000003 15.67169792 13.93051264 10.819908666355383 0.02757503645559823 0.04192275853808241 0.003220203127722319 0.04276603262140487 6.073104882162162 12.03588393978667 2.4593924877592306 1066225.0 775634.0 15.575468296702113 6.015735550995161 10.186615283668367 0.563799252533908 0.11554018139435279 0.03882719625826923 0.017236886324246928 0.0008938439601873824 67.88036332820955 49.78757452080331 9.247415810503039 9.615621180757284 7.9237931264217 8.954175171202655 10.351649404588139 11.403785773203145 0.18940006660640374 138.89616335664627 14.626163482666016 5.004153283934919 0.1337801356659722 0.02821089117303057 0.00014928445600246706 1.9840433924395663e+41 1.1787010017291294e+39 2.5754149152882393 0.007307074304583507 1.2834760820113717e+41 0.03738918793488886 2.6304122721083242e-05 4.002891581851421e+38 153.8030965388252 21.472041908632576 10.323088586372684 13.979380167554558 1.4221761736175638 125.74681749593475 0.2037956443692673 0.13947715834158367 0.09328176498520901 0.06858060566673382 3.916532341380232e+41 1.0796013614293505e+40 0.04980262119058898 10.79151801777509 10.526384265682688 249.14986519073642 175.87406333292736 1.2530497737368456e+58 1.2268640442347457e+58 1.3052709093907428e+41 7.096538416062099e+40 5.95617068443116e+40 1.1211582382613013e+40 5.468494149299171e+39 5.743088247010271e+39 3.4716986930222626e+41 2.6850800788267055e+41 7.866186157726606e+40 3.0271364602820884e+57 2.066292482347899e+57
492 0.84236 11.073256234671831 10.467261941705654 35.42034578323364 20.7526221 15.82189734 13.983609311999999 10.820097522074844 0.027651657705063587 0.04196284906804989 0.0032109866528589105 0.04235467182807428 5.363128139262339 12.036510038566687 2.459368858004632 1088363.0 770796.0 14.80110358742198 5.942343769950972 10.19164129600257 0.5544402799902892 0.11043153469407384 0.036498251524503894 0.017318087826321084 0.0008629826879178377 66.80289503529366 49.944153665161394 9.262566878561238 9.641933532628547 7.983250389866397 8.984809785602748 10.34325052707256 11.428739750888239 0.18714088988081112 138.8680274843038 14.775550842285156 5.242921719015666 0.13242460286857882 0.029586063239405526 0.00014789416265549078 1.90768410443918e+41 1.1696859721325975e+39 2.6799452658470413 0.00648096533660868 1.187969057203646e+41 0.038423114846891065 2.6656446380837635e-05 4.090471777063438e+38 153.79319492131506 16.722125491967223 8.435223826653477 13.931348742533437 0.8232702977909152 105.17097382641552 0.18020660224887639 0.13174774520315952 0.09560230357487626 0.06787960748280016 3.0010341077954636e+41 5.551062098248153e+39 0.06117284194709162 10.79171830112164 10.525133696137573 249.5714453351058 176.06017503073198 1.256245190632523e+58 1.230350552378475e+58 1.3148398761866944e+41 7.025461612297764e+40 6.122937149824756e+40 5.97215404468618e+39 1.8172730407807237e+39 4.154880992745084e+39 1.7827644973312217e+41 1.33855829557209e+41 4.442062027913013e+40 3.077320896119821e+57 2.0524892160918955e+57
493 0.84395 11.074596702830798 10.466443804982863 37.89557600021362 20.8984692 17.24964 14.075173888 10.820019145898339 0.0277477543603686 0.04196832518044544 0.0031895484710080667 0.041558611229590425 5.276126358826775 12.037135236033299 2.4593044066839247 1090079.0 766346.0 14.757360652233231 5.453385562393179 10.218803553852695 0.538759959762524 0.1099091218725574 0.029492061042790823 0.017373617879371823 0.000825548563205104 66.50439101815115 50.17188922227808 9.251718864730186 9.650586128387276 8.054516074273838 8.994861992464546 10.336731157275866 11.453520962952682 0.1849043189762427 138.84735158782 14.789896965026855 4.809788323117363 0.12894317997847127 0.024557049531155613 0.00014405370359907548 1.6145816937927965e+41 1.1441223773104808e+39 2.3546746321509295 0.004773261961882035 9.591036264234843e+40 0.03929314985632482 2.7416997541969773e-05 4.187825618084196e+38 153.76752438973082 16.30589074385235 5.968717659157186 15.351486702055448 0.7393100317742526 93.6251264311228 0.18418016270440038 0.1188827953573112 0.09203902065013755 0.06681515956657326 1.9947971810975847e+41 4.86478634233768e+39 0.09758353566886345 10.792497946326463 10.522816136330439 249.61729829837904 176.1754959186016 1.2533929088858098e+58 1.2355503200799886e+58 1.4417085355798223e+41 7.344669161701428e+40 7.07241619309342e+40 5.1766112205677026e+39 1.4874931992044953e+39 3.689117998940006e+39 3.347076768246095e+41 2.2687518265072443e+41 1.0783249384826162e+41 3.0164790952757376e+57 2.0205802722971724e+57
494 0.84554 11.0760084823797 10.46465811230577 30.508633136749268 20.3234542 18.58683632 14.147693216 10.820667983181234 0.027832147196047378 0.042131875543883576 0.00316637757622561 0.0410604113212539 5.260559609067016 12.03768353182529 2.459190519303271 1092646.0 761230.0 14.656942189779473 5.448832452201212 10.206780094017732 0.5217501619375385 0.11041258232963339 0.0348684989936848 0.017332241339679564 0.0007961650311672407 65.82092829066917 50.35869130851443 9.12579599333683 9.68406699099623 7.826940919899965 8.833326868795593 10.324866937845384 11.4782853702464 0.18267615961397454 138.82253537854857 14.830944061279297 4.437670049595161 0.1251450234897126 0.023797775749586084 0.00014332900331057806 1.5310119125529826e+41 1.1108899416021763e+39 2.2174694307383365 0.0048658626968643625 9.561506811132158e+40 0.03904186829613607 2.7813956846697324e-05 4.158848263585829e+38 153.73720585335593 14.693767513599246 4.378921674047254 14.6626141428776 0.8286870540182227 93.86222057420248 0.18115534597360097 0.10611365625368592 0.09221797047218648 0.06717429518049538 1.393476570722283e+41 5.463984030577191e+39 0.06397388820889433 10.793174422311658 10.521275831927865 249.65611543975177 176.21827107471626 1.2612645607231373e+58 1.241631658743033e+58 1.4044992345257703e+41 7.349043911394723e+40 6.695948437357213e+40 5.771418516046453e+39 1.4618589139887557e+39 4.3095596150212407e+39 8.068142139709044e+41 5.43732663935248e+41 2.630815507334015e+41 3.0223933080997788e+57 2.031383298851667e+57
495 0.84713 11.076545442469232 10.461429158982225 17.421050786972046 12.487847200000001 17.07022144 14.046203647999999 10.823059378722103 0.027877057192154317 0.04253240014360939 0.0031843039490995003 0.03983024888127662 5.341417283999896 12.038193744267897 2.459065853596138 1127510.0 757063.0 14.039213004455146 7.621374679763898 10.161907783008564 0.5049807032228102 0.10669085507073729 0.06444236189255109 0.01697485184434415 0.0007694860077919222 64.50770923023829 50.84089459825801 9.010974895541692 9.67859418184936 7.5868269837029 8.699507418591171 10.324941364886234 11.503032919331527 0.18045636443048885 138.79360581343775 14.85995101928711 5.456984066974395 0.12024334855994269 0.032682402841647806 0.0001407521445816153 2.3559751518969285e+41 1.0706935741679992e+39 2.9723844591414124 0.00972043698781895 1.67727766298855e+41 0.03752870421568422 2.638310828484378e-05 4.022690803859068e+38 153.70159918593734 15.810351842517994 6.80593438171702 15.043977291193976 0.729859481003282 101.67509114629212 0.17314106736460536 0.1157903117620553 0.09345436438239245 0.0658197014034931 2.4962735580113464e+41 4.966629517156035e+39 0.031861292234736216 10.793737603273911 10.522174948594365 249.49571151759258 176.28814465898637 1.2953597745222358e+58 1.2600523841978048e+58 1.3912911080218058e+41 7.076779060596326e+40 6.836132014818554e+40 5.363212576380084e+39 1.5969033935659806e+39 3.7663091946959593e+39 1.2602457106062546e+42 8.282638547510618e+41 4.319818566004676e+41 3.285150091611082e+57 2.1922838014444948e+57
496 0.84873 11.07722602721508 10.454064932555495 20.625720500946045 14.803018775 15.650527839999999 13.9925924 10.826965151307595 0.027941363072518148 0.042852691214700075 0.0033079339984816887 0.04063357222742362 5.374593192256102 12.038684682732493 2.458975556084192 1185865.0 751549.0 12.75787437379602 10.911351928508246 10.096504839725393 0.49474704988061935 0.0946474187872081 0.13721220957844013 0.016682700620407675 0.0007435408917203921 62.73129090900893 51.19600484829124 9.08721301153149 9.648554147575432 7.690230812227148 8.791726951434445 10.327846226990301 11.527919042379436 0.1782310039706385 138.75553970691078 14.855548858642578 8.700612110730026 0.11803938722479665 0.09356737915685363 0.00013843124788502498 3.9319784957145906e+41 1.0573964736569558e+39 5.173148253107406 0.027179080680429332 2.9924074005917503e+41 0.03746640791563421 2.6617250318150237e-05 4.0543939098678924e+38 153.6697647195817 13.286367005703651 12.014813800100107 14.088419529340056 0.7512897558443057 88.83581725254865 0.16390650516676467 0.1825181522180993 0.08951074602105297 0.06596189569783775 5.5269590788886476e+41 5.12217331725398e+39 0.031294571692256065 10.794615605910858 10.522027549137697 249.2228406330657 176.45631333017198 1.335467291639818e+58 1.2742960481707344e+58 1.3380627662233118e+41 6.992689655335136e+40 6.387938010135609e+40 5.4004838641185753e+39 1.3743280636945103e+39 4.0261557962877646e+39 5.240302441338985e+41 3.800462147497302e+41 1.4398402873214677e+41 3.608669805433636e+57 2.3319025747244216e+57
497 0.85032 11.077954325160874 10.450615380583452 16.331448316574097 14.866578 14.40068768 13.94832768 10.828911165127959 0.028008675623627265 0.04299324309333714 0.0033619358147035294 0.04058845687577766 5.334269105197504 12.03908065298113 2.4588207166566804 1217117.0 747671.0 12.180616651915306 11.204574569183452 10.042416855177025 0.4866510408116846 0.09167117140321922 0.1254217820935776 0.016532406989878328 0.0007363949627858606 62.10302232560611 52.042144896401666 9.065153495250861 9.649250774277125 7.5563458918565605 8.752076401648484 10.326631691359655 11.552632610397803 0.17602784833944862 138.7136870436344 14.826918601989746 9.783286798967229 0.11618736301547795 0.10240300456493018 0.00014315415695986307 3.8265529867669296e+41 1.0380053894667792e+39 5.56690565913707 0.023354266592220365 2.7726884281300647e+41 0.03621708019009824 2.4821049637763868e-05 3.8830262845699255e+38 153.63647171916114 10.925914713014931 13.388203392869313 14.818655956595215 0.9380098736940807 83.83192491459944 0.14769192509604623 0.1972745106496262 0.09348486003359571 0.06723378336074647 5.2004780745309024e+41 6.99163809123615e+39 0.07224391709221989 10.796613463291491 10.51926535176177 249.034353229284 176.7870018344682 1.3443709238453386e+58 1.268106793260728e+58 1.4039152612507695e+41 7.205319483037554e+40 6.833833137877841e+40 7.405219760254015e+39 3.085665671529668e+39 4.3195541100025336e+39 2.1756843760500597e+41 1.6637555624227487e+41 5.119288150463835e+40 3.6493385961138425e+57 2.284085478079897e+57
498 0.85191 11.078907413849587 10.450569659730643 28.519043922424316 15.101291199999999 12.837432 13.882866688 10.82952436423471 0.028068689145962288 0.042988940269428615 0.003338942788778941 0.04015122698043724 5.269100149993069 12.039419768939462 2.458631393466977 1208830.0 743316.0 12.387880891494385 9.39775586884888 10.007735063763665 0.4845429202440374 0.0941772163621201 0.09006861512283476 0.01623360808252793 0.000768707974804699 62.524295397021156 52.950855811993016 9.195010236635248 9.610534175573978 7.870233209224524 8.908534797968965 10.334236258643035 11.577329163334584 0.173832916622648 138.66851797898332 14.852302551269531 8.589453485388763 0.11711893240447636 0.0800465965041609 0.00016117142321876179 2.991460046000442e+41 1.0514308355146313e+39 4.739000624657483 0.01646524945589825 2.071180433788769e+41 0.03745710931608789 2.474485682731532e-05 4.030951143049686e+38 153.59269494522667 12.430080769853278 9.698640643138232 14.884321249016576 0.8570914878590951 87.90604941324254 0.1467100341056717 0.1743551791949155 0.09044837252594141 0.06584735756658253 3.224999981716906e+41 6.484664449573127e+39 0.11853486633680989 10.799315295557848 10.5153277412608 249.08906337880717 177.3814692938397 1.340015319108552e+58 1.2617536696937753e+58 1.4110190226472357e+41 7.211751298738676e+40 6.898438925150024e+40 6.694439677207839e+39 2.600312435632887e+39 4.0941272083168625e+39 1.2588309710182841e+41 8.96912588755745e+40 3.619183864527461e+40 3.4870407424502885e+57 2.1475479435867776e+57
499 0.8535 11.080323526407513 10.45090037540273 28.651586055755615 20.285906400000002 14.19418144 14.010171904 10.829198946843077 0.028155798673440587 0.042872077348359565 0.0032827102398240663 0.03936996762696037 5.276920326865327 12.039664333226526 2.458465667946742 1175315.0 738977.0 13.404716904668147 7.220589843617953 9.968366236272269 0.48244187822404183 0.1034046164804989 0.06277646390275349 0.016031682634559796 0.0007788723075499259 62.16150638179779 53.56172655199602 9.235349310963622 9.616800098216059 7.8692815492296075 8.953185885664748 10.330299887866365 11.602008650252417 0.17164616285881662 138.604750147532 14.848383903503418 6.540652778208737 0.1180592783452892 0.05473734296118503 0.00016777354268494784 2.1360688522312514e+41 1.065222821881694e+39 3.4334506243314165 0.011972991573058927 1.4143907127357743e+41 0.038431135674158845 2.3981940711785178e-05 4.138793048295478e+38 153.55049043537466 13.764964693689421 6.3425548081633885 14.088599396005597 0.9713219479493513 81.09364856628012 0.1498515425162786 0.12924168994033072 0.089400857984318 0.06548686068531547 1.9425952065555713e+41 7.330112261320911e+39 0.15198988566402816 10.801170715529436 10.511348127170432 249.1673865453451 177.7426591751307 1.3300477660091003e+58 1.259170587984366e+58 1.3584944058694201e+41 6.999403555107098e+40 6.585540505121263e+40 7.534313821842489e+39 3.2266627795580473e+39 4.3076510182396384e+39 3.089194584673916e+41 2.1510011879188503e+41 9.381933999958157e+40 3.2352202725846985e+57 2.0381440685520986e+57
500 0.8551 11.081635270179621 10.451188928516682 26.52076768875122 20.051089599999997 15.51112736 14.071205632 10.828870640853129 0.028236590435625483 0.04283756780477009 0.0032399017963658347 0.039261231315371715 5.2108850473165464 12.039927946899951 2.458226653577089 1135352.0 735733.0 14.367254746868861 5.690802346375048 9.958408969020109 0.4808673742232413 0.10765461691181098 0.05964271791312894 0.015766970409763534 0.0007967378583485493 61.80905481066347 54.46123990616709 9.206860609569484 9.648771167535017 7.801661911537966 8.921822382667724 10.32171953654876 11.626826075808932 0.1694538650450239 138.55517073595888 14.880627632141113 4.987850721164301 0.11967989338954801 0.04864803281123955 0.00018201738756559784 1.6955128713603357e+41 1.0860719548205202e+39 2.448716330178213 0.015748204895420045 1.1164947284632521e+41 0.038874362700203564 2.2650011278630324e-05 4.201762439608028e+38 153.50742278876623 14.94589485101345 4.072619881355785 13.964592756623345 0.7372725694625237 77.84403592336844 0.16091479657901325 0.11996130066321246 0.08682928599784066 0.06460867267455199 1.4664433642846367e+41 4.913648352527544e+39 0.09175767758797722 10.802100194421135 10.509097800767174 249.25372256307256 177.93826892918796 1.326441879285389e+58 1.264484901956689e+58 1.3377772624039143e+41 6.891303623492151e+40 6.486469005556116e+40 5.311993569770521e+39 1.5329689066070872e+39 3.779024674650673e+39 2.7459971705655895e+41 1.918532922976347e+41 8.274642460960548e+40 3.0293656717300655e+57 1.9967892000187677e+57
501 0.85669 11.082955026322232 10.451260678913352 23.9709894657135 19.5064094 16.29445408 14.129465088 10.828755464002759 0.02831342679371444 0.04281246338750588 0.0032101317452208175 0.0390106293976933 5.218192328647879 12.04011582213839 2.4580284518337883 1105616.0 732751.0 15.338593813178054 4.613468229325759 9.9410952854189 0.48238085900773453 0.11341447053023611 0.057091941863144105 0.015639783074937554 0.0008155321107962878 61.86474296745892 55.01958649413959 9.177217970552878 9.646842456073621 7.761660710260167 8.895194690533081 10.319357521194808 11.651471172215018 0.16728338138649934 138.48807571542721 14.928263664245605 3.819810665332987 0.12215868164750156 0.04311502453747048 0.00019532008354302132 1.3510780572569824e+41 1.1113973490449372e+39 1.772373568251873 0.015825552391102175 8.75910640897015e+40 0.03867178198342534 2.264464200460378e-05 4.175376166315075e+38 153.45922865867686 16.892541483920507 3.958244713367278 14.999571390200185 1.0981139491161465 80.95413656102517 0.17746678564037996 0.1436251772830223 0.08472204345106994 0.06583594698479744 1.4846672741321265e+41 7.929511310450829e+39 0.1068670423711125 10.802475461924084 10.50818217254214 249.4060702588385 178.0440032760863 1.325033388884684e+58 1.2724683049105212e+58 1.4133275841823103e+41 7.120454302986087e+40 7.012821532982678e+40 8.212315530239784e+39 3.8038185850687287e+39 4.408496962542969e+39 3.1495029670878976e+41 2.2680081599538423e+41 8.814948015041918e+40 2.8678518691632358e+57 2.0106977487835182e+57
502 0.85828 11.083599115019226 10.452434606713346 17.335557460784912 13.953923999999999 16.20763616 14.055780096 10.829032214237403 0.028365432275776335 0.04285812716791116 0.003178660315930971 0.03799111502729551 5.249690096149483 12.040379161986673 2.457812912511722 1090404.0 729865.0 16.08063188130537 4.2515115550937415 9.901778003847895 0.48591415762519613 0.11994241669608087 0.055621647360626844 0.015372883452637312 0.0008188489825712358 61.52443374705435 55.413829304313644 9.072409776806932 9.660428241665132 7.605492969852992 8.774612853203175 10.3174772166862 11.676099053159497 0.16512093955352558 138.4360416512925 14.976766586303711 3.560515330984877 0.12385888125839394 0.04618710081799468 0.0002016490800272123 1.444860417402015e+41 1.1237765936345829e+39 1.888446076874053 0.019882932241235645 1.0489062236884534e+41 0.037391908175302885 2.1593005660210278e-05 4.029458072836438e+38 153.4132481392504 18.330918290679367 4.435232655734429 13.483272216955582 0.756226215060156 85.12929395084453 0.1741711686943071 0.12775701255961988 0.08571068105194533 0.06364191106962545 1.9555164517769308e+41 5.246084232890936e+39 0.0497166409067491 10.802617082057662 10.509511288052273 249.4715765246013 178.16644819353806 1.3293552598515317e+58 1.2786074035639828e+58 1.3028231940801448e+41 6.802155381603857e+40 6.22607655371927e+40 5.788501364014014e+39 1.6517124796701815e+39 4.1367888789322473e+39 7.416952492002732e+41 4.788950335920471e+41 2.628002144996019e+41 2.8150036052533914e+57 2.0404182155012722e+57
503 0.85987 11.0845610300771 10.451107825282925 29.598774909973145 14.456498799999999 15.051359680000001 13.97748736 10.830087029019584 0.028422201624537378 0.042892800816972984 0.0031866068945519297 0.03781754802537852 5.232884315388466 12.040586000152649 2.457640404001334 1105322.0 727667.0 16.473368524265023 5.8157236731083675 9.896813005787946 0.4874574226126196 0.12276708709116999 0.07728240769470976 0.015261452413451252 0.0008298721930237604 60.757989510168 55.975805728490165 9.19471357545975 9.620690884149898 7.937571317985197 8.933216649213016 10.327136704498393 11.700709670147697 0.16296649493528093 138.36840791418757 15.057692527770996 4.555723529608158 0.1269689029362534 0.054892419614875614 0.0002120472211442776 2.054047678608912e+41 1.1519884371948271e+39 2.802106432596074 0.018620407941308703 1.6107638337902985e+41 0.03700842506210559 2.0932721878246665e-05 3.9769247830768026e+38 153.35574460758735 17.962980804878026 5.241191229146141 13.8436207367256 0.8356399857586659 81.53532291841948 0.19519662722264625 0.11682358418987487 0.08651621682764754 0.06371750854546034 1.9399621631273937e+41 5.892827745561934e+39 0.03533496732026144 10.802404500813651 10.51096873773523 249.5765336239878 178.2387809228288 1.3511686840567411e+58 1.297486274700867e+58 1.3227298912585416e+41 6.726619221398156e+40 6.5006796931579255e+40 6.250459603534913e+39 2.4028165127572175e+39 3.8476431159888947e+39 4.341736846827042e+41 2.7018202194851742e+41 1.639916624925708e+41 2.9794528574779358e+57 2.191224590606513e+57
504 0.86146 11.085824596912092 10.448321441036253 20.093164443969727 18.476820399999998 15.05728064 14.029394688000002 10.83104475891266 0.02850322122437822 0.042958129631370905 0.003200313349876869 0.03647605360121865 5.190619329155567 12.04081132470825 2.4573923029068374 1125759.0 725309.0 16.65296837329814 6.271040393146165 9.871947194144981 0.49050561870759124 0.12400096710053869 0.07572488335239323 0.014992699869383997 0.0008494982447468357 59.97538480677892 56.887598377704855 9.122795114024763 9.638894687118526 7.703995593706461 8.839504876014168 10.320857990138522 11.725302975285711 0.160820003250296 138.31602419403904 15.101150512695312 5.269133327689434 0.12930947966213732 0.05634585319737919 0.00022575838632241167 2.0495139777869886e+41 1.1691085662482462e+39 2.9900262855050346 0.011101543096802705 1.4676064721056139e+41 0.035553266256454 2.071011513467249e-05 3.811204691265417e+38 153.3104789931843 23.389087084488875 13.847987854003769 14.521389032272971 5.86288589794289 127.59848642215513 0.20222747498386323 0.16650186396787459 0.09805662335719702 0.06869832517953349 4.856629664152699e+41 5.098100939854092e+40 0.05671381011970817 10.802430107533205 10.510497557925085 249.6010134089265 178.32705234216223 1.3604145012477093e+58 1.303908553952474e+58 1.3888710391616783e+41 8.428359051223046e+40 5.460351338679376e+40 5.150406040963609e+40 2.7710670425908194e+40 2.3793389954013087e+40 3.999765595891441e+41 2.7843729405971424e+41 1.2153926557407252e+41 3.0330832482406374e+57 2.2294551729751215e+57
505 0.86306 11.086570817941903 10.447445370718606 23.56649100780487 18.785683199999998 14.836825319999999 14.054119263999999 10.830711551325592 0.02859081356658545 0.04295751775540301 0.0031929427582593328 0.03646235563180274 6.079921799732809 12.040923943161868 2.457176447555692 1139798.0 724785.0 16.68512731845284 5.537773652757412 9.96740684237929 0.492048811326028 0.12538283241342266 0.05606463536750956 0.01495930442115238 0.0008745725345327684 59.10072702049518 58.68832394720513 9.175381957876489 9.626007901997342 7.809122677043488 8.89501923851596 10.32188462836743 11.750033431943843 0.15866799527263442 138.24002310625247 14.963956832885742 4.701517623611636 0.1366592178418805 0.044788601556691836 0.0002473371786841774 1.6241374764991094e+41 1.2403290199872756e+39 2.3851416976992565 0.006900090487728807 1.0476789335186899e+41 0.035546718380766285 2.097747708370496e-05 3.8138397333918485e+38 153.25723238261938 20.18976677735427 9.60209210206566 19.61976891221015 3.7076284031421607 109.38596275423475 0.21297018943318138 0.14488360201955006 0.08197109146209716 0.07012191193975081 3.021997178451456e+41 3.067100792453589e+40 0.11721224920802534 10.80225153920195 10.50939070676349 249.12244717153058 178.1651803850304 1.3591930234437314e+58 1.312237883575589e+58 1.8529069206321106e+41 9.179359844683389e+40 9.349709353911402e+40 3.1025224341102473e+40 2.155370177982631e+40 9.471522558918982e+39 3.50405659308926e+41 2.567011460279888e+41 9.370451332346902e+40 2.9876837885465156e+57 2.2433103305776962e+57
506 0.86465 11.088774044624449 10.445563710570337 26.96386480331421 25.450042 16.88058912 14.160526591999998 10.830978838121634 0.028677363885963668 0.0429627806262498 0.003145656872261862 0.035671383097780014 5.228422193644927 12.04107368047014 2.4568956751115456 1140657.0 721523.0 16.474610457669556 4.773521942247969 9.847162039539633 0.4924913218370664 0.12280795145458807 0.04387606260557369 0.014710290452024273 0.0008679046146042502 58.54823559709774 58.92618951991158 9.166537945219014 9.674104821177938 7.798457752389284 8.896564786417775 10.30524694734058 11.774591862467448 0.1565373272422368 138.18133181484004 15.178425788879395 4.104968674612594 0.1327076434642433 0.035480690850709116 0.00023934266589878064 1.344380848997162e+41 1.186188248045917e+39 1.9892674401431014 0.005349910900910611 8.329913814242029e+40 0.032540958593595855 1.885831023374527e-05 3.464631385726164e+38 153.2146204391816 18.086099576570277 5.075481067617459 13.81859030263023 0.9335392182682307 91.49096592630602 0.17898511137144765 0.11007269628722517 0.08223964621056039 0.061930229365050694 1.5296308485830027e+41 7.128410495032932e+39 0.18918539325842695 10.803094529449714 10.506658254974953 249.784249500962 178.33575873763058 1.3589446512815227e+58 1.311045371415661e+58 1.3393414648433905e+41 6.888860362157546e+40 6.504554287179276e+40 7.477273066817266e+39 3.0851872626357744e+39 4.3920858126529415e+39 2.6226908261297268e+41 1.8416574434962972e+41 7.810333821686082e+40 2.978610934384563e+57 2.2006562041916238e+57
507 0.86624 11.089747109446407 10.446169892192934 26.448242664337158 15.8416554 17.21993432 14.101725904 10.831185260627159 0.02871846277103356 0.04314733092121668 0.0031113295177247215 0.03489527843580266 5.30927006989759 12.041186230920705 2.456690380394939 1138515.0 720548.0 16.876619571465074 4.594513729589014 9.846014220107607 0.4924819514835034 0.12359624127598831 0.0362112702496726 0.014684769830854632 0.0008765667944598077 57.18617301208004 59.49220114160321 9.172301085070377 9.667795549107124 7.834507771632683 8.907023526079175 10.305427702248037 11.799132840739537 0.15441448097524924 138.1049842300277 15.213987350463867 3.62349146932313 0.13395052001840996 0.02785723038133991 0.00024615354747080105 1.2431133579096488e+41 1.1888546973231938e+39 1.7834795487352777 0.005158653092455623 7.754877526063963e+40 0.03142537583879588 1.8017375811408415e-05 3.3281448967003846e+38 153.1617083443876 19.611433049918162 3.8917322360383477 12.920116375332814 0.7415881319479424 79.07917241902723 0.17555165858071253 0.09507533737478517 0.07758039012902651 0.06133220530742866 1.3030932794326384e+41 5.073773704515616e+39 0.05888951205832866 10.803044429809502 10.507719153741169 249.82102888716878 178.369793928995 1.3623329497091586e+58 1.3223654466672141e+58 1.2426974843877767e+41 6.558270943726183e+40 5.868703897866603e+40 5.3463680825751946e+39 1.6192196814260024e+39 3.727148395909463e+39 3.947237888201084e+41 2.7548509487313397e+41 1.1923869378574086e+41 2.9701038182853166e+57 2.221233465769302e+57
508 0.86783 11.090809990858075 10.445070154216623 24.84673023223877 16.6976272 16.57188 14.08418432 10.831660675592635 0.028784969819981635 0.0432671982079264 0.0030791821988402075 0.03591216142915797 5.168418676370857 12.041317877930931 2.4564460612970884 1151392.0 719415.0 16.972596527342976 4.775422543962508 9.848510701074483 0.49458491940283456 0.12016993319257893 0.03949550770439146 0.01460548546046443 0.0008830184628555635 57.13521535878397 59.72505516569488 9.17660502999725 9.677293090402632 7.860037346779856 8.917244514161062 10.300411910075926 11.823656321236998 0.15229941347959852 138.0381477514926 15.25255298614502 3.742551023244164 0.13641102320742227 0.026506041513656525 0.0002509215556462397 1.3280213494277517e+41 1.2041036480571372e+39 1.7560549852617988 0.005046131086656854 7.774896320065366e+40 0.03037503389352756 1.7859558340207733e-05 3.2082844770915376e+38 153.12224350088002 19.13873294668801 4.821604883410131 12.428651988980317 0.8540030848063627 78.45853773363038 0.17150153170272095 0.09755608780839264 0.07955303731103318 0.059852728486896774 1.693248076260292e+41 6.36079200976891e+39 0.051931144221032836 10.802443640565881 10.508950561854437 249.8382146538035 178.4424327440261 1.372002062518629e+58 1.3352321076145514e+58 1.2017677031843481e+41 6.3675576949193335e+40 5.650119334951542e+40 6.782804709765127e+39 2.516818873790359e+39 4.265985853197884e+39 9.313213519919703e+41 6.540493713829154e+41 2.7727197998240335e+41 3.0469070269929096e+57 2.2838508897985145e+57
509 0.86943 11.091780780468689 10.439735829097929 17.817683219909668 16.3979296 16.45899744 14.129256192 10.833802687895545 0.028852824561025107 0.04365693024332331 0.0030988475075081783 0.034976141055367074 5.149990869330869 12.041411244354908 2.4561669802259085 1199415.0 718550.0 16.242664349746363 7.0528515762186865 9.891617779631652 0.4999777071090566 0.11567688077488501 0.0683203959893007 0.014485605520049374 0.0009047010532439073 57.564272310147814 60.54333507400215 9.076590780549193 9.667335182410675 7.66460091304576 8.80371956870957 10.300474521901677 11.848316328807517 0.15017885281161214 137.97022281592962 15.241943359375 5.177713386937702 0.14176371535890103 0.04432126272905323 0.00026598411478449314 2.333362448019021e+41 1.2482699817879619e+39 2.9673269165349576 0.01550130127789917 1.7042128545238372e+41 0.031144193471689115 1.7917531247358155e-05 3.295513003865321e+38 153.06421334032245 18.538045767173035 9.003660482936715 15.989500934848602 1.9395873176207807 95.16929369681984 0.17912855616730655 0.11895832883592203 0.07781049657993483 0.06195258714664375 3.441871053374921e+41 1.5659577773515753e+40 0.04594564696338361 10.801972789602171 10.509812936089077 249.63421801093494 178.45886691405937 1.4144062846687874e+58 1.3608589771901344e+58 1.4910803548182856e+41 7.313336523066974e+40 7.597467031517017e+40 1.6113661694685877e+40 1.0355716674592723e+40 5.757944998379296e+39 7.697341779939801e+41 5.284312181174241e+41 2.4130295928718072e+41 3.4621267001929214e+57 2.4572203334986838e+57
510 0.87102 11.0922806274476 10.434867947180765 18.17074990272522 13.8301012 14.564316159999999 14.062092288000002 10.836474946650837 0.028909326614769384 0.04403297849351505 0.0031364255122676324 0.035039873281922505 5.3783505022938325 12.041412931515278 2.4559137049995603 1254111.0 715698.0 15.52515409779344 8.182081342244738 9.838282087720064 0.5000340778292555 0.11294449337002914 0.07784336840365581 0.014350584600557461 0.0008966731655240756 57.59732797997651 61.29543693116341 9.11062676851391 9.642512357667233 7.623571035099872 8.836860142259745 10.305422215759503 11.87280456876449 0.14807926339234467 137.88470492253356 15.274240493774414 6.607486397258479 0.14120851834875728 0.05460461364870964 0.00026086993650025636 2.7796751472060235e+41 1.2328883370081483e+39 3.86233140747507 0.013804002561548666 1.9828356192490948e+41 0.03025574588836352 1.6911752327404948e-05 3.2019804213634248e+38 153.0031297059304 14.078548481291405 8.3812879302409 13.314674099736926 2.1839472577880854 86.0117498286599 0.16227931385841857 0.1285813677525123 0.07831771379072308 0.062385809162818225 3.123118185340962e+41 1.7471204188816223e+40 0.12677653156253796 10.80269099489315 10.509936834888833 249.48388974839943 178.56947540078497 1.4370706356418415e+58 1.3712621001048476e+58 1.319256187741541e+41 7.123599468569139e+40 6.068962409513035e+40 1.8024030437473344e+40 9.212972861249924e+39 8.811057577773122e+39 5.4370870096470324e+41 3.74960393603939e+41 1.6874830689643202e+41 3.690573064419445e+57 2.53718193330159e+57
511 0.87261 11.093066346795897 10.43238852581536 22.055623054504395 15.3093304 14.09048736 14.049157248 10.837586292209476 0.028973397665924442 0.04410281238728258 0.0031678503047635523 0.03615608447546115 5.210389383721414 12.041415743434666 2.4555107580277995 1284895.0 716542.0 15.023145736735689 8.488195667102968 9.911980872831814 0.5120078457082462 0.11068863271161783 0.08506418479254174 0.014281146498559306 0.0009287270171997053 57.278277390981586 64.14826252102921 9.168245413516162 9.635921025209685 7.730392567779632 8.903251970336353 10.306587758191965 11.897275177586737 0.14598732538018133 137.8233951927206 15.288718223571777 7.110052093834038 0.1504884849767516 0.05748108141738601 0.0002782791683796934 2.7131044982020497e+41 1.3176403496416512e+39 3.9047255867694046 0.011227424288197325 1.8233825321903545e+41 0.03296455986166726 1.7900210076735458e-05 3.531305922807202e+38 152.92858424682612 18.56311961364935 12.250739574308804 13.560704468592183 0.9848552399967312 92.16830027994872 0.1945095796058674 0.16187426808197042 0.07700403972722557 0.05801044978933432 4.568330227429788e+41 7.21937543413318e+39 0.05788870078095134 10.803569540711212 10.50848900736241 249.35333095759097 178.53183490370628 1.446172050989038e+58 1.377129927341652e+58 1.2730958570444434e+41 6.550769920986274e+40 6.180188646529939e+40 7.673098585203653e+39 3.54905545059235e+39 4.124043147460368e+39 4.101822143345598e+41 2.1402927974156394e+41 1.9615293485769116e+41 3.787776024704515e+57 2.5468914353108533e+57
512 0.8742 11.094068159757613 10.430504614152754 21.63777220249176 17.404289300000002 14.19246604 14.130507728 10.838362197008037 0.02904884335455692 0.04405446604537393 0.0031997070531368426 0.03741517906947731 5.1929254943943945 12.041416868197322 2.4553243227446364 1303070.0 714375.0 14.82776290877035 7.417642811402237 9.881901791923713 0.5085428996299997 0.11131439944199861 0.08559356944054862 0.014253757927244669 0.0009211411256193483 57.24048101539914 64.33050244494136 9.161329775449925 9.641357580206408 7.730636451748955 8.896667406379688 10.30422997082741 11.921728112064724 0.1439029970258523 137.7277383896555 15.323545455932617 6.444202901522697 0.14945937724204067 0.06463030442750434 0.0002711796927062222 2.2609374905059357e+41 1.2982914351882248e+39 3.3335310726007688 0.012624236815479774 1.4837291341808066e+41 0.03195881811927199 1.8185566021985646e-05 3.421813970090411e+38 152.89730573855033 13.990300461992973 8.039704450233828 12.511615729484655 0.8035151802082243 73.8254155845317 0.1531754383992736 0.11658046395012447 0.07810373648304753 0.05739913868055484 2.7687720736866092e+41 5.738545648858474e+39 0.09869545284041178 10.80457444536708 10.50657935209731 249.4070337586789 178.61893670212942 1.4435740281009765e+58 1.3764246511822266e+58 1.2058135766934936e+41 6.223931615748912e+40 5.834204153966953e+40 6.21955401053e+39 2.460405496722312e+39 3.759148514578703e+39 1.1986076649564182e+41 7.773113246285984e+40 4.2129634000872833e+40 3.688155572609917e+57 2.5647115691547336e+57
513 0.8758 11.095438915723046 10.431266574264763 36.60849475860596 22.280143600000002 15.103477759999999 14.202858240000001 10.837389905337831 0.02913549240523726 0.04385245196199161 0.0031544405832668334 0.03679567177217649 5.173944559687894 12.041419680091222 2.455011972727456 1282388.0 712741.0 15.52418258415276 5.724798686996825 9.895307153536473 0.510447875703452 0.1165449271734 0.058308512055816185 0.014178105474366562 0.0009306847853669631 57.60658457362684 64.96904495300365 9.209608992133802 9.640190925019176 7.973304566256818 8.967981634798068 10.304058621606735 11.946316954017162 0.14181319936058467 137.65181041056917 15.347518920898438 5.174734012306453 0.1525811875731432 0.051143353592708184 0.0002771351662005841 1.665028694221815e+41 1.3239591977989263e+39 2.4938370192039243 0.006774103384293062 1.0235062924682828e+41 0.03360887122526531 1.978085986137215e-05 3.619033517936662e+38 152.8467355761131 15.963534080116675 6.1945459519045105 13.736421353452965 0.9979483019827748 81.50495794474529 0.15327438557521456 0.12289322806430385 0.07869896614023357 0.06020708762677793 1.915110713108947e+41 7.139091024372298e+39 0.1257796852646638 10.805493868698326 10.50329399304408 249.47520381657338 178.68698621483694 1.432797826426045e+58 1.3689028554616422e+58 1.3040061178785635e+41 6.391730553473617e+40 6.64833062001133e+40 7.540527879515526e+39 3.731688429479988e+39 3.808839406479673e+39 1.1297504652838556e+41 8.177647802692831e+40 3.119856865390185e+40 3.4782186420103183e+57 2.476101662074932e+57
514 0.87739 11.096465571543646 10.433796231572703 34.30851459503174 18.6227304 15.95852096 14.24680064 10.836314226139026 0.029211628093983723 0.043728573206656456 0.0030850665775440465 0.03606422554459904 5.1307826227127125 12.041430365122 2.4547601939624477 1256765.0 709975.0 16.645280664649743 4.338507995609139 9.872132257876364 0.5073965192187382 0.12583974355830774 0.03753252664024865 0.014095241863629092 0.0009331362179821627 58.06620883724563 65.10552793966295 9.217622652037305 9.656954328578347 8.056422112449695 8.984568888412198 10.299869852644793 11.97073430062476 0.1397440134945691 137.56859121070627 15.357112884521484 3.8368936775595617 0.15267807537752084 0.032846006869873906 0.000279999487459345 1.1888721777934588e+41 1.3189122351485727e+39 1.7939447294509836 0.0034900878724211503 7.085643298992006e+40 0.03449440165121457 2.125110812706874e-05 3.712277501361165e+38 152.80078017018656 16.09210664180176 3.5063729890867306 13.235370622555562 1.0904441951198247 74.7622516336767 0.16261885120797642 0.09405281340671129 0.07426273827837845 0.05898838605745049 9.600485238248369e+40 8.093222733149855e+39 0.25872404196103616 10.805955739103903 10.502196620635386 249.54433663356554 178.83451454582533 1.422616452490876e+58 1.3621546533320903e+58 1.2915158011436025e+41 6.673815526200912e+40 6.241342480875605e+40 8.53023118748207e+39 3.709546161586757e+39 4.820685036978113e+39 2.3519898240282907e+41 1.5798631085208073e+41 7.721267160925207e+40 3.267853856179324e+57 2.450478219152348e+57
515 0.87898 11.098079969376698 10.433551541921213 41.367597579956055 25.793968 18.47110784 14.44664832 10.835178862821449 0.029327118472540156 0.04358720744747942 0.003017618182242755 0.03596981327414091 5.037623752914452 12.041542823185157 2.4544865446459054 1230645.0 709950.0 17.357374327403214 4.258426071490553 9.86545766707753 0.5133762984751115 0.12934980646242056 0.043209010732748326 0.01404153408444017 0.0009602730752897708 57.86460541205122 64.8205994704019 9.243295836868528 9.704973546085585 8.024883402704944 9.009949862432105 10.2828431713572 11.995133846397652 0.137682313590753 137.50522054302166 15.382750511169434 3.2303023720763573 0.1558942608471077 0.027058565446731072 0.0002866225668427196 1.1358179554843581e+41 1.3426550261673067e+39 1.4967216470139268 0.0077884519639646035 7.19581481201576e+40 0.036032661498514626 2.2769027295704717e-05 3.8935833705580304e+38 152.74224049479096 18.782552908516244 3.5092447743940984 12.70408587731589 0.6844804148619787 84.63595428419578 0.1553481569893174 0.09545573310113671 0.07722275562673113 0.058251992177666474 1.095202710899056e+41 4.570940770214283e+39 0.2209077220907722 10.805862035560228 10.499721903469716 249.6822459113994 178.85885525134566 1.4208933934064415e+58 1.3639027903114384e+58 1.2158721871961205e+41 6.328507899539133e+40 5.830213962574498e+40 4.9317597324226905e+39 1.5814391118841606e+39 3.350320605481739e+39 1.3145737663181812e+42 7.530098612407312e+41 5.6156390382761244e+41 3.172320114063697e+57 2.5030312465814885e+57
516 0.88057 11.099745673530215 10.429975131288414 13.77345871925354 27.3153376 20.421801279999997 14.713479679999999 10.835305605004878 0.029433319177445814 0.04355270313932216 0.0030682833943653635 0.03549202026008397 5.019274121366366 12.041692347302847 2.454260545400774 1216953.0 708229.0 16.927719648019558 7.310607943027086 9.8741402917033 0.5127849874115527 0.12171010247066504 0.14298960932171337 0.014069462707339064 0.0009735414817392547 57.76291545986212 65.48295070376238 9.040365760020412 9.710723000323764 7.647861965479911 8.778819641934506 10.275520595638413 12.019515550383005 0.13562805909808429 137.44042917122252 15.419480323791504 5.759303450336224 0.15722268881603674 0.0973236061225621 0.0002932685172328266 4.033787581472118e+41 1.3487389246881896e+39 3.919966381921844 0.058139062492893905 3.583421362697022e+41 0.03644386049269488 2.3145921093781576e-05 3.946804561953759e+38 152.69773475785505 18.276612403093637 10.052343472747191 13.429657248737946 0.8152425186612946 76.70587113572792 0.16348935985852248 0.20097609408963274 0.07367745609691989 0.05824071919167468 6.541998618451134e+41 5.626583034900203e+39 0.05402237613212573 10.805303011301927 10.498065342516384 249.72452059788571 178.87300003070828 1.459712794398676e+58 1.3854871465167346e+58 1.294190160682403e+41 6.408027626016901e+40 6.533873982266934e+40 5.954390373132191e+39 2.3664931623050233e+39 3.587897224309226e+39 1.0113583154870693e+42 5.913592818819583e+41 4.1999903360633736e+41 3.4865340229901985e+57 2.7183289980769695e+57
517 0.88217 11.099943635931853 10.430334217814101 15.75801968574524 10.042934200000001 18.00918208 14.5182432 10.836524856686514 0.029454528499589752 0.0435353076492254 0.003173272026415943 0.034852759292459505 5.17499014398514 12.04193619724152 2.4540344284883577 1224434.0 706459.0 15.885045515140211 10.186166308774142 9.864608168387488 0.5141120175762165 0.1118235045412144 0.20914540292704387 0.014117843024040356 0.0009867676975927756 58.91912624070092 65.53830420541765 8.997916295216498 9.70739823911478 7.603580695133073 8.731351219308685 10.281213149592888 12.044032547094519 0.1335683598399402 137.39005154417495 15.495762825012207 8.442967284832857 0.15815329079534338 0.16024142738592417 0.0002964017959779001 5.043579754662054e+41 1.3490881039010413e+39 6.004688442917657 0.08596514108000806 4.451231682617305e+41 0.03692293360045449 2.556110005321004e-05 4.008683010198987e+38 152.64440611811216 16.108929851063635 10.995597538991401 12.804644676884193 0.7101490627424067 80.06207842449814 0.144644442753582 0.27192631285025926 0.07631530781417699 0.05795356010249351 6.50266096990512e+41 4.8996219077282405e+39 0.056746618947658214 10.805969374443908 10.499670942628843 249.75257170706948 178.92000740047663 1.4915586532825241e+58 1.3938141968090876e+58 1.2282219447201071e+41 6.494515392525887e+40 5.787704056644501e+40 5.462158099005243e+39 1.6656150787170164e+39 3.7965430385014756e+39 7.59689784137025e+41 4.3182494491463705e+41 3.2786483900029236e+41 3.762884737195079e+57 2.805160262307936e+57
518 0.88376 11.100192356835183 10.42879985911152 11.244766473770142 8.3101588 15.65194176 14.282617087999999 10.838240661734284 0.02948075563593731 0.04355100371644886 0.003271773746780987 0.03525605592907006 5.256978072238391 12.04212320590558 2.4538625878887412 1242141.0 705673.0 14.768163449227675 11.265872254972972 9.86428231846538 0.5147393578462478 0.10507685582826634 0.22804821122560345 0.014020957277230644 0.0009984975184341505 59.38600190733156 65.37967468077913 8.955636428390385 9.703629880965815 7.432614972016781 8.685240705475586 10.284802828975913 12.068378334018504 0.13152892187924325 137.3231265803164 15.547420501708984 9.638119661209213 0.15867617589303487 0.18165954089913988 0.0003011185738734219 4.690280824849556e+41 1.3479170553060201e+39 6.522707779695469 0.08021393080037775 3.968676856470832e+41 0.037501258133621714 2.6109561216241225e-05 4.0927132149337894e+38 152.59129965626508 15.20828535613051 10.06109886568256 13.908804629192051 1.2359631729812648 80.10348959310235 0.1494890661318563 0.2524028088159003 0.07463254810688903 0.05792690617621868 4.572544728232261e+41 9.651336868156143e+39 0.09203312284947253 10.807057360171697 10.499893945042153 249.77889047240782 178.9407683587517 1.5095959968730576e+58 1.3979581403007577e+58 1.3559252596387098e+41 6.568645461853203e+40 6.990607130396921e+40 1.0024977941309509e+40 5.3569447074745894e+39 4.6680332426698076e+39 4.711438092941899e+41 3.089449095497919e+41 1.6219890063872058e+41 3.8508004243084906e+57 2.772119378577756e+57
519 0.88535 11.100764312182049 10.429450035569712 21.08942675590515 12.120878999999999 13.29443072 14.160242944 10.838688044124783 0.0295302185419779 0.043321902975269125 0.0032964342847186436 0.03479368230092923 5.038564071921922 12.042403848553088 2.4535753100178024 1212406.0 705124.0 14.238045996591275 9.392522365440108 9.84433990228113 0.5185391147504231 0.10154851644015535 0.19884935265903897 0.013913032888894535 0.000994587043655008 59.250745040311045 65.18053208760853 9.142258281864933 9.686856004561275 7.725103869353603 8.88399423718923 10.291891942393763 12.09270615936372 0.12949680917151407 137.2894982620679 15.570488929748535 8.295421527239272 0.16111208232468932 0.16761716772778654 0.00029276380638011066 3.925968532723559e+41 1.3811808495006587e+39 5.115329619852404 0.06720933365991857 3.2283636571874567e+41 0.04018869923472336 3.090171123071347e-05 4.510467888745681e+38 152.54329454846197 14.672822274138566 8.210573725746096 13.541387979227004 0.7616579482157175 79.40203437250577 0.14881047944394094 0.24100844661336301 0.07571511509756251 0.056697927969669784 4.361926902740768e+41 5.524089604432637e+39 0.08418046277471197 10.808239205853239 10.499020180572728 249.8541156499265 179.00937667525142 1.5138477747974308e+58 1.39176174460578e+58 1.3123615071203056e+41 6.670317103902738e+40 6.453297958334102e+40 5.975371097336977e+39 2.3472995210848585e+39 3.6280715391779184e+39 2.8081486037557677e+41 1.7241448614009908e+41 1.0840037519181968e+41 3.6704842102951545e+57 2.602342184562114e+57
520 0.88694 11.102038139722731 10.428523465814846 25.061867237091064 21.6498092 12.932551360000001 14.22054912 10.838492296853964 0.029621917335566402 0.043140140426102265 0.003273506674139891 0.033985633198463684 4.946390542318985 12.04268430996542 2.453459910111173 1177418.0 705150.0 14.119321403904692 7.123696672021354 9.837585238069964 0.5251873722621471 0.10187891673971107 0.14803738742211342 0.013671321429732448 0.001020431658758432 59.41378485143005 65.00379235462806 9.184668840104537 9.721363251761991 7.801843606536164 8.94194008533285 10.280485780933644 12.117015984377552 0.12747198232123935 137.22891308909428 15.547542572021484 6.443440060440242 0.16617606995763093 0.1332315531192721 0.00030321736387602214 2.862272023054549e+41 1.4495663479453607e+39 3.682988865652732 0.05286632671945452 2.2752930696741355e+41 0.04522079400893602 3.760266630720501e-05 5.257775146935988e+38 152.48365875481363 14.490015696454948 6.096655311909679 13.234279916470411 0.7573698215975461 81.00982250270474 0.13642056051149418 0.18596770881128713 0.07395322873047588 0.05617582459358393 2.5804619185822314e+41 5.503850542857139e+39 0.11168306509415521 10.809232870380779 10.495764463172577 249.84679743526578 179.0664352375145 1.5066096486892204e+58 1.381140847515808e+58 1.2781342949992156e+41 6.395664114653814e+40 6.385678834824936e+40 6.169823050751011e+39 2.3604888069560513e+39 3.809334213312494e+39 1.7524949253868723e+41 1.0802410372504247e+41 6.722538901968982e+40 3.420439804324147e+57 2.4370976715313692e+57
521 0.88854 11.103241312761854 10.429309796288114 32.54087686538696 21.077158400000002 13.96356032 14.30320896 10.837746730125243 0.029697373968993402 0.04306157731764699 0.0032222913118161813 0.032762138056968496 5.053296416306306 12.042946097443552 2.4532813064158496 1141509.0 704543.0 14.423652266589313 5.120364332122844 9.830786278252557 0.5297383879323909 0.10523641201299798 0.09983236274577713 0.013430684216778604 0.0010575458637678615 59.364544926546614 64.75476988221091 9.210609617365545 9.701731264279687 7.933724060576137 8.986355342703343 10.282108397604082 12.141460492217295 0.12544173588133334 137.17483553029086 15.54975700378418 4.519570090487767 0.17137047735386687 0.08499877578552027 0.00032402854137583665 1.872866241730761e+41 1.5263289242182554e+39 2.3136738742980105 0.029175748990210228 1.4032050407098348e+41 0.051549820331519135 4.744867695677372e-05 6.178689849981921e+38 152.4357100394039 13.839422143516158 4.2925320427705245 12.61716139566671 1.065091209914575 77.04306702168444 0.1398784532119177 0.17203427693965204 0.07359061005109517 0.05724483613511206 3.49674981476627e+41 8.673491276664414e+39 0.11344799005387485 10.809872398269611 10.493475387363404 249.834887607799 179.15549859735597 1.4953874749291343e+58 1.3696281960951517e+58 1.2271429737794477e+41 6.260471444121594e+40 6.01095829426034e+40 8.955288112152626e+39 4.723810663807935e+39 4.231477472665815e+39 8.196052465171078e+41 4.0706784579619925e+41 4.125374020158333e+41 3.1667766187051474e+57 2.341898953054431e+57
522 0.89013 11.104512479050578 10.429700353231155 23.96050453186035 20.175551199999997 16.23251616 14.427311616 10.837053885972846 0.029765798394902915 0.04301001181053027 0.0032012376516382503 0.03210325470052069 5.0337769251651645 12.043226209010351 2.4529783834880714 1105492.0 705873.0 14.550158098205166 5.490169420943618 9.819083662192627 0.550540353294851 0.10939142882093822 0.14342310189699303 0.013197980252965874 0.0011182757710827959 58.95945336234353 64.16852316185836 9.102184342211697 9.719792574288995 7.844512346582768 8.863362665847378 10.274935426199733 12.165734088663694 0.12343140889532989 137.14429238185545 15.59035587310791 4.672518440819229 0.18563340601749412 0.11890069475912915 0.0003594634084862889 4.479961451602722e+41 1.7103641824994733e+39 2.903489513590682 0.07991637827428152 4.0862712080464676e+41 0.06384332947442323 6.804978990721634e-05 7.927588883373804e+38 152.39901611956333 15.053900800282904 5.124841869282859 13.105818065188656 1.064105496153989 85.28711708826803 0.1551807793607266 0.21453986083560342 0.0741542385255709 0.05656620694152489 5.278694270105599e+41 9.627923109341928e+39 0.07455081791364977 10.810181396636395 10.491638408528257 249.98860332833792 179.1945978826945 1.5032908035991457e+58 1.3794414982051235e+58 1.2579881950432575e+41 6.722932298747108e+40 5.856949649860979e+40 9.919857243072694e+39 5.304654928626605e+39 4.6152023879955794e+39 6.704548116476263e+41 3.638001175614604e+41 3.0665469370155183e+41 3.131615572530148e+57 2.485188029774243e+57
523 0.89172 11.105615227430746 10.428431002653202 23.419513463974 19.831004 17.974937920000002 14.491129344 10.837295627491185 0.02983413644096051 0.0430526213584893 0.0032095328002169307 0.030920279863491548 5.066522745945946 12.043618061931797 2.4528650054736167 1088891.0 707425.0 14.351501132788869 6.118090196641555 9.785671342220521 0.5717411326838071 0.10974844853412345 0.14552692625885064 0.013183964441371395 0.0011557466591446083 58.104473762084915 63.28349915117132 9.086431578739724 9.742124206326993 7.7962362011797035 8.848697524126838 10.264246504979159 12.18998957151756 0.12142825102049981 137.1016933925432 15.624191284179688 4.803932948785631 0.19961853855176623 0.11829218778032514 0.0003789245763275012 3.3170578725030738e+41 1.9129106623903677e+39 3.1519555159945454 0.079466176721323 2.9178807983589015e+41 0.07864156180373057 8.29771852503883e-05 1.006791683272999e+39 152.34316750500258 15.00176399970633 5.196049539261211 13.629993287120685 0.8366004355655657 90.77827276300118 0.1375487416908555 0.19820141281541073 0.07760081812689909 0.056348109616883336 4.728452988001049e+41 7.181392553200935e+39 0.14101265822784811 10.810503464114882 10.490402441206275 250.02793767463075 179.1872616358414 1.5168144766966164e+58 1.375353318712389e+58 1.3118440236554881e+41 6.732426040609316e+40 6.386014193802228e+40 7.590845214931646e+39 3.4322964051941006e+39 4.158548752917097e+39 1.284053313855512e+42 6.716827916682552e+41 6.1237052392240525e+41 3.1143618671151638e+57 2.43723712900978e+57
524 0.89331 11.107103801203056 10.423929198393035 14.482946157455444 23.5626016 18.62507104 14.570298624 10.838333276335812 0.029910243020521993 0.0430714945527924 0.003294832246204688 0.03130635164310849 5.024468375799646 12.044195679797939 2.4527908576882536 1077710.0 707186.0 14.136254647843971 8.460986293083797 9.757021184060626 0.5829739234424532 0.10406843900742621 0.24475517529392468 0.013172248843683175 0.0011688032753351017 56.90118032060028 61.62807532937825 8.967088939028587 9.773141331524371 7.5355621476871875 8.71512737079083 10.244857795188222 12.214226904170447 0.11943222397599929 137.08244996615014 15.669342041015625 7.146072318101823 0.21062354434039227 0.2031072738862896 0.00039418956211392315 7.466343024030717e+41 2.0963574815629096e+39 5.052909091374976 0.13942465051011751 6.9579170109693284e+41 0.0928040703726448 9.033593509219088e-05 1.2143739011285475e+39 152.2967149567862 13.445741566363868 9.531305703461097 13.465530516910455 1.355930725088003 87.12543154560619 0.14678261600080117 0.293215731907457 0.0775667123864533 0.055864087023864306 1.0038867506438963e+42 1.295011199341787e+40 0.11683658234867551 10.810963239928352 10.487860003088342 250.08160400723236 179.20039881070554 1.539904244347944e+58 1.3942686373056041e+58 1.3008229217311626e+41 6.826847196577018e+40 6.181382020924671e+40 1.3561302134174632e+40 7.993964719800875e+39 5.567337418083455e+39 2.5790318512610803e+42 1.3181087932170615e+42 1.2609230582543077e+42 3.230747578888202e+57 2.6299247448030787e+57
525 0.8949 11.107577685678473 10.420773773629106 17.155076026916504 11.7807166 16.29598832 14.397883583999999 10.840576948116823 0.029943576239085227 0.04323420181245028 0.003429449234373464 0.02934095848381372 5.057246035666436 12.044549252258754 2.4526774307008736 1085154.0 709627.0 13.178386187672286 12.807308953852662 9.750936022681842 0.6251710358801026 0.0935528836847487 0.356188628679133 0.013007033051167809 0.0012425352870352772 56.59888400613308 60.44125497457811 9.0762129312353 9.705165018413853 7.621507621778819 8.830249044656366 10.264642504864163 12.238446050540425 0.11744328975304508 137.03427332697441 15.6851224899292 10.191535095078542 0.23793646131503715 0.27495162708411924 0.0004428728143002394 1.0757397583580407e+42 2.475805653629568e+39 7.740922926617751 0.19509080470633405 1.0175859031332112e+42 0.11870351022711799 0.00011669603864692451 1.5820681883082183e+39 152.22630714950338 13.995901214297843 16.90800090513956 11.94894693715127 0.9044568668030917 77.13226526425318 0.14660357960308884 0.4752943761697962 0.07184613459952627 0.055135850254788676 1.6333517900138514e+42 8.019442332139275e+39 0.06383827012828631 10.812243451662246 10.487489592822628 249.91592359657488 179.17407887870215 1.6083603983921965e+58 1.4441589223109746e+58 1.1588656384302905e+41 5.939113439075522e+40 5.64954293904848e+40 8.498495906188287e+39 4.235688665461504e+39 4.262807259294883e+39 2.7570704985635486e+42 1.682767867134944e+42 1.0743026293136776e+42 3.742397667116456e+57 2.9500451234538138e+57
526 0.8965 11.108765624153603 10.409382338915282 18.840834379196167 18.1376422 15.68302176 14.424714112 10.844561428973819 0.030005002735434032 0.0434000880306383 0.0036886624294922865 0.028266137183801582 5.08762000075075 12.044754114337918 2.4523478881670657 1134514.0 710463.0 10.930283065308425 19.23636721518485 9.747247703065451 0.6643098367963847 0.07880759133852319 0.486514167160568 0.012954951077225801 0.0013137460217320103 56.59749861005142 61.54642369485356 9.02589206856153 9.69214104466006 7.6929457738871445 8.790909204192538 10.262056968360788 12.26279912440495 0.1154489682097044 136.99619674127473 15.707878112792969 16.254502556200705 0.26217770208590185 0.3940765375750628 0.00048802958394222635 1.3903298340493486e+42 2.779796391913428e+39 12.961452939265781 0.26967479825648505 1.313354505518729e+42 0.13853437815718495 0.0001398120239651303 1.8475622532128406e+39 152.18636503510845 10.178850256556496 21.029498586608863 13.528567211874236 2.521968019155396 84.95319673318605 0.13213177349704902 0.5386560120405571 0.07235035787402827 0.05768195321893711 1.6465480150984588e+42 2.5181384264594086e+40 0.08632297334685972 10.814440180086867 10.482188547784036 249.7444562595495 179.20433206921953 1.7004080546603232e+58 1.4788205690541447e+58 1.3193502854983272e+41 6.839770233698605e+40 6.353732621003067e+40 2.556023761034165e+40 1.6880592919228236e+40 8.679644662511835e+39 1.554100040205711e+42 9.42614486648383e+41 6.114855521240663e+41 4.5268326820852405e+57 3.1959686921284834e+57
527 0.89809 11.109375132565114 10.402559379651015 37.77337193489075 13.598574 14.25861216 14.330102784000001 10.84745398420111 0.03005306866704759 0.04360785294390666 0.003857108789458199 0.030040248560421222 5.094055479909909 12.045014657504588 2.4521273260299425 1138159.0 717160.0 9.153217912977043 19.757640783820776 9.753573342443755 0.7601469814639868 0.06951115158770452 0.4799881309845046 0.012761784528249389 0.0014449032128747454 56.2449038657443 61.9230104019113 9.0748941329264 9.687860592029947 7.9700054349405915 8.86674771893611 10.259651476752248 12.286981677119257 0.11347415069759159 136.9507073753283 15.682071685791016 17.556835882651065 0.31572935186861895 0.4025984903293032 0.0005543560331618772 1.1674388697665742e+42 3.418177919753192e+39 13.18815413852049 0.23818551520239234 1.0665363887588778e+42 0.1761761023917815 0.00017033995984309618 2.3519259550150948e+39 152.12006176506725 9.207795867627912 20.877992723158616 13.659319549607494 1.0401589987608573 89.98813748490291 0.12406548169155976 0.5369210610319745 0.07532461491304179 0.05391659320091722 1.3522638769428766e+42 9.24229974425301e+39 0.06643330602517315 10.81783619972718 10.47577455840751 249.51055022666944 179.1819650609539 1.7369629821552072e+58 1.4745884590705322e+58 1.3337215394472725e+41 6.712457087043987e+40 6.624758314610171e+40 1.0000821356722817e+40 5.201329961787667e+39 4.799491408743649e+39 1.4026655496676276e+42 7.851180850951893e+41 6.175474678596697e+41 4.515911495955141e+57 2.9104486152404444e+57
528 0.89968 11.11041036419127 10.397107438114535 17.94456386566162 17.4727272 14.02076192 14.31595648 10.849301181149391 0.03010878686880358 0.04367382325615505 0.003991329056993438 0.029007027248062003 5.102252787987986 12.045311831740754 2.4520574215831408 1099029.0 719466.0 8.083987391645385 17.747444531590517 9.78121073140716 0.8074812403484811 0.06659226410644216 0.4864170017416394 0.012513999639795808 0.001544811232551092 56.07505697670707 61.584600166852695 8.992494156367243 9.712604818171572 7.649417103961846 8.7608593568842 10.24543100645754 12.31114593821406 0.11150631335585981 136.88747617897272 15.658673286437988 15.873677136052006 0.34354411218757497 0.41930057133529786 0.000612265959587315 1.0736302216870648e+42 3.718360046890761e+39 11.081059362320467 0.2390935680153157 9.668662893876783e+41 0.19412823286219513 0.00018644777471272045 2.568746777110587e+39 152.0761791571384 8.780838024884636 19.425989386028203 13.977938121967277 2.469130180539516 83.69163922297358 0.13736161360538396 0.5592947548954385 0.07178607180913753 0.059690142086226035 1.4450618205407803e+42 1.9931801100633945e+40 0.06635917892462395 10.821552003223683 10.467267580032738 249.38629989774677 179.17803738698402 1.7598251211084113e+58 1.4729913801604803e+58 1.3545673977402387e+41 6.838636622026296e+40 6.707037361275955e+40 2.0591571021150302e+40 1.372416712431834e+40 6.867403932651806e+39 1.4502902026971942e+42 7.384767522495637e+41 7.118134508953207e+41 4.204488262809848e+57 2.6618048113597974e+57
529 0.90127 11.111243168703242 10.39374609840388 20.17780065536499 12.474749200000002 13.4294396 14.130947200000001 10.85104152611624 0.030136050691605295 0.04389114916598262 0.0040645962744780655 0.029666360209104212 5.107953138033033 12.045813165771559 2.451775505119814 1072956.0 723633.0 7.541495913796473 15.849352580661265 9.765575835863745 0.859056317545412 0.06717727382849409 0.4322711029584896 0.012320806498621831 0.00164696184355647 56.03591973838426 61.37218818025762 9.005395127967647 9.693931887557392 7.6862770324672 8.765391495282739 10.247235797613822 12.33529187368232 0.10954541924173666 136.8900610291933 15.696609497070312 14.181302691887284 0.36906376541287145 0.3795625282956404 0.0006515291905513702 9.651214144280353e+41 3.9602642953041333e+39 9.299458908999487 0.20854678464600981 8.565208629855084e+41 0.20517288317634866 0.00019458700261100868 2.6948394948860868e+39 152.0391539430596 9.16718288317339 16.107096208212415 12.99802960733096 0.704186564825494 91.5502252745681 0.1351366799100979 0.5161089053267054 0.07634830178334949 0.055663469636214144 1.0508524774770997e+42 6.297267264493917e+39 0.09663125161959056 10.824922183663645 10.460926245161462 249.41380052900004 179.1976186682363 1.7757620369598522e+58 1.4758994261823127e+58 1.2349866004924866e+41 6.972360897245382e+40 5.37750511468613e+40 6.556994870784457e+39 1.912827362197128e+39 4.6441675200079766e+39 1.603344799743465e+42 7.794293919493485e+41 8.239154097277835e+41 3.8804514686286195e+57 2.5346027058295713e+57
530 0.90287 11.111987756854838 10.388414822069723 27.940285444259644 16.208558 13.68109048 14.079782911999999 10.853036240001842 0.03019543552758473 0.04382759824754656 0.0042112686029534925 0.030740010918213684 5.167479845487795 12.046165424369521 2.4517602020913674 1050585.0 722560.0 7.396969940165122 15.143703845622545 9.781417576807709 0.8724213135380936 0.07320047600393272 0.4582781589277869 0.012299257165190342 0.0016805559600906342 56.443914065751365 61.198153635979644 9.071558465510607 9.663547707157353 7.834773585099624 8.839427940350463 10.24867687147307 12.359571137623234 0.10757916422076264 136.8266027769381 15.68044662475586 13.326369568740752 0.3777770649720728 0.39123294737256314 0.0006772328086964038 9.7306621197323e+41 4.0328289724521517e+39 8.768866490442962 0.23641202420961288 8.74419737184234e+41 0.2116318617696199 0.00020508887523324604 2.750187212843887e+39 151.97768837621896 7.352894777779831 15.485640609565985 14.454075559299099 2.6210587841846986 90.21177845424857 0.14066924147458232 0.530498081805449 0.07234085294610347 0.059604471310288516 1.0223993351637495e+42 2.464235063377998e+40 0.12406547900280704 10.827842352039163 10.454473445281462 249.24619527828406 179.10346451464693 1.796433722430165e+58 1.487759652088356e+58 1.4290146847908604e+41 6.832366104830235e+40 7.457780741647308e+40 2.4891686337443833e+40 1.6333906714651387e+40 8.557779632834779e+39 1.2158109946595435e+42 6.1805153793537265e+41 5.9775945749227476e+41 3.678965783592792e+57 2.523438219109657e+57
531 0.90446 11.11288840275889 10.381405804157028 21.759071826934814 20.6981392 14.98480248 14.20240784 10.854943125878643 0.03027206392132011 0.044021125952685286 0.004301546544192624 0.030426109680620574 4.996414305895639 12.0465918702254 2.4515327792700967 1011103.0 729166.0 7.391951846311767 13.851988107319594 9.772948971962121 0.9195880623402751 0.07729288194038975 0.429676844202256 0.012051109908806163 0.00173813296990707 57.57651865622625 60.339475010572016 9.111548360130913 9.701077502135414 7.839124597797347 8.901542133778062 10.229556963754938 12.383680206074231 0.10563208986577632 136.80923280028225 15.6575288772583 12.080634262991074 0.3974954083276283 0.368304212785789 0.0006944096666020018 7.361832182518787e+41 4.2205567512683425e+39 7.587388388972746 0.21018186581528345 6.369145196360546e+41 0.22212689088960838 0.00021755603607972391 2.863795718508325e+39 151.9337239178438 11.166614976691486 14.351675985382059 11.886715075053205 0.9155736912130391 84.83502196201177 0.15210973621359328 0.5336070185789884 0.07451201316579989 0.05625105620019639 9.202955348175134e+41 8.473265425918109e+39 0.0992573639540689 10.83083197177635 10.446119853193673 249.09125362660023 179.0369601916484 1.8109551069130664e+58 1.4765096379348162e+58 1.131342686575153e+41 6.30640873445477e+40 5.007018129738772e+40 8.841903236756609e+39 3.830974023892145e+39 5.0109291855168645e+39 1.1590536668896899e+42 5.1723856425837485e+41 6.418151013813085e+41 3.400822772467823e+57 2.3210523299914986e+57
532 0.90605 11.114025409480979 10.374048835218744 13.338868618011475 22.175133799999998 15.57411128 14.345664032000002 10.856626851206686 0.03033764686113506 0.0442649971333172 0.004412065286191406 0.03161458169989443 4.926529145010394 12.046962376780822 2.451313991113377 986844.0 729669.0 7.7590193175144435 12.94967283598951 9.753680490084056 0.9252441098086345 0.08631009832335525 0.4412142690004993 0.011932201852072718 0.001764749560481733 59.46253403244031 60.00304881397668 8.941235901179505 9.715299264261198 7.601008094970909 8.710375102076982 10.212741861786965 12.407770849717242 0.1036918492356933 136.78190717331944 15.694695472717285 11.542879580734002 0.39609998002756486 0.38840747788574137 0.0007052252422271881 7.932841985735797e+41 4.18962748733599e+39 7.198127155987323 0.23084111945989252 7.020104538200289e+41 0.22270244001367065 0.00022528193877638606 2.845012782577144e+39 151.8885909075816 9.129239453667566 12.325683892342981 13.32906170266458 1.1177404841563015 81.45928162636739 0.14766703815508295 0.5160317133063536 0.07199270283188015 0.0576546713099192 8.657923746678201e+41 9.900917584498739e+39 0.1559725117751525 10.83293208155804 10.438995563354913 249.04171770229178 178.90253332604135 1.8155294264231272e+58 1.4695964821484462e+58 1.2954964599678394e+41 6.655066470983183e+40 6.299898128912077e+40 1.0393006485712635e+40 5.1561201397623085e+39 5.23688635813216e+39 1.0009073598460403e+42 4.566441842318639e+41 5.442631761610201e+41 3.202030192374866e+57 2.290330883661933e+57
533 0.90764 11.114379582370281 10.371674544016017 14.997085332870483 12.3588698 15.17026272 14.163420416000001 10.858162077738793 0.03037035231972425 0.0444417667238338 0.004495429151938442 0.031469750945740185 4.909079441663201 12.047202731434856 2.4512548994088292 952533.0 732688.0 8.184241155474332 11.626455191214859 9.71190277157914 0.9265938000727564 0.09118363354424308 0.4288390414216828 0.011868509201685385 0.0017848572863983178 61.4202917985661 59.68926042623216 8.89548454074317 9.709087160534288 7.566260072886874 8.664647525465732 10.210785143705657 12.431843036565288 0.10175840641664102 136.70917008068187 15.692063331604004 9.813922785010496 0.3893113419305313 0.3523621174345547 0.0007026569250451106 6.165115634744637e+41 4.1025120629068924e+39 5.795309262153812 0.1991145229438421 5.350855164043325e+41 0.21902088613856374 0.00023090688886645702 2.777522874048614e+39 151.83138841623602 9.962598620459124 12.458145974055775 12.860351762897794 2.4207651198226405 83.95551628511537 0.16833051258106205 0.48772152507416305 0.07262712906706238 0.05933904253069399 7.554135725517632e+41 2.3385557269314977e+40 0.16247390970009887 10.835213164109918 10.435299170726191 248.8629972602697 178.77307820068458 1.8185500763821388e+58 1.4556115448614178e+58 1.25542743020443e+41 6.36664917365118e+40 6.187625134079729e+40 2.4217580169959984e+40 1.5044706583672567e+40 9.172873587647648e+39 1.8045125432939317e+42 7.853094041803592e+41 1.0192031378314829e+42 2.9605484219660313e+57 2.185400872647558e+57
534 0.90924 11.114787281113642 10.365582854151146 10.921647191047668 11.573214559375 14.346063545625 13.9712326675 10.860659216121539 0.03039997307854857 0.04438304543906606 0.004719483003812536 0.0329025793212352 5.015458388271348 12.047646455082042 2.4508957991769553 936505.0 737011.0 8.711988669544395 14.018155999135342 9.701692874437361 0.9443746231312363 0.09432045283193198 0.589216010378636 0.011759659074542168 0.0018189445303329408 64.10033148517583 58.221263633322856 8.868850652862411 9.686906050613965 7.364327183407793 8.62204651157995 10.212012422748613 12.456047957679434 0.09981962958074875 136.71513816623863 15.714885711669922 11.54905083695582 0.3909716050670587 0.4770402226834476 0.0007093770238726192 8.417596789151432e+41 4.100830639816497e+39 7.208730992635882 0.28772798961460055 7.510162418919389e+41 0.22083079970320554 0.00023005796671561547 2.77245259463923e+39 151.80627124214197 11.759273211064288 15.162071299823884 13.318423214243355 0.6339902798257401 88.13922792785402 0.16990675766908933 0.7356901635301818 0.07457415978270904 0.056978710528815465 1.1915004617152476e+42 5.0248834508745575e+39 0.11710833304314518 10.837123417182031 10.431884104463537 248.75149746541143 178.51816142907933 1.8346434925552674e+58 1.4775787129761133e+58 1.2926256153552858e+41 6.894468263292964e+40 6.031787894986586e+40 5.360345966548045e+39 1.479715150970529e+39 3.8806308696681115e+39 1.3536092682142652e+42 5.956801280835194e+41 7.57929140423418e+41 2.9659284181839726e+57 2.42741017445975e+57
535 0.91083 11.11526432469582 10.359222558416109 13.617665529251099 12.3759572 12.917532800000002 13.792081664000001 10.863409647520694 0.03043649146857865 0.04436452634326512 0.004913228804700651 0.0342048330224782 4.947603440346115 12.047886431544315 2.4508826557316543 934626.0 736757.0 8.859620847591358 14.62833071433384 9.669176258424184 0.9239499266202232 0.09617809167995213 0.622907874111681 0.011667886082733519 0.001794060646451521 66.13885164929839 56.99719958897373 8.843676068015048 9.655969835890167 7.491452542939812 8.605493034484242 10.215156901764022 12.48008302038579 0.09789971783977247 136.635568793681 15.720766067504883 12.765341822899833 0.37726734677601836 0.5425335893603205 0.0006899730928338647 8.284496185987709e+41 3.9526767532468095e+39 7.61796892672456 0.3024770299691335 7.248955400515336e+41 0.21471265673331436 0.00023101879508434546 2.6806167207884063e+39 151.75196495052836 8.859333381918413 14.316355716362345 12.562077809173097 1.4678874030721278 75.0371696719043 0.158632954109485 0.6635709960322268 0.07417918478159079 0.0574987195723301 8.965656861194271e+41 1.3062252593820926e+40 0.15270231627108952 10.83948089057527 10.427840712358272 248.51433398416498 178.32638207138095 1.842769729690366e+58 1.4679921274842086e+58 1.2185014444349884e+41 6.101500408736127e+40 6.083514037647021e+40 1.3573335574357023e+40 7.647573829077723e+39 5.925761707874678e+39 1.2017488324641032e+42 5.675701083899023e+41 6.341787227176311e+41 2.9135367719529445e+57 2.4034423388173753e+57
536 0.91242 11.115703765406584 10.354534912557643 24.657798290252686 12.369139 10.86443728 13.59630336 10.865361147562988 0.030477098944248104 0.0443253973067893 0.00504347575053021 0.03550796963039093 4.876507412307693 12.04838480404073 2.450604359449111 923566.0 739762.0 9.075122287280475 13.43876008449014 9.631733574546645 0.9219924711347821 0.10225460351101391 0.563704407483825 0.011504069813655633 0.0017740646016517767 66.91210572706093 55.27323512432012 9.036540973763865 9.616466143529559 7.838768902502768 8.821232113991405 10.221724998222879 12.504099533107008 0.09598649744635135 136.6385889715594 15.709075927734375 11.759089333653831 0.36986602992704815 0.49235033088837665 0.0006618824817335279 7.522039901594099e+41 3.855959626124376e+39 6.479467661227336 0.24412505134655935 6.530183711151658e+41 0.20766294348983957 0.00021841880291938837 2.57232122376877e+39 151.71468189571362 10.493722272036903 13.400135307053011 13.409556360705025 0.83756585432386 84.83386612875859 0.1853797946504655 0.6339984533592895 0.07143440989975171 0.05662076819944929 8.873838535340563e+41 6.633820408825695e+39 0.194977557653614 10.84189109262054 10.422928079286786 248.3766745590758 178.06219880005054 1.8476474379215372e+58 1.4569044641186907e+58 1.3007789948238674e+41 6.554309330558076e+40 6.453480612874288e+40 6.900097331190384e+39 2.916356325907387e+39 3.983741023197921e+39 8.189810005467108e+41 3.879244818788836e+41 4.310565188012292e+41 2.816909906501369e+57 2.304120136729305e+57
537 0.91401 11.116280035583907 10.350896583198152 12.660972356796265 12.850583599999998 10.82447472 13.581116415999999 10.866981609643696 0.03052119338636591 0.04433312095929594 0.0051294106218332785 0.03518227051954747 4.858484973911988 12.048698485322518 2.4505188625832894 906854.0 740592.0 9.417458381195937 11.603867430194445 9.618334724276579 0.9144143323588866 0.1085828244892856 0.4755065580558695 0.011458715683113189 0.0017764927067165177 67.61295213961667 54.57072690911086 8.998294875862706 9.652392248722142 7.4500808251093895 8.758569472862495 10.208178553718405 12.528097465821997 0.09407993347994004 136.58244476294902 15.667844772338867 10.339484555584129 0.36418390266450723 0.4224730806989428 0.0006521771141154091 5.740644832334828e+41 3.7794589035834324e+39 5.544630113427705 0.2045404117930691 4.858501044049417e+41 0.20285142655960348 0.00021555893470648991 2.4929835618977266e+39 151.67128812072903 11.416610059372902 10.687653079241862 12.238289340032244 1.222621433407138 75.86486593862942 0.19481273274625785 0.4919514777346715 0.07076306053824599 0.056650022679934506 5.564996459421676e+41 1.0730679857084528e+40 0.20017949081290445 10.84413234567278 10.418409988901841 248.20596767637142 177.7620526918702 1.8403421271906648e+58 1.4378386002293434e+58 1.1653176153327341e+41 6.134460068147011e+40 5.518716089949026e+40 1.09665862317552e+40 5.830422464580993e+39 5.1361637503927755e+39 5.711366310104707e+41 3.0257658086496303e+41 2.6856005211791986e+41 2.6376116054675086e+57 2.0930029598007103e+57
538 0.91561 11.116762466571373 10.35001606796802 23.77276873588562 13.2453466 10.97066336 13.55751808 10.86762550430378 0.030565371045475152 0.044299056736351115 0.005158780348645301 0.03678113537316597 4.839162297230564 12.0490484123186 2.450319304417205 880453.0 741977.0 9.936705712715176 9.320658186825195 9.611786462525131 0.9222089647899827 0.11878712540107637 0.37350040162610154 0.01143195682107609 0.0017901746558885822 68.06734484215474 54.09222644695668 9.04079834067999 9.610148143262876 7.861089284865222 8.83234324630657 10.217160581583709 12.552227543394894 0.09216806282150691 136.5494121169859 15.643571853637695 8.26706105500456 0.36481980324284197 0.3274475479001546 0.0006518417601478634 4.1916119398918516e+41 3.746131641122233e+39 4.128774418747926 0.1475860850361994 3.4277556154337174e+41 0.19820998086171404 0.00020631245956796894 2.405096740946658e+39 151.6194676605744 10.284753638600641 9.151975901864727 12.990978116964207 1.2725304827835977 84.4544337402683 0.17533869072438488 0.42320284630944915 0.0683416418988598 0.05818047151719249 5.997377124304464e+41 1.0346067206206634e+40 0.16838774150566288 10.845614828224155 10.4154992720893 248.08955128428056 177.33703898949744 1.8271238560957687e+58 1.4164669384554352e+58 1.2601874728816142e+41 6.103629693065865e+40 6.49824502995093e+40 1.0561864364777147e+40 5.731331882201656e+39 4.830532483865071e+39 6.619961980285384e+41 2.679035344039673e+41 3.940926635027092e+41 2.449392222087748e+57 1.9006307923834092e+57
539 0.9172 11.117460280706949 10.35002442321138 18.926669359207153 13.5642357 11.22792896 13.51959072 10.867987061208193 0.030606464220348625 0.044255633292393216 0.005160626279960122 0.03605428466761434 4.844774651985318 12.049398609732203 2.4500691790133913 850200.0 743501.0 10.620672496659777 7.8851338654434935 9.60722435108197 0.9186648936213384 0.1341168896081709 0.3135073804667993 0.011317296706008331 0.001806752751573955 67.5170272712197 53.59484659988004 8.996412221341373 9.620820836094754 7.740337100899172 8.782508444100584 10.212282969477155 12.576188110645267 0.09027474923680767 136.52533055700044 15.67047119140625 7.079284802729417 0.36014470844220575 0.279852823029018 0.0006499048464254002 4.417776070788152e+41 3.6539509325329043e+39 3.6929521429070373 0.13674983764658713 3.793162387757665e+41 0.18981220562476575 0.0001992957719303517 2.2800892209898974e+39 151.58531332573435 10.941367543473003 7.54617544616939 13.333991733856642 0.9765079176715583 83.75798165288037 0.20458586099466577 0.34271526946617054 0.06824761913946724 0.0576833056831832 4.0160178095287964e+41 7.587024666660166e+39 0.15745637228979376 10.847130492846986 10.412432615325358 248.17436579729016 177.0702706636189 1.8181596984763416e+58 1.4017998526985717e+58 1.2810178186091514e+41 6.379894808868591e+40 6.430283372556879e+40 7.908528853656388e+39 3.662295976584916e+39 4.246232886342014e+39 4.883335699071858e+41 2.556393877451656e+41 2.3269418235926876e+41 2.337260063898905e+57 1.8540700912260133e+57
540 0.91879 11.118275533980132 10.34986723204113 21.456570029258728 15.7397959 12.39181168 13.553002176 10.868240073686385 0.03065432160265956 0.044180856731532575 0.005151784688586318 0.03537674165498632 4.800798161225072 12.049803139312214 2.44997479603753 822510.0 744720.0 11.459081807666179 6.4867977180046 9.598494799508899 0.9049356646417328 0.15038429971643216 0.26123164060413107 0.011169947837300347 0.0017970894434056032 67.15327584762824 53.89578924829022 9.04733203936578 9.624644164207796 7.802592195010522 8.837856673623477 10.208198410384727 12.60013001052852 0.08838798855015839 136.4855223399783 15.701632499694824 5.724484799977605 0.35117130074914826 0.22794442369862206 0.0006317726240565587 3.0901331959221003e+41 3.5303063931100127e+39 3.009830034637818 0.11368965656608189 2.5936969976245267e+41 0.1791714707712671 0.00018944021802836476 2.1387164613658197e+39 151.53442731649585 19.9427404454869 14.205769042064881 13.972237243879567 3.3150423456636786 141.03228317980418 0.3133879722312433 0.43984567342804365 0.08138866899282556 0.05903398385224178 5.478796733651756e+41 2.8438028265570774e+40 0.2198928213886108 10.848404747508416 10.40953766364106 248.22524352495242 176.88961840532855 1.8068629015871655e+58 1.3797331706715822e+58 1.263264840890724e+41 8.196725118555306e+40 4.435923286645994e+40 2.8696626658267594e+40 1.4102041284467454e+40 1.4594585371009567e+40 8.127313833352038e+41 3.984878022194267e+41 4.142435812746885e+41 2.1805384767811558e+57 1.738349561173753e+57
541 0.92038 11.117335604350687 10.35006052147773 11.156093716621399 10.426929600000001 11.45474904 13.368433503999999 10.868819024141713 0.03070766290860448 0.04416160380517158 0.00520316171855152 0.03614473514863903 5.835403736313237 12.050336233514786 2.4498342810553293 812764.0 738483.0 11.983861810021205 6.238834923327252 9.59751020438953 0.8799728840089174 0.15953885244895294 0.2713657668569005 0.011192964107303593 0.0017753045670188406 66.9778745897647 55.11428966342855 8.887146684264158 9.628243142866786 7.473227125853218 8.65490665572885 10.205484523252297 12.624053214935891 0.08650774680023465 136.47337575222437 15.451895713806152 5.323315801461495 0.33971702032623796 0.22975389312320804 0.0006201057999859154 3.367090194584447e+41 3.411517228708804e+39 3.047541806610745 0.12849857842537651 2.95249792150356e+41 0.17544527624869385 0.0001889728588116853 2.0833482261564135e+39 151.48857603659096 16.323573703826135 9.53682627613204 20.51053660009465 6.374997567075521 180.9054429187618 0.31936248049633237 0.4046548281778796 0.07336489543296051 0.06758202536658671 5.040298842273784e+41 5.486234423835414e+40 0.20607748797163838 10.849102769700293 10.409452316792907 247.4041112059944 176.80732263815366 1.7981072769835914e+58 1.3708914464562603e+58 1.994782093956343e+41 9.186319185071309e+40 1.0761501752215676e+41 5.523400431498369e+40 3.8432587730088146e+40 1.6801416576697194e+40 5.8477106065334626e+41 2.9595188533849787e+41 2.8881917494873644e+41 2.0927375752033627e+57 1.8208271685947316e+57
542 0.92197 11.119290218358696 10.351201347005768 20.284128189086914 14.278516 11.80878272 13.271224576 10.869129975669605 0.03072434185657253 0.04403117011982491 0.005170998533717501 0.035322595506462905 4.8403968560249995 12.05086812387543 2.4497266685348946 801244.0 744638.0 13.007996481571562 5.891893146762032 9.543935938351822 0.8592782510616833 0.17281142857598192 0.2633827597896124 0.01076846742286362 0.0017380473148359643 64.44819556942416 54.09294681594995 9.049853377224892 9.615815619549464 7.628431233381808 8.835160695680345 10.20982209048472 12.647957696227678 0.08463399025998686 136.45607563977532 15.717613220214844 4.9919423615220815 0.32679849467301386 0.22631870849177335 0.0005812333815464732 3.088122419557508e+41 3.246741365221709e+39 2.9885978286082775 0.1323990975502583 2.7085865048540764e+41 0.15846425900712527 0.00016730597343365483 1.8760385325094784e+39 151.45321132679513 14.218256366792588 5.429979359130682 12.948858852056256 0.6914136296785173 101.48788767355533 0.24503266711877628 0.3074471244377852 0.07138442770357789 0.056192871394267416 2.810052673041805e+41 4.96911099504057e+39 0.17633735979292495 10.850136260662264 10.408495906002738 248.2017752804032 176.5840323003638 1.7906540008358473e+58 1.3509929277934155e+58 1.2215858129600407e+41 6.353338672942781e+40 5.862519459974206e+40 5.4145116805420914e+39 1.91459574005093e+39 3.499915907609449e+39 3.090795478985888e+41 1.6336118482643849e+41 1.45718363236158e+41 2.0742175435047923e+57 1.835134929942209e+57
543 0.92357 11.119768205061515 10.35070453698421 13.057666063308716 12.292299400000001 11.5815488 13.114313472 10.869914425255487 0.030762543270700646 0.044121310055095654 0.0051636119423415375 0.0352639070637792 4.7961471429761815 12.051399913215622 2.449627817215773 801625.0 743461.0 13.567090152525736 4.965176951647294 9.501677572095677 0.8407979452685016 0.18111262214428125 0.20490586908671224 0.010638644419768443 0.0019899863067616725 63.27991483052066 54.36184886304706 9.003077901822767 9.605807821038935 7.5126560781199565 8.775519569385933 10.211443087829176 12.671993592562465 0.08275496172461216 136.43684988896135 15.698561668395996 4.220109072254799 0.32004121255881257 0.17858553907163086 0.0008345039370296314 1.816743362642346e+41 3.434976925002922e+39 2.122866754467493 0.08054371795682143 1.3976112203937566e+41 0.15622377908528928 0.0004391619132815526 2.0999757595125365e+39 151.42500274430773 14.92372592941686 4.643090170855972 12.91539144707306 1.5318859138057916 93.25343550999544 0.2566063984950727 0.2712162976314006 0.07156868265048218 0.06362733838614305 1.723516911368522e+41 2.384377237248012e+40 0.17539981796905474 10.850625739884531 10.408974447353472 248.12633718056895 176.45730816821612 1.7792872218367968e+58 1.3272776086929557e+58 1.2082163633037945e+41 6.181533076469322e+40 5.900630558012213e+40 2.416508741965612e+40 1.4411037565813795e+40 9.754049945485005e+39 3.7575641282689075e+41 1.905791467909111e+41 1.8517726600693827e+41 1.9958609178619223e+57 1.764051331381651e+57
544 0.92516 11.120769212633158 10.347282550367726 17.606045961380005 20.1564924 12.92025408 13.190027264 10.870479323905352 0.030831891318449815 0.04421126691343852 0.005146192822669774 0.03511565748108668 4.725325545585585 12.05193105218127 2.449478399187365 803953.0 744786.0 13.802898918673007 4.508706552028579 9.459512893939525 0.8834086785622861 0.1847584875611669 0.17513349176139642 0.010545471514402582 0.0035501101814228255 63.090919169371894 54.4368802720509 9.004976933460092 9.621937777735774 7.631947243441653 8.787445953395228 10.201525947438295 12.695860428385927 0.08089411561243454 136.42640879146148 15.685812950134277 3.696388024383555 0.3624859149724031 0.14471072401815732 0.002314120590559675 1.4600377220367708e+41 6.570352204557314e+39 1.63621944121152 0.05617760348915348 1.0498875213531452e+41 0.19943649832434446 0.0019349334874452018 5.2431572511605397e+39 151.39627955825068 15.58005148466325 4.523220010330942 13.287176892388691 1.2793693405370319 103.12449830572373 0.27046962162765975 0.24159611671379363 0.07377961960552919 0.0698179165242359 1.7569939591663133e+41 2.7144415625012984e+40 0.15133276010318142 10.850772033708104 10.40721926380642 248.1047730720365 176.30684512483975 1.770692706162878e+58 1.30985201107103e+58 1.2521659857939376e+41 6.238135364194382e+40 6.283524490793951e+40 2.743648826395383e+40 1.6229790834107996e+40 1.120669749473918e+40 3.9313887311720575e+41 2.1365523415190888e+41 1.7948363829158294e+41 1.9957111508255784e+57 1.758503772761128e+57
545 0.92675 11.121451751430827 10.346275482515855 24.454469919204712 15.3466868 13.0082064 13.221814784000001 10.871036151453522 0.030877051798172763 0.04437098171190252 0.005114729090724545 0.03508668756919429 4.757926793139293 12.05240616468612 2.44935311210442 809823.0 745631.0 13.788952225254052 4.454806392813164 9.399408909629923 0.9437566196220792 0.18509515256861292 0.1656165521360672 0.010506862142033334 0.006128493401379569 61.58227003363607 54.62487058215482 9.02327850828835 9.583400896337839 7.7790217025003345 8.824179951320241 10.208414310660075 12.719708460792619 0.07903965470731045 136.40358142252214 15.675066947937012 3.6419359279174164 0.41980685273522445 0.13405394917780566 0.0047112073170682695 1.4483802122546341e+41 1.0547407818064657e+40 1.5902295578228316 0.04904476534427143 1.0330796825916968e+41 0.2577701783422115 0.004211264545801854 9.231663159895836e+39 151.3636090946832 16.341729397064245 5.641433588510255 12.910507521730999 1.128197634128958 116.90995549256887 0.2663589440644483 0.22245798117003673 0.07613232143342216 0.07657655168929772 1.8927778276461018e+41 2.7956556672391183e+40 0.13191351526439388 10.850896052803016 10.407617755526555 248.03710263706358 176.17118884436226 1.766180655261845e+58 1.2932123636868276e+58 1.2144631012789298e+41 6.422038617691433e+40 5.722592397958839e+40 2.8104370398242614e+40 1.653818185517554e+40 1.1566188527830857e+40 6.378113781958627e+41 3.0756358382510104e+41 3.3024779452812775e+41 2.0633957507529894e+57 1.7845379088436815e+57
546 0.92834 11.122017704684248 10.344412142144218 23.25433623790741 14.963133000000001 13.53229204 13.116831392 10.871863324757083 0.030921706592363634 0.04448770994217798 0.005120523493345105 0.03389333181997801 4.816357564976771 12.052863230281853 2.449216793875846 824251.0 744477.0 13.788381220924398 5.423707320562688 9.336619204226247 1.0196677093820368 0.18651964153641137 0.19800494171325309 0.01054576273033223 0.009642546499494833 59.816316374060655 55.96978674016679 9.061714352073603 9.601211315589444 7.9755880758526105 8.88958182455037 10.200387828091785 12.743537663989228 0.07719154620074531 136.37985702297203 15.682591438293457 4.493605917381486 0.49148129592766765 0.16003778756250286 0.007951381246234126 2.0958957458522916e+41 1.4656432225355566e+40 2.476611464730655 0.07173143379581323 1.6819192568573562e+41 0.3320434224423935 0.00733338710859115 1.3367929279524312e+40 151.3385323406772 19.223363816323314 9.017038090717922 14.07905629036822 3.135355391036884 100.96367739597001 0.3190678423962445 0.33628502559147755 0.07448195108713278 0.07784351388743713 4.194350122341526e+41 5.188029279537901e+40 0.07913130304543185 10.851040151287274 10.408009370947624 247.94717472682404 176.11477427517502 1.765558090701042e+58 1.284073883612279e+58 1.3122216387813945e+41 6.493069332173762e+40 6.629147049940963e+40 5.21936459604475e+40 3.440996513285024e+40 1.7783680967069995e+40 5.442092798741959e+41 2.777845867438734e+41 2.664246928550717e+41 2.1723725594536356e+57 1.9021380266586363e+57
547 0.92994 11.122810448629458 10.3427062775746 21.995927810668945 13.391545800000001 13.78262144 13.102532352 10.872434593149249 0.030966269763173775 0.0446136996695895 0.005125776396134447 0.03480420625897503 4.8227042369615765 12.053282605761195 2.4490408361387144 833754.0 748814.0 13.395486312535468 6.265448629243555 9.262296410475068 1.1051618478725558 0.184279377483106 0.22186334357706033 0.010428550325215946 0.011649691198773893 59.084314528462556 56.07705372759916 8.942607404408827 9.600978357095999 7.851026061398053 8.748410955180287 10.194121608770537 12.767497703538718 0.0753381938619695 136.35590962600077 15.69680404663086 5.314822083166385 0.5612688762700799 0.18028982965383947 0.009759017382374304 2.3603456875751975e+41 1.8441503769794445e+40 3.1718330166495092 0.08211386589625488 1.901100872037004e+41 0.39947170359125383 0.009107980649069272 1.7142669479346575e+40 151.3066605933834 15.42688123144035 11.982483363972827 18.276970401419003 4.799450997196878 170.13454516470856 0.25030047636583663 0.43043922520156214 0.0835563613491863 0.0760751789234121 8.438754154451832e+41 5.015763843724762e+40 0.07436655563456716 10.851134910300948 10.40793953460121 247.92898394147113 175.91999485241794 1.75991498665704e+58 1.275043152161379e+58 1.8234523664597666e+41 9.638598352429699e+40 8.59592530642059e+40 5.02919771787741e+40 3.2794716842832707e+40 1.7497260272260135e+40 1.6415731775567217e+42 7.970829323429369e+41 8.444902442830357e+41 2.270739337141839e+57 1.9683468513841827e+57
548 0.93153 11.122064677356677 10.339363870442126 11.701097965240479 12.448731 12.852307840000002 12.933827328000001 10.874140954028467 0.031026028301309884 0.0446685575190503 0.005201279325522977 0.033341274481305846 5.945218555647954 12.053647450419586 2.4488934166592475 848245.0 749659.0 12.528357328280066 9.063273430689977 9.249989724409042 1.1281294123593417 0.1814196974254017 0.35397559503737214 0.010296892975833121 0.012429117131170881 57.79673993807911 56.712478241037736 8.921818655647161 9.612143785175292 7.430855784985129 8.708638261538312 10.187950389818731 12.791289053926443 0.07350273206445324 136.31986216610392 15.413881301879883 7.548696323325863 0.5831584335805289 0.29479380852970566 0.010408470796188389 6.931637146410599e+41 1.8877716524360018e+40 5.222954518886367 0.18896288215667173 6.4345507692459045e+41 0.41865635576899485 0.009170545379718557 1.7573623992384562e+40 151.29683657389782 20.931779899286276 12.517840525865541 14.532265516805131 7.00833793729916 151.01705715479588 0.3423498600998695 0.42663284518093597 0.08662724047859945 0.10516792115029358 6.162507595975047e+41 1.3270859661390098e+41 0.16900325140719505 10.852541002200548 10.406145474404857 246.94837846395347 175.7299213579254 1.79055637366084e+58 1.3021844240284786e+58 1.3230674893846625e+41 8.514177018495545e+40 4.716497868529302e+40 1.3262244020886086e+41 9.083608951425742e+40 4.178635062902683e+40 1.5076377194212645e+42 8.344640935663824e+41 6.7317362661260224e+41 2.6818145473699054e+57 2.2793946569774465e+57
549 0.93312 11.124057618385772 10.332588143626694 14.90098524093628 11.441088999999998 12.276085120000001 12.739916288 10.876167594064055 0.03102842499333638 0.045029836992764694 0.005270360261014843 0.033887799635686194 4.7573718167151755 12.053993414065674 2.4486931100292737 897465.0 751406.0 11.513996600387621 10.600394457545258 9.092676489018976 1.3174237297889375 0.16656233356036967 0.37465256425449817 0.010187263429404899 0.017400090626468134 57.773790564275224 57.77922613536185 8.95961023365091 9.574973993731719 7.59881297572509 8.750020884576847 10.193451435388067 12.815061500275293 0.07167352537722915 136.28935852316226 15.77946949005127 8.79349746937747 0.7380379725770554 0.3177695781913759 0.014912400459065785 5.941392721330367e+41 2.5719975148901137e+40 5.6022695942559295 0.1798838160646706 5.174508736077826e+41 0.5731636294939555 0.013039770477576935 2.4430774169317945e+40 151.24292190402915 12.143597430151875 11.830606106271341 12.43621173637608 1.7890422896427347 81.34695782112505 0.2694375564126613 0.4399015856228358 0.07372606753093489 0.08714330937674787 6.77752746885948e+41 5.383784577078593e+40 0.15193232070755625 10.852403441821721 10.406731748846324 247.84381710988228 175.75267260274836 1.8119569910661797e+58 1.2983995569349877e+58 1.1728100204734157e+41 6.048389476244532e+40 5.679710724047877e+40 5.403877973591391e+40 3.473907336734222e+40 1.929970637480059e+40 6.356148044924422e+41 3.836508238271748e+41 2.519639807773791e+41 2.9260673141144216e+57 2.3206178754926987e+57
550 0.93471 11.124871888887476 10.326114594301597 17.332705974578857 17.2494772 12.59525228 12.742570896 10.877781993414946 0.031078659198813925 0.04529426767552992 0.0052994015242895055 0.03347870305700003 4.68523195572688 12.054211890467013 2.448492710970631 922003.0 753622.0 10.522097076467157 10.226669790836421 8.99469407152293 1.4771665477218796 0.1566883336743582 0.3175004364096354 0.010188240450555608 0.02026293427473337 58.63357795509469 57.99564864072433 8.970392635624142 9.573262332288408 7.574544497310242 8.768790502249532 10.187547843428367 12.838815018586365 0.0698505418792994 136.23907604501986 15.797843933105469 9.037826611336435 0.8758686771351891 0.2795852137831209 0.017538495678462367 4.408175233391532e+41 3.252221817081195e+40 5.1751987196579385 0.12762684536497254 3.491767862239901e+41 0.7135833092720606 0.015501144603719808 3.126145609911489e+40 151.20579571423414 11.786815451406152 12.56153922364919 11.381173321780823 3.2738945319230446 75.20765629843527 0.2584306930779018 0.40468048336291973 0.07503848739582582 0.10373661133413004 5.738895827732313e+41 1.0321682112674212e+41 0.08641350210970464 10.853840599953552 10.402040210898456 247.7698311488333 175.7340641449413 1.8142967909901744e+58 1.277245445459098e+58 1.0404685388682536e+41 5.579547772279578e+40 4.8251376074632e+40 1.0339386647672328e+41 6.749125108648389e+40 3.5902615315859076e+40 5.060422100966515e+41 2.865140677858073e+41 2.195281430044989e+41 2.9719325371705788e+57 2.169227335696199e+57
551 0.93631 11.12549580289089 10.324243667239998 15.780967712402344 11.5174102 11.29719256 12.626964608000002 10.87852264469545 0.031107994326485883 0.04550656631761488 0.00531699119654224 0.033382795465894746 4.7684567076086335 12.05450338526596 2.448221694864841 931547.0 759075.0 9.962428432831633 9.534280156779136 8.881000625593146 1.7601764762060912 0.14787930245681272 0.27409106187821136 0.01023378349338519 0.026094160466010673 58.95910901955228 57.71493727230939 8.921125264617322 9.590380928856094 7.534879804329707 8.716863290071618 10.180133196492646 12.862698799284919 0.06802234302741605 136.21080472130032 15.8074951171875 8.485340071652628 1.1165035570721062 0.23786361602745532 0.02285098302803974 3.535681731551755e+41 4.3386545975309217e+40 4.455727023553949 0.09063922228771426 2.625938952692419e+41 0.9536426881313 0.020378813216019045 4.211557338054899e+40 151.174317738017 10.449418225431959 13.410049786878263 12.624510812826834 2.4133954395252846 83.64444308739816 0.20692157369691436 0.3406896373389416 0.07393496427349902 0.10023875525298993 5.2705378263258315e+41 7.087968375729225e+40 0.16360802305746722 10.85507219293255 10.399189136461983 247.73825002015712 175.6261170233009 1.804097772508301e+58 1.2559532605377978e+58 1.1703107657285654e+41 6.142183124407395e+40 5.56092454005879e+40 7.107089830794476e+40 4.362780555705612e+40 2.7443092786451956e+40 7.67826775799036e+41 4.497157151631365e+41 3.1811106089347164e+41 2.941320720244367e+57 2.0299919391456147e+57
552 0.9379 11.125862190720868 10.32256897721379 12.768654584884644 11.907491 11.290516320000002 12.543916288 10.879335389602524 0.03114732766770228 0.04559620035614802 0.005317215796443263 0.03339228305622749 4.879273127527527 12.054812134480443 2.4480762018362294 934587.0 762292.0 9.421633658576958 9.144539789631404 8.791960302543245 1.9761856834379055 0.13974298556374268 0.26044827050184655 0.010267979403063225 0.03036037668977732 59.50154408470421 57.89047031617609 8.919015641572095 9.595679946401527 7.5214523102529345 8.71752633324252 10.174876639490906 12.886414271869931 0.06621174965348131 136.166490034058 15.794469833374023 7.952464258058116 1.299640390627721 0.21812596530380843 0.02666626371180294 3.5591758616274204e+41 5.006496931312991e+40 4.119210012506638 0.07862632099745252 2.752289162727386e+41 1.1353257638470424 0.023636042750451933 4.878772723690145e+40 151.1162288756903 11.442042812031472 11.877997987640219 12.65762131757653 3.367816315299643 99.68890476551097 0.19901115668547947 0.3627782792236159 0.08470938827793983 0.1083469223544536 4.519304064542797e+41 7.9191304474742e+40 0.15167212883673398 10.856886050972163 10.395023204439804 247.61389141272923 175.60497427408637 1.8068316423775535e+58 1.2410368585201107e+58 1.1627711214396204e+41 6.506082683634427e+40 5.121628534598244e+40 7.931590094837187e+40 4.986750011024316e+40 2.9448400849947585e+40 8.413200258009791e+41 5.080752632429666e+41 3.3324476322492966e+41 3.0100251669073588e+57 2.0071647800844018e+57
553 0.93949 11.126482807297508 10.321107805684566 19.349496364593506 9.1876274 10.64124416 12.447718144 10.880303054997972 0.031178255530978177 0.045625193653077524 0.005349614126187266 0.033829830531136994 4.728952104513745 12.05513919097422 2.44790639834257 933837.0 765722.0 9.021205566467808 9.798951730257285 8.716231544900248 2.1453543947126157 0.12817740041965267 0.26012486119603107 0.010260249205787043 0.03398675710756215 59.88242820204068 57.72492557810751 8.891713869163539 9.563029746660817 7.798908839258777 8.705573397128832 10.181980024580396 12.91011074690569 0.06440728480345714 136.12906444518848 15.814291954040527 8.629687546372894 1.4301695939307317 0.2256707607144487 0.02977882700398465 4.037453942036563e+41 5.272158132380992e+40 4.784167432085822 0.0856525057202504 3.2465648729138774e+41 1.2611707941874357 0.025979417314547212 5.140673346169735e+40 151.07657349399966 8.831410577728663 12.642789768210475 12.000184637782173 2.1852216959270234 75.05907174171891 0.21466181084862232 0.38061754643453644 0.0731406661558073 0.09816243800608404 6.0784958012659524e+41 5.743676511079054e+40 0.19339077613812683 10.858223375078092 10.392858555529838 247.60345664553623 175.4931777872184 1.808556470915809e+58 1.2317155599668852e+58 1.1173049590217039e+41 5.62784173074319e+40 5.545207861628283e+40 5.773725310775674e+40 3.637217931659849e+40 2.1365073784121266e+40 5.279372819733161e+41 3.316731120242261e+41 1.962641698288672e+41 3.064402782128407e+57 1.9894560493835247e+57
554 0.94108 11.127208956810936 10.319107910962533 17.679416954517365 11.92729125 10.270236400000002 12.381470367999999 10.88108726369923 0.03121294840967321 0.04571721093154998 0.005344378665930758 0.033887932783500045 4.655689968908909 12.055266676277482 2.4476460511042077 924313.0 767711.0 8.671009536221034 9.675381226713563 8.634613273973013 2.2285475202024414 0.12149710466254796 0.24703289673127332 0.010215027536506981 0.035060857473132506 62.257650284146045 58.502156944745174 8.929069440695883 9.572901032899024 7.720374717942163 8.74525744429634 10.178745422623011 12.933788202136489 0.06260891741403496 136.0747625285574 15.853072166442871 8.412847895239262 1.488487754214831 0.2094412990655622 0.030511501267424655 3.604025444014219e+41 5.248492798635037e+40 4.843622913919731 0.08068841857486106 2.873744528131587e+41 1.3141953347247053 0.025954004900900933 5.112594516088267e+40 151.02210035728467 9.06562055798301 9.015413634522929 12.010888658856729 3.3057445375254497 82.05784893020956 0.20838497924422167 0.33871063939720164 0.07385661146881083 0.10625946667761786 3.735368875030277e+41 7.304814724011517e+40 0.1908667476711219 10.860085908036861 10.388102619328532 247.65225627222134 175.44695305223928 1.802833058474114e+58 1.2121732200157271e+58 1.0951362078397008e+41 5.536712757372545e+40 5.414649322355684e+40 7.329908696758059e+40 4.879352123706108e+40 2.4505565691790972e+40 3.1640462662290623e+41 2.040724555746442e+41 1.1233217109273659e+41 3.0003549044198926e+57 1.915058997198772e+57
555 0.94267 11.12796467745044 10.317060333766689 17.42753791809082 13.9526498 10.55479856 12.347320832000001 10.881439385429655 0.03126404738328528 0.04580135135118465 0.005326523151518696 0.034369548828904195 4.712309968431252 12.0553570918845 2.4473126670860297 904118.0 769051.0 8.568294961091771 8.59015265802448 8.558856463034882 2.2708731813303125 0.11965932813335375 0.21555529053852523 0.010194904860017026 0.03564380515338975 62.19901298281872 59.51157968928123 8.982389627290697 9.588894209359143 7.79744407647604 8.793907028063947 10.169904630215777 12.957446615733842 0.06081661663148297 136.0263089607825 15.861095428466797 7.714071911596002 1.514367341446199 0.19162519678072573 0.030798705091954558 2.9604583146155082e+41 5.085986794667482e+40 4.209237549555459 0.06639677183416867 2.2487820778691234e+41 1.3327746236339302 0.025509616498778635 4.944178159796311e+40 150.97737480149715 10.288055171516351 9.306328050363915 12.834643905793751 3.198645099070735 96.43317628125126 0.2154979586310762 0.3246918022602477 0.07972801896131931 0.0949442403831251 3.359602096210341e+41 5.501021350380634e+40 0.23425419573826137 10.861269661480039 10.383921849052616 247.66043886347853 175.37801127472775 1.7891208022494643e+58 1.1890186089458543e+58 1.2209929526259461e+41 6.501555193103345e+40 5.708374338225352e+40 5.524354355920451e+40 3.5540872978719706e+40 1.970267040933133e+40 6.2633861996341974e+41 2.5888190694331746e+41 3.674567133352723e+41 2.8407711417443004e+57 1.7845443330239316e+57
556 0.94427 11.128425606845434 10.314965868636381 14.130998134613037 14.4100904 11.14792208 12.204960256 10.881990001647136 0.03132227037887836 0.04582264186395346 0.005353127358025017 0.034546925449473874 4.744225662385462 12.055647819303326 2.4471027909445433 873719.0 771130.0 8.68562754823669 8.136715540395398 8.509502895252368 2.294278379364549 0.12094280574788545 0.24115410251161523 0.010083773254890908 0.0351031150474492 61.900978676113546 60.0701602652236 8.902521436214206 9.600963874458552 7.53862072328481 8.708039056311636 10.161355411945303 12.981234581085802 0.05901913647579615 135.98937021823272 15.797236442565918 7.054444725835176 1.5217628293789272 0.19736099986862685 0.030076465812221086 3.059457832778926e+41 4.795354325098063e+40 3.7065437451571226 0.08505753298373701 2.3956939944494286e+41 1.3362276822580583 0.024533384163918346 4.652482628945085e+40 150.93063676422398 13.295770988664879 11.040108769742618 12.363379032334494 3.4922666904132393 108.98866364958323 0.24114165035401444 0.3357000596868344 0.08063042532559606 0.10793589150944909 4.336405105400024e+41 8.138950332145269e+40 0.13688645940097938 10.86245145715038 10.380295418729117 247.44265378810582 175.25794874891585 1.7799869091568973e+58 1.1833049002560869e+58 1.1351118688228951e+41 6.656385484483545e+40 4.694733200020975e+40 8.195526004569679e+40 5.636842606951549e+40 2.5586834113214656e+40 5.028260719381544e+41 2.6707560026519468e+41 2.3575047224341678e+41 2.7085952354563294e+57 1.757140179413716e+57
557 0.94586 11.129282002271408 10.31296468313926 8.742651164531708 14.1491518 11.97266656 12.104861952 10.882462268662668 0.03135380213375535 0.04591032470223294 0.005370598764223896 0.034705996403862086 4.672893256171556 12.055992193728514 2.4470475435196315 853809.0 769224.0 8.93329342769615 7.437430681209143 8.427055720475234 2.3287642401114494 0.12447896317832963 0.24214941911699306 0.010037138546301696 0.035905630188135675 62.727883520006515 61.0376467952519 8.73554592531403 9.61725329453914 7.402574647313819 8.522204311491137 10.153000764106784 13.00485472753327 0.05723891484997767 135.9375503943808 15.875362396240234 6.5031111376657345 1.5444436065817206 0.2080907137802018 0.030546145096265995 2.779534393682844e+41 4.569396748109773e+40 3.532567147141798 0.09842280841794468 2.2101964070383712e+41 1.3590940827240803 0.024795831642367976 4.429459046236433e+40 150.889582487733 10.500121684279655 8.764229847897923 10.639459230208532 2.761762541358266 76.55191246364427 0.20703286988865977 0.37335865749930935 0.0747930505924582 0.09520755174968779 3.846586176542346e+41 6.063452962588655e+40 0.13742249036366683 10.86335000239952 10.377337860165841 247.6099577078463 175.2172413019389 1.7668211336197295e+58 1.164369465383982e+58 9.9200068981765e+40 5.230812973134554e+40 4.689193928954289e+40 6.118472394812548e+40 4.2182650857777685e+40 1.900207302688124e+40 7.340185055187737e+41 2.8864434748380843e+41 4.453741582553903e+41 2.582326823841271e+57 1.696997826191421e+57
558 0.94745 11.129582102449596 10.310650363443683 17.931265234947205 12.621688225 12.04568966 11.859855744 10.88310123419596 0.03139170412732607 0.045967356796995824 0.005411532231330058 0.03510512380672656 4.730086625307359 12.056390630806368 2.446751297469471 838446.0 771296.0 9.226733437431989 7.710816207349188 8.350658408852357 2.4116979666847986 0.130436664251566 0.2787638672391971 0.010084178692412606 0.0354923676395668 62.72776852970279 61.5944807703416 8.819946263781052 9.62164990727447 7.708782683073412 8.648598450284204 10.146948278685791 13.028455769265909 0.055464668320228006 135.93211085719264 15.853523254394531 6.392415863879726 1.6017981259353677 0.219393187028853 0.029959690895019923 3.1686808057845276e+41 4.483596494741446e+40 3.69651437255849 0.10788299885221306 2.663760668800905e+41 1.4156825520477818 0.024026042965308202 4.3450654155296954e+40 150.85282237649824 10.540042936759969 8.031053941702433 12.196537650582329 3.1498643424551975 84.62248552542229 0.24237211471929335 0.40704998647228463 0.07338953459498383 0.08641423170495904 6.070996234680566e+41 5.9490432492481785e+40 0.10979025756644122 10.864174014723451 10.374861004017308 247.47647109211104 175.1115376550102 1.7597496809274055e+58 1.1639890356421174e+58 1.1652868365321696e+41 5.970226941850096e+40 5.682641415846373e+40 5.981403383242573e+40 4.267291092617955e+40 1.7141122868955733e+40 1.7317730960137246e+42 7.2347877734957e+41 1.0082943199550064e+42 2.5431378370938102e+57 1.7682500301396767e+57
559 0.94905 11.129704186928004 10.307768358446769 9.693919956684113 8.2114888 10.79892256 11.534873344000001 10.88448173500589 0.031418624004574486 0.045988424074257586 0.005507146907646712 0.03512598251767255 4.604862288461537 12.056607904885592 2.4465942493385398 833063.0 775965.0 9.193775907384243 10.678708048402317 8.26651333532731 2.595815431374981 0.13266074020080287 0.4637068078747063 0.00999056256378576 0.03504435615696555 62.17041843145214 61.412169080274175 8.78935290163097 9.575543606273229 7.291323689581646 8.58626113732738 10.15695874022849 13.052185939516828 0.05368526421158015 135.87602254266844 15.872136116027832 8.823077183514425 1.7408115950528442 0.3761233633600659 0.02939134445275243 7.288021599819035e+41 4.614195401001427e+40 6.166174056318396 0.25701528364751924 6.76671572468651e+41 1.5526521717248134 0.02347633278560265 4.47483073223955e+40 150.78872821536243 10.619727399729014 12.925677522845678 10.69220840383402 4.153218175956517 95.01053758984511 0.22544958160243145 0.6523280259148757 0.07660912996765709 0.09551190368963822 1.1942444429006286e+42 8.555646187899869e+40 0.06445783132530121 10.865060246152757 10.37410213924781 247.32840460028646 174.98960436098582 1.7770967639647537e+58 1.1947809937765131e+58 9.768262139828588e+40 5.237592067940767e+40 4.5306700758309075e+40 8.58556178792818e+40 6.258446352433019e+40 2.3271154318554105e+40 2.429287845035249e+42 1.2706905336258671e+42 1.1585973085844467e+42 2.744734811985104e+57 2.170280818004855e+57
560 0.95064 11.129813765318909 10.30039255914736 8.800495147705078 7.2736392 9.157052799999999 11.473380608 10.886804567897048 0.031439473308174114 0.046035682593975655 0.005697333180734661 0.03506379818506053 4.61006291038115 12.056915704764153 2.446357463832621 852647.0 780026.0 8.72834062094775 14.908127183171793 8.15533744816964 2.8169309126830715 0.12928995277144129 0.6503726820160307 0.009931912989813064 0.033363809593103144 60.29377037474478 61.3577621399235 8.779082987346644 9.556956245128072 7.209333424065101 8.565787985766631 10.157111615149278 13.075748591319131 0.05192291508878233 135.84749133384346 15.839791297912598 12.296773597923748 1.9091248261479037 0.5349996509271241 0.02770202003260563 1.0574793292220836e+42 4.785235908666275e+40 9.152436935787184 0.37750292668887914 9.894270873005851e+41 1.7192070940305253 0.021589462255152656 4.647212347067631e+40 150.75906813700757 10.17789241660776 16.01882869287366 10.930413213244066 4.229875911617788 88.96846133585444 0.20621422519356708 0.7418964543479338 0.08014708326459682 0.09143370867157885 1.2849696940407351e+42 7.664157707590915e+40 0.06281866910707282 10.866252115218181 10.371664311233797 247.03438322208513 174.89664842475415 1.822241629898298e+58 1.2298089113921437e+58 1.0460189529644456e+41 5.746106308145756e+40 4.714083217951764e+40 7.673912128240499e+40 5.667013568363064e+40 2.006898559383014e+40 1.6510621259825237e+42 7.834703516706343e+41 8.675917732174497e+41 3.200697686104593e+57 2.5217032943703426e+57
561 0.95223 11.129947713894545 10.293814887072326 12.81036114692688 7.6457288000000005 7.85861364 11.435890112 10.888838365310585 0.03147002649242224 0.045955156918209526 0.005863798297226513 0.03558131661815265 4.642040388293294 12.057132716377366 2.4461604130048133 861114.0 788396.0 8.242635472882968 15.927826704532908 8.04499164111488 3.1211872587603233 0.12686662711342972 0.6327223146148694 0.0098498580806481 0.03247958882324965 59.72674604921428 62.07774036469323 8.922201938628453 9.526283162917709 7.430061048038382 8.725124879740072 10.161504888491077 13.099292079073809 0.050166451382544164 135.79874806598704 15.797406196594238 14.209515092708084 2.1343270732067445 0.563450502666827 0.026752631288088954 1.0236726713751318e+42 5.063412130707696e+40 10.350920665798922 0.3582473702966264 9.415440625057553e+41 1.9418364084924706 0.020295325419487312 4.925552584508546e+40 150.7159915095348 9.14829883336508 18.41256914495119 11.997296990863214 6.072836092236552 79.61711820965957 0.23565141822924787 0.6750015506292096 0.0740901531226048 0.0908734188376707 1.2548196769603921e+42 9.806293233253028e+40 0.04851034173781019 10.867935711964476 10.367511543098505 246.7700799815342 174.7812058909673 1.8432520651724908e+58 1.2337842685173877e+58 1.116515592317259e+41 5.776221923506751e+40 5.38893400142907e+40 9.826570058498133e+40 7.205548619592307e+40 2.621021431476419e+40 4.4203637107723354e+41 2.5317844776470365e+41 1.8885792328545266e+41 3.316805520142692e+57 2.4002413071643265e+57
562 0.95382 11.13027750231544 10.291574818826287 13.81973385810852 9.0675114 7.872697280000001 11.392185152 10.889424589269195 0.03150846933636675 0.045975209044393436 0.005880142877586163 0.035419713608261495 4.647183376846845 12.057403828491733 2.445916743432845 853668.0 798304.0 7.708484296579004 13.28578170191573 7.910883187679707 3.5147347198918393 0.12745564146212232 0.4523114864250744 0.009728367643199856 0.03162439266776164 59.69246016139052 62.843634259406436 8.92445694234142 9.499687018848576 7.660386133652471 8.748683200159403 10.166914868018335 13.1228163838611 0.04841584366022933 135.76595367422996 15.803948402404785 12.338763198795194 2.429250804355045 0.41828908270533843 0.0258343663474084 6.397953137666446e+41 5.437841114977682e+40 8.201223666577826 0.20007979202108375 5.564405255913869e+41 2.2320985356607688 0.01893656617267877 5.298232251007559e+40 150.66227733642307 10.898986807724254 15.123381774702143 10.230925905753105 6.056243938844682 89.09254179433277 0.23775288826577878 0.5507763010545668 0.08453966817251116 0.09347458344199508 5.914555113818603e+41 1.0342621560542461e+41 0.11155775856857886 10.86996022701968 10.36110393759288 246.71309718474512 174.6875585112055 1.8299711599829573e+58 1.1981656139432627e+58 9.466549512197188e+40 5.53874891218704e+40 3.927800600702228e+40 1.0350422182894028e+41 7.7115993948354555e+40 2.6388227925980944e+40 2.0758315442546927e+41 1.2823936940490451e+41 7.934378445391091e+40 3.113953812847427e+57 1.9871421752234867e+57
563 0.95541 11.130714149967053 10.290559795889147 21.25397276878357 11.423652 7.82021024 11.214673664000001 10.889260937208729 0.03155476927356119 0.04591648555904011 0.005881907540736892 0.03548238074004225 4.679358647008547 12.057674771467584 2.4457305763806936 826738.0 808817.0 7.949742557458288 9.055937141154383 7.781285368808981 3.884449742572773 0.13793031764594968 0.2828682784941383 0.009493086545495811 0.029627515206656227 59.714244095325725 63.366399977109104 8.95788012405872 9.488622219174497 7.858260526433136 8.786272628244593 10.167217186121023 13.146321487163723 0.04667106268512988 135.72434381021307 15.766790390014648 8.450771073542972 2.6959988484831903 0.26537669528760083 0.023901571977242103 3.229278363438056e+41 5.723777147645365e+40 4.892027612736569 0.09003245772072431 2.5604583159772916e+41 2.5013386479448445 0.017027711561057948 5.588300457429928e+40 150.61393526401483 9.212175796750488 10.310124364997762 11.659799520866587 7.227259314142034 82.68525201478971 0.2641398897945257 0.34517625171208993 0.07342822741332737 0.09602856028210502 3.449420970212268e+41 1.0969540253239494e+41 0.1251893620602592 10.871072516199495 10.356063698745647 246.5589996408021 174.56359025267398 1.8064294823149006e+58 1.1658485583484687e+58 1.0896990804300445e+41 5.765385366827219e+40 5.131605431658265e+40 1.0997359190430353e+41 8.049538077684672e+40 2.9478211158699974e+40 1.1263297969879584e+41 7.05131347080749e+40 4.2119845216736637e+40 2.741840426727143e+57 1.606684261264217e+57
564 0.95701 11.131181292419923 10.291131699649346 16.91355061531067 12.8360634 8.76406224 11.078481408 10.888541921213163 0.031602462551024287 0.046040017179963595 0.005805578360699108 0.034695009201958976 4.684922205456738 12.058035946451078 2.4455199341016547 797204.0 821529.0 8.228155886959367 5.946456211411972 7.625714488265356 4.338269797655043 0.1487935529242556 0.17644434610431778 0.009264870774801854 0.029137736938610728 59.88523220934224 64.18502907629502 8.875891165271067 9.534151636097944 7.703933942158242 8.703238729836492 10.15446871914941 13.169955019967437 0.04492116069842522 135.70014529290322 15.781118392944336 5.50727277779252 3.0239207011071527 0.16622021526174374 0.023258831072833826 1.7753524978278346e+41 6.059903349315946e+40 2.868311817990402 0.044617536013388276 1.3140130343775027e+41 2.828879366762511 0.016420446379919018 5.925222598440374e+40 150.55183454620166 9.349438034206933 4.651187211907065 10.033814687142652 6.87857205080331 78.63232635444638 0.23829845073365588 0.23765802389260504 0.07663121621938228 0.1006507816782025 1.358162324848477e+41 1.0905992854483615e+41 0.1805087698919735 10.871801910835037 10.351692282471149 246.57362753521974 174.4758589994001 1.781366404858856e+58 1.1363410290970098e+58 9.439669914367906e+40 4.892797528505069e+40 4.546872384541232e+40 1.0907802932800755e+41 7.918504073314625e+40 2.9892988591160183e+40 8.313780816731756e+40 4.73416149785499e+40 3.5796192966389873e+40 2.480619931609437e+57 1.4106416992951677e+57
565 0.9586 11.13144886171181 10.29334524942233 14.272631645202637 10.5955232 9.56930992 10.88216704 10.887530450757753 0.03163239822721526 0.04616102427349321 0.005739486623149019 0.03478552602601241 4.611560204435205 12.058270251685643 2.445364658600176 767839.0 838276.0 8.988327817129164 4.001624072711623 7.469890153542582 4.844741074860348 0.1621453876850592 0.11116678378073294 0.009021275247617403 0.0295095573225133 59.85425527690026 65.03899778080755 8.715532192675012 9.55470741681058 7.624773465416814 8.533618216181347 10.146406990449865 13.193421545299104 0.04318798247444189 135.64838534348414 15.806814193725586 3.531116193436137 3.3833386859542993 0.10071121824837108 0.02335631115038859 1.0585360934179782e+41 6.42714293506534e+40 1.7195325493200853 0.024756748009229262 7.518599020018135e+40 3.176734330244795 0.015709074166362597 6.284051737313733e+40 150.47898485402152 11.432474124915075 3.8176460722428085 8.845589617791664 6.5549284462165005 79.83072950845454 0.27509100981668744 0.18538119953482252 0.07353357019479127 0.09046614541840056 1.3032865315616976e+41 1.0836086992869366e+41 0.11469245232339512 10.87158745383981 10.350854154121025 246.62201821601317 174.34185830977773 1.7563952729749218e+58 1.1132064111600381e+58 8.603541300298043e+40 4.641011927504569e+40 3.962529373699724e+40 1.0859735181979292e+41 8.161386636067938e+40 2.698348555055775e+40 1.5621337927005483e+42 7.129104251347415e+41 8.492233651747721e+41 2.2690711772829452e+57 1.3278896129490553e+57
566 0.96019 11.131480489254434 10.292413163240118 9.444564938545227 8.236025999999999 9.43763856 10.665756416 10.887473716939219 0.03165777710321558 0.046297323075240995 0.005747283335766359 0.034373461087154444 4.61578761940466 12.058504430578878 2.4450428397770736 759168.0 853469.0 9.566260846974982 6.458317761228999 7.269737887923019 5.348979623465136 0.16788123868622207 0.23202226340549684 0.00884904640471374 0.0291126031972073 59.96754470131846 66.17604172684526 8.777427112402224 9.533198437441587 7.287341951586932 8.58123812927353 10.150316650103646 13.21686881587135 0.04146054426728041 135.62281377634196 15.812341690063477 4.649528206002173 3.733594868922962 0.16469760410817222 0.02283467734415828 4.659372872752276e+41 6.832182471959038e+40 3.3843537172964173 0.11364208190000563 4.438917248237436e+41 3.5193217474241982 0.015045662135639877 6.682368829937944e+40 150.42651770424789 12.011234453453044 8.625827655350454 10.238363485062205 9.88596419816844 89.26988191751533 0.24637261035504174 0.40791103554204444 0.07639138677323921 0.09968982638815287 8.90346510171488e+41 1.5056632335722453e+41 0.05782792665726375 10.870874491975941 10.352204643846477 246.51691411618626 174.28913630755568 1.7791765497179076e+58 1.1409133091492185e+58 9.902679889159387e+40 5.605690428810931e+40 4.296989452007037e+40 1.509822530710679e+41 1.1213146068632016e+41 3.885079223420666e+40 2.0608177678546637e+42 1.0412472673035986e+42 1.0195705009923151e+42 2.546382795953567e+57 1.7860018256770814e+57
567 0.96178 11.131566213085964 10.287011919351844 13.190439462661743 7.6817166 8.89399264 10.432988672 10.888379034488098 0.03168621220701875 0.04635930403539051 0.005864010308326978 0.033906279086762116 4.621469169700468 12.058702815946406 2.444858518865763 776590.0 876387.0 9.557435618985387 11.791561967038646 7.079241090044849 5.967849236886077 0.16369876103910352 0.4096241921659184 0.008601407138795565 0.02941928397467593 59.90787509468678 67.2423593188188 8.817571630758684 9.491832355139552 7.536982023397778 8.637307535787087 10.158452808234944 13.240296814749215 0.03973881760901654 135.570382710514 15.811128616333008 10.2533005355589 4.168436131234333 0.35851181736228 0.02284657173322587 1.0423542773524876e+42 7.336066888999622e+40 8.818733729106127 0.2777376252190119 1.0142476046162212e+42 3.937084558918081 0.014410423300518442 7.172383487243939e+40 150.3595039259552 12.755388334850629 17.504268827846307 9.412628598950944 7.482549078428513 95.81468506942625 0.2990676274484588 0.5776882838175761 0.07578847006168929 0.08221053644823477 1.5242976989980873e+42 1.2024354716813287e+41 0.023001725129384705 10.87047071616602 10.351967556223272 246.3637235469182 174.09377250661623 1.8211519163094163e+58 1.168048464350197e+58 9.725379546287067e+40 5.828271155252978e+40 3.8971083981109654e+40 1.211388577373631e+41 9.46945077575533e+40 2.644434998768276e+40 6.569924699766185e+41 4.333568539497947e+41 2.2363561544798747e+41 3.0755332176109743e+57 2.2211843209716865e+57
568 0.96338 11.132013011759406 10.284385002777292 13.543570518493652 8.46954575 8.00003072 10.322386672 10.888605757570527 0.03171454648499854 0.04649027094483436 0.005883266054096872 0.033853269850048454 4.5739403041233535 12.05906313733623 2.4446652310077672 779125.0 893466.0 9.098877421564376 11.132833573519829 6.835073124670269 6.498447061531743 0.15363281564037037 0.342646983318231 0.008339774846253301 0.030159845696393312 59.43781811653409 67.70228726937141 8.864415043896267 9.473725921313584 7.510116645312546 8.691728414875836 10.162008256867624 13.263852688909656 0.03801199941871336 135.5441206967765 15.839702606201172 10.229575117509432 4.530862840865918 0.31298749633123085 0.02328771380447475 6.836717808602534e+41 7.764435692344305e+40 8.401049791293367 0.20368364501665026 6.4708974227491774e+41 4.286555934184249 0.014466155924918513 7.591591077449085e+40 150.2997280906537 9.757310187551285 10.181481914418782 8.953375849384141 8.79910992626228 99.99238611282219 0.23988442115527775 0.3760027896190377 0.07335525874278406 0.09845730455784961 5.334238827229922e+41 1.3174252070981738e+41 0.03997293029551094 10.87135289817196 10.34755539170506 246.338517946451 174.06862985401767 1.8199552749375444e+58 1.1425396821654306e+58 8.601534384013762e+40 4.712684333870954e+40 3.888850046421201e+40 1.3198723701382718e+41 9.813577467568942e+40 3.385146227945057e+40 1.78883221955979e+41 1.1087249057482402e+41 6.801073143902037e+40 3.0110842190709156e+57 1.9221413580465338e+57
569 0.96497 11.132669085962046 10.28313856364666 10.68844199180603 10.3641316 7.78229264 10.252654592 10.888038644336186 0.031751857310526266 0.0465682255357653 0.005867898928311365 0.034460501546681926 4.526576078896973 12.059314698845522 2.4445052035611026 763900.0 913360.0 9.150673100957647 8.32019346895601 6.626359064030147 7.002856000786867 0.15486323264039478 0.22387427770631185 0.007973706156864503 0.030315231640582627 58.241971305833026 68.10355141156099 8.804543284274775 9.48058885497179 7.679624706433525 8.628284506972753 10.158515360008002 13.2872419736791 0.03630164668331659 135.49659641746473 15.841699600219727 7.723585204663572 4.865317601063392 0.20619561909443726 0.0231886073754092 3.733766816071499e+41 8.083232149724203e+40 5.8400718543344015 0.10014674476160644 3.359096493062908e+41 4.603706546961844 0.013956996205398926 7.896477036786434e+40 150.2460581954434 9.39028367354597 6.346783617790109 10.458700492727571 12.935053314206186 83.60235348792501 0.26482342298075695 0.25808475032984285 0.0768776881706706 0.09527909810381295 2.634333182651518e+41 1.911835053848138e+41 0.06983198319831983 10.871422425183557 10.34426542461621 246.27396776833226 173.9154280457939 1.798834097104631e+58 1.115602349217956e+58 1.0527414298666357e+41 5.7723076686095e+40 4.755106632449214e+40 1.912410698758881e+41 1.4782771864909762e+41 4.3413351219553404e+40 2.0981203396755537e+41 1.3421996576039542e+41 7.559206836125264e+40 2.699791501711508e+57 1.61626771442005e+57
570 0.96656 11.133213210516697 10.283315021677264 8.871134400367737 9.9503974 8.1482916 10.164131328 10.886899329395495 0.03178600535433867 0.04664324194396919 0.005846362339579656 0.035704213117585364 4.664115966662047 12.05960278985402 2.4442072176174165 742725.0 943228.0 9.451058227815878 6.185403628827416 6.37887247891972 7.7445782137255605 0.158563804888078 0.158765774207794 0.007515695057609877 0.030879494677972432 58.1741425630326 68.73889926127767 8.850008602803772 9.49022948006489 7.381702831309268 8.666470497591826 10.155517672815796 13.310611938164227 0.03459692103956291 135.47648536684403 15.860929489135742 5.697182855631706 5.36605631650499 0.14483123037050372 0.02338240261542018 2.384534885776024e+41 8.70803273129531e+40 4.020211893897305 0.05943815133682982 2.0603231591931433e+41 5.080966836785363 0.013470416634763303 8.503426596710993e+40 150.17046035148348 12.457485469722068 7.644381068251335 7.8437668920961245 7.24698759768649 99.06117962361948 0.2587920656159012 0.2575528045410922 0.07448299564975745 0.096832095953645 3.503648536374666e+41 1.044934328072102e+41 0.04957588262265016 10.870690191979499 10.342899183438764 246.2548870948294 173.72797568973238 1.773334430283745e+58 1.0961103841049822e+58 7.86027241038585e+40 4.704062500959226e+40 3.156209907435008e+40 1.0449871624617727e+41 7.892949927843336e+40 2.5569216903733763e+40 3.4880896112311056e+41 1.0541596328103683e+41 2.4339299764576154e+41 2.465656734965395e+57 1.4576194953462833e+57
571 0.96815 11.134018441446925 10.283788332283107 21.766038417816162 12.0296272 8.92672944 10.038107392 10.885868891390803 0.031822488469924026 0.04660768228273745 0.005815510342316546 0.03680331503726648 4.510055246554245 12.059782345415757 2.4440492466370554 719971.0 956792.0 9.826161940085274 4.94367128568885 6.177359027049097 8.085743042176817 0.1651007564698893 0.14536492986658933 0.007436280699806182 0.030387747676464204 57.69732443890577 68.36816520654058 8.82785084534403 9.484423394924649 7.611350047279198 8.658946815259686 10.153842166803228 13.33396256696462 0.03289779476320831 135.41780465471544 15.916064262390137 4.290566636813632 5.572439002580035 0.1232679927167277 0.022774247177667163 2.1113601853213196e+41 8.842739819087327e+40 2.999369929893991 0.06131027382950774 1.8670747040926036e+41 5.261368323286462 0.0125106969815909 8.616987139763122e+40 150.1418611751568 11.42346380708926 4.038518002222391 9.129027221379392 11.790617419918252 75.99656162197482 0.27608446941836734 0.23078547185709866 0.07533369985077824 0.09659561617256923 1.986872977548502e+41 1.7099015090473876e+41 0.09427509293680297 10.870129740270373 10.341597076720968 246.35041167002885 173.69465713036388 1.7518589650414243e+58 1.0855977740997401e+58 9.144890129852154e+40 5.008910082517199e+40 4.1359800470876774e+40 1.7133429425365735e+41 1.3345961549526887e+41 3.7874678817792783e+40 9.9180997876851e+41 4.422730475852794e+41 5.495369349571624e+41 2.2661074048483124e+57 1.4705192772053229e+57
572 0.96974 11.134188377200164 10.28442275484532 7.22738790512085 7.2655503999999995 8.33561344 9.897388032 10.884958575637663 0.0318438961304811 0.046636987731097604 0.005840936819711247 0.03599261244733753 4.5946894241148835 12.060034029577217 2.44377321577241 707491.0 981579.0 10.090079419092179 6.216499537461977 5.946095194076556 8.646316721866333 0.16611761989280568 0.22890877501821855 0.007087676427898563 0.03041254593927243 57.86916394878972 68.55181170889138 8.712404899288188 9.521595076783154 7.228022702293771 8.522176761392886 10.14603498444599 13.35729384505557 0.031204240311836218 135.38897377789112 15.92075252532959 5.046030029253419 5.929512766042246 0.17704941436079233 0.022520919319378524 4.558576186271041e+41 9.206028652492715e+40 3.879028737387168 0.12302536374556182 4.327213500512776e+41 5.595222874730037 0.011914551082429009 8.962217688806566e+40 150.06640450539936 13.49998103475465 10.591892781917053 11.822098823128012 15.42301842426021 105.13480735310992 0.23944269205932464 0.4180455367308558 0.08413069230412255 0.11302783873858567 9.667914980049427e+41 2.1000788440553473e+41 0.057537812485974595 10.868794270944651 10.343467211029742 246.26493207137318 173.5879544506543 1.7495831048479316e+58 1.1004553914688224e+58 1.2163174185447272e+41 7.837213107637063e+40 4.325961082528724e+40 2.098543621558521e+41 1.629701947507224e+41 4.688416733528286e+40 9.779228498427963e+41 4.887599707142263e+41 4.8916288028684954e+41 2.3522018183537992e+57 1.703370560908888e+57
573 0.97134 11.133838361616847 10.282601543914334 28.893660068511963 10.918341 8.52972432 9.828574976 10.884057673529059 0.0319126191908229 0.046453045326325715 0.005890062883864619 0.03615855231217432 5.695617146247785 12.060249488967624 2.4435348867562783 707726.0 1002410.0 10.334318760491486 7.885636692421227 5.810558971426313 9.104396218331715 0.16326297046340071 0.3090477316130646 0.00670058197505254 0.030951453390231625 57.8455153693852 68.1039983526439 8.862493077088406 9.468507480502579 7.812243927248602 8.715251202897793 10.156290043137002 13.380752312277687 0.029505631395803755 135.348114087467 15.674790382385254 7.064130635578549 6.216196108780163 0.2812953112169674 0.022740352554670214 6.999216787528913e+41 9.431350814154489e+40 5.727957522883144 0.21764590631637243 6.717285367297723e+41 5.856956497808905 0.011445427325536793 9.169673949498168e+40 149.9923485599915 15.783420157365796 12.813249449289854 13.5260446241882 13.009891593942777 129.83585010284276 0.33936400527339444 0.41651258619462683 0.0803867692904113 0.10882325539915091 7.769030933768572e+41 1.6084337900085352e+41 0.04154262053861684 10.867921622041115 10.34166827812736 245.54403854842417 173.39680958973216 1.7458340002108865e+58 1.105193513463694e+58 1.4356350817753706e+41 9.678421996627335e+40 4.677928826154673e+40 1.6086427851197362e+41 1.2409942517408796e+41 3.676485332643112e+40 6.017101047491183e+41 3.874888067368858e+41 2.1422129804923232e+41 2.485337231197446e+57 1.834336573036613e+57
574 0.97293 11.134991389858428 10.28237329731069 12.670002460479736 7.929924 8.183808959999999 9.65011584 10.88363287201174 0.03191523495162709 0.04662612861052783 0.0058633176906711 0.03617860440048032 4.605313025045044 12.060536422592264 2.4433499245987917 707578.0 1015224.0 10.093698712741384 6.519224030149274 5.555281147008098 9.28378248438251 0.1590886173811122 0.21026495375717516 0.006497353253894274 0.031231215213603006 57.111333053016224 67.52864579153277 8.787954164460668 9.470973080281318 7.641297282943894 8.626327775732635 10.155900058057309 13.404044723434858 0.02782317330126527 135.3109664349369 15.927214622497559 5.720959969178191 6.282119702836405 0.19011691900728311 0.022776013912749412 3.3559195982396954e+41 9.321301535563526e+40 4.288178618706388 0.11541250360937898 3.060412618036018e+41 5.880367344159442 0.010866394970184034 9.025765056643212e+40 149.9528604666332 12.226449654801174 7.370468644143263 7.156105098164287 8.203769884771061 93.02051331817889 0.26056223756855057 0.30010601232828943 0.07664399129972489 0.09394759823552537 3.2995450081100218e+41 1.1371016061725178e+41 0.05338217977234071 10.867589634657046 10.341103243210222 246.11805564124953 173.42598830471914 1.7361420971812618e+58 1.0875372384500631e+58 7.286445850933612e+40 4.566668401211698e+40 2.7197774541384505e+40 1.137486071550505e+41 8.969296620700845e+40 2.40556409771053e+40 2.9491509575554063e+41 1.90484151972189e+41 1.0443094364410104e+41 2.351020596938356e+57 1.619446808783344e+57
575 0.97452 11.135455890398916 10.282315597361778 8.59210753440857 8.8863682 7.91031788 9.448245248000001 10.882826213062462 0.03195182915136032 0.04667324691137665 0.005844975124053667 0.03649082675275616 4.503608736202356 12.060859198141797 2.4431559640054994 707830.0 1027392.0 10.23726789294156 5.446166769772404 5.390519335878051 9.522308085763733 0.1581049088641594 0.1435603989833269 0.006254518489843252 0.03153712423111756 56.357040221429045 66.56276228905487 8.791000938739955 9.4750242999766 7.36865403166856 8.615788544000305 10.155009011984834 13.427317740947199 0.026146205311332604 135.28099323489715 15.948785781860352 4.695392886749075 6.414879656444888 0.1269108698264617 0.022842082679519846 2.070514254151188e+41 9.3428117820741e+40 3.2729140221624493 0.05546639373121362 1.7762182499139914e+41 5.981041213267507 0.010320737057444095 9.023463755560146e+40 149.90929944219582 11.682416261144065 6.143701204156637 6.419069252447484 8.040176358141304 78.27062654542024 0.24711009920216595 0.21628846542071933 0.07247628976664741 0.09418208961792912 2.4897550076680506e+41 1.0976946087944963e+41 0.0441944847605225 10.866804139061477 10.340879275503037 246.13704592511965 173.33569055177932 1.7199133121300946e+58 1.0724405539246493e+58 6.281117969334369e+40 3.5780164521377775e+40 2.7031015217505447e+40 1.0992115886831307e+41 8.365274141317245e+40 2.626841740037596e+40 2.915557609722247e+41 2.0281287776223558e+41 8.874288358973349e+40 2.2344836525109364e+57 1.5108941176181462e+57
576 0.97611 11.135992638127846 10.281270496590722 7.468240737915039 10.243285018749999 8.13602635 9.31080008 10.882001783801114 0.03199979218428916 0.04676945479112393 0.005817234240746335 0.03650414942693623 4.482025088933549 12.06132518544546 2.442952992950515 713180.0 1039655.0 10.317335635034727 5.067677943049112 5.224060135758477 9.715888182427049 0.1557667252983954 0.10936669618571261 0.005994698311341827 0.03201277341384889 56.236927110057 65.9454560844834 8.761787236492976 9.478804716807725 7.232999885055128 8.580177085680143 10.153371959317438 13.450571351266081 0.02447470059726875 135.27491185826133 15.960284233093262 4.444107354039216 6.51027506440992 0.09718448976347567 0.023083170990563052 1.8197345531746655e+41 9.323849803694533e+40 3.029737367670253 0.033377653489877944 1.508549736477209e+41 6.03043956291415 0.009637649295945712 8.968478566866931e+40 149.85407542623875 18.216755945861323 12.559106902920426 12.087682502460057 11.095288478155089 136.16339211320687 0.2598218538264069 0.2737343330144892 0.08859008297133668 0.11506678959687404 4.351053056592056e+41 1.3646344980150443e+41 0.06023837316458807 10.865839528569873 10.340332718591963 246.1086556805751 173.26315883872502 1.703518425517405e+58 1.0591090941635139e+58 1.429459201985253e+41 1.1193740117397751e+41 3.1008518974553933e+40 1.367280022994358e+41 9.9978866664682e+40 3.674913573534721e+40 3.4396556897019885e+41 2.2940880608474767e+41 1.1455676286078407e+41 2.1995610151680374e+57 1.4898873128326569e+57
577 0.97771 11.135522611641976 10.28061208415041 8.440054535865784 9.7069068 8.40635808 9.264867584000001 10.881549864794936 0.03206977546213878 0.04677213419111541 0.005809809259457187 0.03717408336281538 5.590206551443751 12.061575440464832 2.4428949837929568 723277.0 1040202.0 10.563042888517854 4.671441031993205 5.153736978090935 9.710626987705455 0.1560794914524092 0.08802079147503813 0.005952339742970501 0.03206633807812814 55.87309915722385 65.1335259056872 8.779366141563075 9.463525655157902 7.342696545440125 8.5985129772265 10.15417941479819 13.473951606703096 0.02279817123686989 135.21215797558997 15.659394264221191 4.1331907538506645 6.4794400250541155 0.07803571543882869 0.023062384097749314 1.545011052771912e+41 9.129014634619871e+40 2.697335981577887 0.02106712097516114 1.2185486440157816e+41 5.9587637315212945 0.008781947356610342 8.746336739579358e+40 149.83129001238856 12.588118591148794 7.10742199691078 14.391099273491504 19.877611161075425 94.21701313118598 0.30198811593008623 0.1775017709981656 0.08000804042683526 0.10855542260981141 2.281099250228652e+41 2.6020071897731674e+41 0.12052026348107625 10.865214245332375 10.340281396357524 245.32153203060173 173.14709926954785 1.685926312296041e+58 1.0481055254716336e+58 1.5180486157533696e+41 9.099821581138219e+40 6.080664577868762e+40 2.6043253397936367e+41 2.0512976850026456e+41 5.530276540514052e+40 2.7795297026448994e+41 1.9330703316143146e+41 8.464593719858285e+40 2.140741172935894e+57 1.5100633231409326e+57
578 0.9793 11.136622463396009 10.2828162274424 10.018466711044312 7.467404 7.83002928 9.179454591999999 10.879792691066486 0.03207433334277321 0.046821452316979394 0.005760070363880428 0.037289111749952274 4.41124234687893 12.061933387365919 2.442490935944494 720339.0 1060602.0 10.586731202585819 4.217799674974638 4.945506899504682 9.981535279053759 0.15361647400084966 0.07708019015056271 0.005497414956283215 0.03275536496235663 56.176881879612125 65.25378192273732 8.802564797865612 9.480132443405317 7.309956585212402 8.627338093635457 10.152296815856568 13.497166241170168 0.02113754722761163 135.22092200656482 15.973435401916504 3.6011671561769147 6.613613946453951 0.06330537643907255 0.023330295824253954 1.319777968417795e+41 9.184324160923333e+40 2.2851085820049275 0.01716752929053749 1.022007153908146e+41 6.049355469636612 0.008605991951986263 8.768238683539945e+40 149.7353010751238 19.11947793810867 12.226980397999393 14.247827788604594 13.787729917448624 154.6949120426609 0.3324428986047184 0.23970454948914427 0.0831427841801738 0.10366443625350101 3.883419158842469e+41 1.6842692800706434e+41 0.056906282949823236 10.863748131794345 10.34101092724137 246.04713328714143 173.06561759592083 1.6658803961978894e+58 1.0342998702084402e+58 1.6016845488904204e+41 1.2047292764591153e+41 3.9695527239887705e+40 1.6869975346144458e+41 1.2722123897726042e+41 4.147851448691239e+40 6.848061895844836e+41 4.11932338735574e+41 2.728738516031887e+41 2.1437791590923364e+57 1.4709883265301152e+57
579 0.98089 11.13611924188052 10.279330380697559 18.82373881340027 9.998829650000001 8.09644124 9.16407328 10.879888623878767 0.032151255075018516 0.0469403079973176 0.005765243882468423 0.03791916362398549 5.871049824188676 12.062058357790729 2.442388189815893 733962.0 1068146.0 10.460010073833715 4.307995307263796 4.722089924851472 9.967405821579995 0.15400517816434073 0.09136025586705034 0.005342590624185842 0.032526411376076224 55.74732931232233 64.33505349373587 8.873211725018807 9.448869865737542 7.754149745862438 8.726420149636223 10.155634369993779 13.520361429876859 0.019482306884563982 135.14670911294212 15.580960273742676 3.6234901930176515 6.5413403482557975 0.07569554482284283 0.02297248205988031 1.4552191299419354e+41 8.950456012429305e+40 2.288273676471176 0.025557789599301932 1.146066229779337e+41 5.933718943945302 0.007917179055730082 8.50290977027988e+40 149.71304557640988 17.12944968921984 7.538836822632472 14.699346881968593 18.315524416570977 115.4445101180554 0.2789797991644359 0.1990411337303871 0.08748010040459382 0.10559611006032936 2.5259898345335037e+41 2.3193225830906913e+41 0.07117896887264126 10.862883994816903 10.341182665132214 244.98216284468765 173.12316116505775 1.6565182293799687e+58 1.0357861461290059e+58 1.629135386646091e+41 1.1053660899596037e+41 5.237692965362087e+40 2.3207165404838157e+41 1.8287195216060693e+41 4.919970186677166e+40 2.657099733027761e+41 1.912187539931484e+41 7.449121952395035e+40 2.1641557927873474e+57 1.6031705451511023e+57
580 0.98248 11.137324124314715 10.28001488253779 13.006965279579163 10.125600200000001 8.09283888 9.111651712 10.87838309324579 0.03217451164665464 0.046834110503165126 0.0057415447286109055 0.03834757731738762 4.502444894361028 12.062291039488963 2.442102159552331 736427.0 1075038.0 10.614074841582916 4.2518005436464 4.690828258319153 10.067893944809743 0.15726529407774248 0.08234309633229808 0.005157372614152785 0.03237685336691866 55.222701188254085 64.27740190805036 8.84954292014986 9.44552092033358 7.593659632222596 8.694593533363904 10.156054656608548 13.543537160704856 0.017832424069701203 135.1179741616513 15.962157249450684 3.598840904536971 6.596132177286746 0.07116620377413252 0.022638603850864553 1.354917862623574e+41 8.900980921645881e+40 2.1663496278572967 0.020744487867697125 1.0188664136070322e+41 5.964921249571807 0.007515211508813497 8.438947241278691e+40 149.62537578933032 11.85442991200301 4.725014154343017 8.725621190583269 12.188558391985893 74.93881699177169 0.2796544648279194 0.18286205916361786 0.07249634073782857 0.09572616671020892 1.6625352154977778e+41 1.5434040219535509e+41 0.04875195007800312 10.86111444792623 10.342449932134178 245.81256678700956 172.88465911399538 1.6371327396894245e+58 1.0224138650284468e+58 8.938177163214399e+40 5.257192136760117e+40 3.680985026706701e+40 1.5443884152874481e+41 1.2053138626925376e+41 3.3907455245948636e+40 1.488998459684334e+41 1.023510275842967e+41 4.654881845067009e+40 2.174764984305108e+57 1.5508515236249976e+57
581 0.98408 11.137845391338542 10.279412327604671 22.57282280921936 11.6833351 8.72765048 9.091361216 10.877090773920479 0.032231214597842665 0.04678921221942135 0.005710947353518891 0.03840597367987249 4.479718564620003 12.06243358925849 2.441804756532792 738786.0 1081819.0 10.577016346770115 3.961202256564682 4.578385995145186 10.046768828409586 0.1599186319600137 0.0679814307886201 0.005008811067327205 0.03245041507230058 55.079055634793164 64.25493086501191 8.950139192434106 9.43191422666888 7.962248512063695 8.820629393297578 10.158104065981513 13.566838997113857 0.01617754654093173 135.0764872530554 15.991827964782715 3.357690783450877 6.538932723921458 0.059436147105577306 0.0225328883580447 1.1758939978511899e+41 8.67520273914996e+40 1.8291985057924467 0.013723574873718102 7.992133949055307e+40 5.873099868767775 0.007184920354697094 8.188627197555442e+40 149.55398585190378 11.690683894805845 4.998616296500952 6.640698330369092 7.663557538597162 83.74662103228148 0.23736951095862865 0.17991554859810396 0.06943540018922599 0.09342832939547213 1.6076012070763235e+41 9.144584971442066e+40 0.04984786110613925 10.85968138991534 10.342219068697235 245.81522737246183 172.77477004989635 1.619644618278125e+58 1.0117464974262407e+58 6.756336191163756e+40 4.400886258709268e+40 2.3554499325730137e+40 9.182231645746916e+40 6.852040510171657e+40 2.3301911335892716e+40 1.5198438388332674e+41 8.765445297337922e+40 6.432993114592503e+40 2.176758789438456e+57 1.5245692710014794e+57
582 0.98567 11.138305053545752 10.280272851754175 11.994282364845276 10.0864474 8.87386768 9.026448384 10.875921328050117 0.03227308634949718 0.046802620588718376 0.005681836913171227 0.03815209842692568 4.377114526854162 12.062594303552558 2.4416280071501197 734324.0 1084872.0 10.324634034435748 3.5470544275198637 4.480860983092 9.955986513493844 0.1615969691785646 0.053414872626258124 0.004951440083020538 0.03192107141261729 55.20046158897194 63.951064245066476 8.865803917224179 9.475540890893763 7.485986726326933 8.708070392719284 10.148764174417781 13.589975654668757 0.014538334330962632 135.01994394400757 15.996389389038086 3.026527445327495 6.429884547323388 0.04729645773978135 0.0219925706737704 9.94521843178165e+40 8.410748916534158e+40 1.49138380024526 0.009213682683513316 6.082784842407769e+40 5.735650438784783 0.006711459361742673 7.90408466120309e+40 149.50141895476156 10.880814651071896 3.538273420340782 7.725448986879774 10.757294040007128 72.61691928827148 0.2519862726683289 0.13820782177923788 0.07159909928787005 0.09448364122548072 1.0762604715782753e+41 1.3190996299057496e+41 0.03672572093624725 10.858641678617293 10.342381277023952 245.7941237803424 172.69007529443664 1.6031888249328418e+58 1.0001978622496278e+58 7.825197274575024e+40 4.629081810698669e+40 3.1961154617788393e+40 1.3208474796671519e+41 1.0300695989084904e+41 2.9077788062192196e+40 9.023930151323023e+40 5.351129953047082e+40 3.6728002051610676e+40 2.1338826497233613e+57 1.4873370157278093e+57
583 0.98726 11.13861476076263 10.281736005262378 9.194039702415466 9.257308649999999 8.99990632 8.94915136 10.874427682701741 0.032315323719463496 0.046765607075933524 0.005647152136301687 0.03842890432717714 4.435457688265188 12.062826698361317 2.44135267180627 734551.0 1089219.0 10.480362186699088 3.119315549275537 4.378638765591681 9.873893469643834 0.1687916590760922 0.03985263177440544 0.004808957325417092 0.031902180428819586 55.49014046099399 63.65958804247353 8.761069052407846 9.492007569043095 7.394636571234576 8.601541020845442 10.144319055676737 13.613092820010133 0.012904402082531519 134.99005894020962 15.990468978881836 2.663521524269773 6.3301571247975055 0.035088552588183095 0.02189105085876566 8.321067219960677e+40 8.133908666276942e+40 1.1981197349870223 0.006065233449462234 4.616112713170785e+40 5.598197120801254 0.00642099772318843 7.601321679607891e+40 149.4325862620982 13.598604010310138 5.91234807658349 6.299535533143218 8.073619813860278 89.43994011808242 0.3052431106636727 0.14499841957524265 0.07292818922927734 0.08962418191425639 1.823573594254132e+41 9.809836014722397e+40 0.02963951935914553 10.85724161996518 10.343145748303943 245.74411143984958 172.61320182331676 1.583143612707394e+58 9.900009295485804e+57 6.334657303578873e+40 4.2757751423863953e+40 2.0588821620268928e+40 9.824974501085975e+40 7.576731634456265e+40 2.248242868128621e+40 3.88777750222407e+41 2.495489439058904e+41 1.3922880625534867e+41 2.103870013477728e+57 1.4666982751203694e+57
584 0.98885 11.138835354048297 10.281690347715394 12.22002637386322 9.653115 8.9544408 8.845822336000001 10.873436625150479 0.0323632015168697 0.04678757089280117 0.005614290765007357 0.03845241165699654 4.4131365863363365 12.0630760899006 2.4411174912510063 743154.0 1094363.0 10.249846930945631 3.399152004772841 4.234411355154461 9.80650835669582 0.16679470062664442 0.04713417474347233 0.0046977721498942405 0.031251258695007174 55.148961336449304 64.54116810473194 8.803748798014075 9.486383601426256 7.5077474733722545 8.654185285457118 10.146058979847412 13.636190482405054 0.01127572432623758 134.9567573546483 15.992491722106934 2.6639958964111212 6.231646342713724 0.03568243521723002 0.021283449088936948 1.0544526715445837e+41 7.884102571428749e+40 1.2984425286978045 0.012155867229939167 7.057240655870318e+40 5.471075990956679 0.006084551121483779 7.332646849234036e+40 149.37645055017006 12.141565627748902 5.298129250882295 6.961073502192602 8.429115319654109 91.91728349837271 0.24928613085376436 0.14725422172076916 0.07575446251228043 0.09010041563881399 1.8848144457077924e+41 1.0088760229357557e+41 0.03538532391771569 10.855958334472055 10.34392717829869 245.66792454926318 172.61593656059532 1.5740008056342488e+58 9.86231032392807e+57 7.348586485917531e+40 5.152194682913497e+40 2.1963917988216205e+40 1.010791595572924e+41 7.722559077618732e+40 2.385356872422234e+40 3.845737111739856e+41 2.5046631474377825e+41 1.3410739683977137e+41 2.1691557613258745e+57 1.5256221547654949e+57
585 0.99045 11.138919816934733 10.280229721246291 15.731301307678223 8.007472799999999 8.43635972 8.796521472 10.873015193363846 0.032397847959390456 0.04690547534660124 0.005615570809737899 0.03910383927159646 4.445613763224763 12.06330822711303 2.4409449445327773 762969.0 1096295.0 10.243146678143987 4.144858757041751 4.159374705008168 9.72638523146937 0.16951020723752508 0.057324033622450685 0.004672301335400316 0.029883318003196248 55.12666508719366 64.24098505269258 8.82316881278308 9.452987664707493 7.562781587106174 8.675984628364553 10.151792541997068 13.659413715280921 0.009642081881972686 134.91054835722375 15.977967262268066 3.332542628484087 6.142579121551937 0.04679108412211067 0.020174000682253283 1.3413085710650472e+41 7.676914048254689e+40 1.7405763281985585 0.01707612712783922 9.214107784217319e+40 5.366027716710331 0.0056845250535117985 7.11493575549426e+40 149.32782954364083 11.675550094492726 3.913088440241334 8.305579954279683 11.383284281254404 76.88142664888217 0.3080600576967973 0.159706600302231 0.0721432090510109 0.09610767292334263 1.4817397218671134e+41 1.3194998177238238e+41 0.03937387116195063 10.85482486121118 10.344917230682581 245.54855817928086 172.5147366438888 1.568524578535308e+58 9.834007672400529e+57 8.521183463187961e+40 5.340762543599171e+40 3.1804209056087466e+40 1.3203613993551707e+41 1.0473689790443846e+41 2.7299242027125747e+40 2.2809443631670794e+41 1.6386738405841818e+41 6.4227052480266245e+40 2.2707450224818158e+57 1.5806969676330976e+57
586 0.99204 11.13937955221352 10.278157557331983 12.044216990470886 11.433718599999999 8.41381664 8.769511040000001 10.872106937637373 0.03245685982000362 0.047020997077065724 0.005575551189461631 0.038181270020271454 4.39561852954801 12.063593147623026 2.440662447402351 781887.0 1100039.0 10.246690095565233 4.341944276619768 4.059875173459352 9.586853361392981 0.17104876596188126 0.05314399924253677 0.004490609741844368 0.0297245830598424 55.021229282747996 63.59105591291236 8.750844851196863 9.488394604136817 7.443211596817124 8.600426268141355 10.142200379953245 13.682472218117198 0.00802387000524174 134.89048080333987 15.997257232666016 3.6152840204313623 5.992137693397639 0.045100869230850785 0.019919952686907088 1.3600792926946826e+41 7.354526402926927e+40 1.8119700006434583 0.01515053220953829 8.673221697715121e+40 5.1805285396213225 0.005374007594764242 6.76756551963627e+40 149.2638165676582 11.492012522102867 5.922906823692629 6.130270689909188 7.550172563042632 85.8165951716334 0.2830934156209215 0.1695779098665096 0.06922473226267467 0.09712751846086684 2.0781198738701747e+41 8.432030871712532e+40 0.030364372469635626 10.85335471392284 10.344822755720807 245.52143203267732 172.4486112467685 1.559683093614869e+58 9.766997883606e+57 6.166100561009974e+40 4.2348941917607816e+40 1.931206368532499e+40 8.456161904788528e+40 6.234114031122694e+40 2.222047873088167e+40 2.3246047198915717e+41 1.5795438211739975e+41 7.4506089797647e+40 2.3423349747937166e+57 1.5965939562321552e+57
587 0.99363 11.13944618954873 10.279237502867904 10.370020747184753 6.209393775000001 7.64030561 8.642699584 10.871314346326775 0.03247700702867445 0.047201315681848516 0.0055339258575258805 0.03828698320164643 4.48222670070994 12.063806848934707 2.440476257580785 791198.0 1104318.0 10.123529808263463 4.13101681280029 3.9464561207625204 9.494807635725023 0.17013124417396533 0.04823012803369189 0.004415077389106079 0.02950228123888185 54.93454742144647 62.92637359488102 8.810839151750436 9.475830064561052 7.5259146957007985 8.667485689054368 10.146547031404651 13.705511187770595 0.006410837031893157 134.84457921007726 16.00772476196289 3.5522778045707066 5.88009075772186 0.04174441861535101 0.01975898626614812 1.2777715752428513e+41 7.128620396212653e+40 1.6665614783861988 0.013940211219899128 7.566770717010958e+40 5.045417067331147 0.005701619743998822 6.5244113302595675e+40 149.23278288865293 11.424129819333103 5.60086235673271 7.856500166055822 10.325470379543773 77.74141879717908 0.24910205514992564 0.1603664340273645 0.07474438233317444 0.09722081521035215 1.8004929899671423e+41 1.2044164823615865e+41 0.05801391149918603 10.852410255430758 10.346124697088399 245.4778218825613 172.41657394379763 1.5492727285010667e+58 9.701381259447096e+57 8.296769773504453e+40 5.58348254578643e+40 2.713287227530556e+40 1.2066116823089326e+41 9.325966841104777e+40 2.740149981254239e+40 1.7692106606171528e+41 1.0549748024819017e+41 7.142358578969547e+40 2.3544956618866435e+57 1.6086690979562702e+57
588 0.99522 11.139832797860887 10.279630955237794 14.258568048477173 7.870609699999999 7.4890476800000005 8.449140096 10.870252564066167 0.03250843301935087 0.04719605538540289 0.005498576219404741 0.03814563165415237 4.351160003700623 12.064109590484309 2.440249581524343 801868.0 1106895.0 10.229658349875377 4.132572094172351 3.9049224574794086 9.452047801148533 0.16805735075040382 0.04367728506375948 0.0043544483301862355 0.029648878347969455 55.21253743569116 62.15223853234239 8.763436697336164 9.454376698584905 7.47511123396939 8.610245801825931 10.151401590528048 13.728530614849534 0.0048029581399087196 134.81896891254516 16.05420684814453 3.4976960446723857 5.8231750701619855 0.03772905128120438 0.01989375733799191 1.179728982265043e+41 6.977066187762703e+40 1.5721647128714857 0.011661928928619827 6.618106747171233e+40 4.962858495126374 0.0060721273281033016 6.355261565434846e+40 149.16985971917285 13.226070018477932 7.709687914134261 6.409884210180967 8.836597685570851 84.48317681469264 0.26588761203425415 0.1650221773008757 0.0779997980962889 0.09790869734318759 2.3195100061639596e+41 1.0532569619512195e+41 0.08964728122978956 10.851282048363256 10.346523347297376 245.5348561964166 172.346900233167 1.535983113922409e+58 9.638314719753694e+57 6.51085702667712e+40 4.687430518237016e+40 1.8234265099110172e+40 1.0555901827522212e+41 8.056501839583891e+40 2.4993999856009346e+40 3.1192447196486875e+41 1.8629272216679395e+41 1.256317501994921e+41 2.354502976670586e+57 1.617331876465264e+57
589 0.99682 11.140357023591257 10.278481576848334 10.24180781841278 9.272173275 7.49833224 8.370699680000001 10.869464821371967 0.032552653131051656 0.04726946678979533 0.0054633711810259 0.03814459140175975 4.410480057646108 12.064393985913576 2.4400407553294414 815400.0 1111756.0 10.250269268834634 4.33476960003398 3.841753485798543 9.506129533879296 0.16604884628378244 0.03872134543173617 0.004375939869577421 0.030172937771736977 55.30179014645325 62.027409558144505 8.787298015165964 9.448841557621996 7.396900941820823 8.634784641857173 10.151328303104513 13.751675081706656 0.0031901446600188788 134.78724239300516 16.055416107177734 3.5909685855380213 5.843482836834131 0.032774161197025836 0.02040185041847057 1.2067211921274732e+41 6.95585290749313e+40 1.6566193507088793 0.009629087093094601 6.795568630243818e+40 4.9638310265130805 0.006588406892920649 6.322335941984416e+40 149.11331159477587 12.100107462920395 4.329567024600405 8.302388464085073 9.481776424861868 89.33333225877696 0.3144634214278561 0.1328760058046123 0.07395968107123028 0.09927296853060395 1.372467277985547e+41 9.656284306006208e+40 0.024359594006766554 10.850190968953575 10.346394856679368 245.48340001089835 172.29438369077732 1.5266574413164465e+58 9.616991084724889e+57 8.513514780901475e+40 5.914903247727778e+40 2.5986115387469477e+40 9.673084018641398e+40 7.394218315038378e+40 2.27886570111953e+40 2.1214328967226946e+41 1.4616467821552279e+41 6.597861138218258e+40 2.365169864143498e+57 1.6596668616573826e+57
590 0.99841 11.140880983833988 10.278745613518128 12.298016548156738 9.027251 7.37158528 8.254726656 10.868536322165962 0.03259217591356602 0.04729339527389708 0.00541732550815485 0.03760925934793768 4.388172957418444 12.064678195229877 2.4398340757320445 823028.0 1114816.0 10.194817234764107 4.098139594671822 3.7652395755174344 9.366252711900557 0.1660495829765384 0.03422564616662333 0.004306947365272937 0.029847578187869567 55.01882177836382 61.10943948572344 8.857002480987076 9.447185919597564 7.542488185851657 8.708716942154018 10.152619391820808 13.774655273723265 0.0015925321260803482 134.75600987349088 16.095888137817383 3.4627187906582075 5.698638636355927 0.029313695658291925 0.020087170106321304 1.1445710010402802e+41 6.688461325528243e+40 1.5425897525803147 0.007387879261878657 6.238909662511277e+40 4.785550564854261 0.006463450916425876 6.029180094047097e+40 149.0671550910947 107.96234909140382 149.67311630829968 144.11791597315084 157.26596223514326 1161.9512178268567 1.887553944483205 2.6330458837303454 1.0006481609692923 0.9450023182714696 4.0694260234063905e+42 1.793024849413765e+42 0.16005291005291006 10.848962224974713 10.347440034783403 245.52091313055823 172.25469545843026 1.5183183638556315e+58 9.548083462605903e+57 1.4463398718843226e+42 1.1486316875501322e+42 2.9770818376481104e+41 1.7925765679579734e+42 1.3151261270679748e+42 4.77450441683513e+41 4.277081395661376e+42 2.6090822105208468e+42 1.667999186958918e+42 2.3903196830353213e+57 1.659819887780096e+57
591 0.99857 11.140097004547611 10.276683700358074 21.1055965423584 9.3750404 7.2934567999999995 8.243163904 10.868813207201148 0.03261582440442887 0.04741312921358415 0.005437966262724265 0.03785378733971467 5.58822193114345 12.064749618230254 2.439879014447016 825464.0 1121250.0 10.22467507181969 4.22033332638567 3.684271966650956 9.604133918366658 0.16838018551447673 0.0342146513894649 0.00445603283676083 0.03002397126396578 55.32855833665628 61.804584740264474 8.879273443822306 9.427322523897883 7.703717938145916 8.740182819592341 10.154315822697521 13.776966662338022 0.001432047828394678 134.74932212260148 15.825139045715332 3.5834764778674857 5.883675440567691 0.02896499720867026 0.02036296870459918 1.2168582097025797e+41 6.968878837902534e+40 1.713860732890633 0.007417424552728454 6.934973155470727e+40 4.993224899375641 0.0069799356725700045 6.330125629599215e+40 149.0832771092297 166.125043944154 106.53821512445609 171.33295773222494 169.5349203987622 969.5752470765417 2.970211739347511 1.894872022991143 0.9431231669578871 1.0908211933114007 2.899234973508828e+42 1.7539304786018992e+42 0.13094739779545136 10.849352275345232 10.345360555852324 244.897621929969 172.23536271983104 1.51852550134424e+58 9.600087536981498e+57 1.955137561837273e+42 1.405361335960026e+42 5.497762256489146e+41 1.7559001840650816e+42 1.4084953175324665e+42 3.474048665629063e+41 3.453926244630013e+42 2.3155624233264424e+42 1.1383638230003346e+42 2.371350558986011e+57 1.70818844316162e+57
592 0.99873 11.141039539692263 10.27910520091261 15.405001401901245 10.1345614 7.3370504 8.230988928 10.8680811851508 0.03260442824465892 0.04723812000832915 0.005406092399902645 0.037548702517003534 4.388648224864865 12.064749618230254 2.439741936826598 823337.0 1115359.0 10.153284661476304 4.020735022182756 3.761078269689141 9.352411379461916 0.16553629526598812 0.03294888702192662 0.004212471165316022 0.030182562055393533 54.99512938650065 60.98693308038708 8.896164257505127 9.434967913951088 7.666177375127834 8.757120890510153 10.155221834222653 13.77927785278646 0.0012716149509877095 134.75979366973732 16.11542320251465 3.408682151513636 5.680340842533947 0.028283906912971116 0.020318488427727946 1.1180613389760962e+41 6.633551563086357e+40 1.5358755249654097 0.006989530762477088 6.127476105896681e+40 4.74994369695039 0.006514415761028915 5.963213058418788e+40 149.04724994877324 37.95620300278645 38.31847589210453 38.13382570029452 39.73066721381676 340.2206405700331 1.4060575715075716 1.3646728110005788 0.757843374980758 0.8295868910889512 1.0480653440701407e+42 4.2221533869406156e+41 0.11350627207404701 10.848554420333912 10.3475311239169 245.56202735009734 172.25143097447875 1.5152028310790424e+58 9.522149344549141e+57 3.710560550538002e+41 2.940843222936837e+41 7.697173284348533e+40 4.253117010465991e+41 2.9336043313651443e+41 1.3195126789349706e+41 1.1829232828116513e+42 6.620093766699642e+41 5.2091390690971075e+41 2.394176557691968e+57 1.6455906073577097e+57
593 0.99888 11.141081708427865 10.27859222335071 15.612298965454102 10.48060815 7.39264768 8.193189824000001 10.86809926354548 0.032610517056408016 0.047262370967388556 0.0054052147029649295 0.037648479946837586 4.334835005775006 12.064749618230254 2.439744184349566 824394.0 1116811.0 10.150308713390137 4.020837292001049 3.735677407120415 9.386419343205576 0.1663481391971016 0.03240177414334808 0.004253808708361671 0.030135989942682913 55.083790654756015 61.186427723593546 8.874836168723554 9.439942894994743 7.701358342048076 8.741358245478967 10.153688003790514 13.78144441384916 0.0011212558065032407 134.7493263008678 16.120752334594727 3.4168749420924893 5.704989593693171 0.02805187385884679 0.02031761562870851 1.1261576543602304e+41 6.677079305232232e+40 1.555562777625603 0.006916825718282013 6.197540881205814e+40 4.782471882052175 0.006621645992241433 6.01283515592205e+40 149.05141310074416 31.369885478771856 25.09056036668637 29.350307274075906 32.91078097727859 169.37756222708876 1.1260200173044614 1.1804670802839556 0.6703852199660978 0.7029791392619607 6.305836964802575e+41 3.454998030297594e+41 0.14972067039106146 10.848539316364327 10.347200146585282 245.56600140528636 172.25222094140406 1.5154060033613024e+58 9.530271566607686e+57 2.8654527950052213e+41 2.0912441805021683e+41 7.742086167816626e+40 3.475619510389695e+41 2.625052319593907e+41 8.505671919727292e+40 6.759955925400023e+41 2.797008694558587e+41 3.962947235632237e+41 2.3910541149160043e+57 1.657849354566511e+57
594 0.99905 11.141147818423757 10.278421808576542 12.52148985862732 10.2581208 7.38696576 8.158131072 10.868016519208528 0.032614137958077806 0.04726772560420711 0.005405987635335298 0.03760273844386649 4.280846861261261 12.064767205674231 2.439721708596466 826304.0 1117028.0 10.24797609610931 4.064535280625947 3.745088351540101 9.396542142832793 0.1671367490213037 0.0321165045048457 0.004261982373602446 0.030009585441371153 55.0458644763606 61.01944476065431 8.864304545101376 9.447490251195998 7.534449761875313 8.722110519300003 10.151714922372884 13.783899639150947 0.0009509033581902582 134.7440760834706 16.134723663330078 3.464283572360882 5.713562583806518 0.02788884139187183 0.02022312239871233 1.1332483195922128e+41 6.681390073158562e+40 1.5641967693440944 0.006760338193515406 6.180925746528154e+40 4.789619317360184 0.006630426790195334 6.016372382632169e+40 149.04275485044025 42.92262513708769 47.052319187903855 49.45450959960246 47.444120732280254 430.20756769732344 1.4852061985076175 1.4652940925719835 0.8026870811541821 0.8337967979297377 1.3222090372241937e+42 5.1117691331935e+41 0.12229736165349081 10.848393889164841 10.347241465650617 245.59309074192092 172.23914242423663 1.5133332572800542e+58 9.529108820018938e+57 5.039895419299748e+41 4.0378944400325826e+41 1.0020009839486079e+41 5.127605911143687e+41 3.607721052880068e+41 1.5198848577014155e+41 1.4577815760444684e+42 8.789793749285957e+41 5.788022026986994e+41 2.384144890671287e+57 1.663459505571153e+57
595 0.9992 11.141065552960644 10.278036745223746 10.761574387550354 10.010452599999999 7.356148800000001 8.148291072000001 10.868088837644443 0.03261882299682612 0.04732113874606283 0.005403665284453282 0.037444370382268354 4.445248761561561 12.064767205674231 2.439744184349566 827097.0 1118440.0 10.223953635383763 4.015315404909582 3.707258051026606 9.422987536330055 0.1685291786783047 0.031465338153976286 0.004316847327138486 0.029871193823859676 55.18853634972519 61.19213664339664 8.855621324600174 9.446948283470888 7.460691357280589 8.71240881349325 10.151685090609124 13.7860658286132 0.0008006405124099114 134.73047545365142 16.10167694091797 3.4341009747708444 5.730360043833178 0.027311689540954972 0.02014755396781968 1.1279048103455724e+41 6.711054620364581e+40 1.5587048983466678 0.00645809031896168 6.148788068798307e+40 4.811284477108634 0.006698603552339324 6.049513810026155e+40 149.04993837429896 118.33835181961024 99.71008789308321 135.32286648093088 142.55338173365092 680.6977772337316 2.3903620222799478 1.5159640476540517 0.909538789437635 1.0428663040193122 3.0198326846586864e+42 1.476147833552573e+42 0.0887155297532656 10.84847244907744 10.346903734607647 245.51937094835816 172.2339406760725 1.5134843833569154e+58 9.5349321850075e+57 1.4992443279663563e+42 1.1192069340461483e+42 3.800373932566047e+41 1.479072070982197e+42 1.2050137124338548e+42 2.740583576826498e+41 3.685771344734763e+42 2.5378131687726188e+42 1.1479581780385523e+42 2.38361560103904e+57 1.6750782340031314e+57
596 0.99936 11.14073219748213 10.27973046099316 12.615643978118896 9.92128915 7.38599376 8.144142832 10.867496851537485 0.03264061694609719 0.047259302587686895 0.005374680398814608 0.036942761503811046 5.425714123354124 12.064767205674231 2.439613808787261 822955.0 1116052.0 9.866939616856595 3.666930754496698 3.7078174019256704 9.228645095207607 0.16381839419273903 0.03011109093260984 0.0040805139576015085 0.030386616800309907 55.288951252391506 60.66167903837351 8.864653594071369 9.455705668542192 7.551448375465179 8.723413987616182 10.153263542665725 13.788376238700774 0.0006404098623118415 134.73991268005238 15.884664535522461 3.1456643110737335 5.561329003098798 0.026284019699277603 0.020423763758047782 1.026716575949995e+41 6.438776688126025e+40 1.4294973335789658 0.0063199577860053 5.645264009411197e+40 4.605536477977513 0.006466729499782452 5.750201498168179e+40 149.02814841129043 129.0857538590746 125.35328727570993 154.04704326414182 161.17720262389298 956.6147054930221 1.560238800825675 2.413997277332435 1.002619729197011 0.9730736225029901 3.107651964884827e+42 1.8106260574738128e+42 0.13911858246251704 10.848113809638974 10.347525191662374 245.05935946625246 172.2733739639667 1.5147185768453176e+58 9.479829345813343e+57 1.639010635688033e+42 1.2936885724664598e+42 3.4532206376569522e+41 1.8146945465664818e+42 1.407390662883261e+42 4.073038830261075e+41 3.703200556998075e+42 1.9405586270960985e+42 1.7626419305311242e+42 2.4287971293031333e+57 1.624575626313938e+57
597 0.99952 11.141250021194265 10.278550422841068 13.080057382583618 9.8473708 7.45906664 8.147664896 10.8676199910534 0.03262745778659462 0.04726417149910798 0.005399680087304658 0.03767333774292746 4.417920781023074 12.064767205674231 2.4395980711583993 829344.0 1117017.0 10.40304389751437 4.087730931111248 3.756988306755641 9.380327083839163 0.16752885128344 0.030766322083780565 0.004222638515620661 0.03004774851715772 55.054044069010494 60.750341256028804 8.87530698369593 9.444510230088 7.653980439170037 8.740331469705522 10.151653390644526 13.790686450581065 0.0004802305106450522 134.7315690062105 16.121919631958008 3.5099105559545 5.697761234331504 0.026826785494297293 0.020242509393980215 1.1282671254372962e+41 6.632053063430729e+40 1.5551249073267672 0.006188359555202017 6.038784016558486e+40 4.760178920624718 0.0066021332793877755 5.957709187038933e+40 149.022100767302 49.74306649333116 46.266332680312246 52.41056658155748 51.46059040289756 454.74198687071964 1.543125328006342 1.2304301726383182 0.7330461753907993 0.780436827546285 1.3649869649101875e+42 5.578165585204471e+41 0.06848013816925734 10.847961378285415 10.34740736842049 245.56182937968734 172.2117623998279 1.508265043995287e+58 9.51586670469924e+57 5.48370302098611e+41 4.34426734840205e+41 1.1394356734123615e+41 5.625654689068677e+41 4.087589836621792e+41 1.5380648483344517e+41 1.517412705905568e+42 9.59320698576562e+41 5.580920052485457e+41 2.3757042896379314e+57 1.6687649481658002e+57
598 0.99968 11.14132765718407 10.278384612479819 14.62682557106018 10.210416725 7.600673219999999 8.156488904 10.867561627041997 0.03263404598189005 0.04726842075065323 0.005391698207386716 0.03757395790176136 4.309765732649572 12.064784792406005 2.439616056973402 828518.0 1118872.0 10.298970469588264 3.957238363415404 3.713835621492277 9.392772186469857 0.16874168133812045 0.03010123976715502 0.004250926639556171 0.029980003090709827 55.274061628689196 60.76243061476921 8.891106254069213 9.44945777534096 7.645238330762243 8.757705858731791 10.151047152752868 13.792996464245865 0.0003201024327785795 134.72072469999938 16.139694213867188 3.408620073182063 5.700068190283589 0.026122814725288473 0.020208486506247264 1.1034666513772476e+41 6.636529194752822e+40 1.538019167360757 0.006028105739787146 5.97104751208893e+40 4.7633739963568695 0.006672141204257662 5.963142798085738e+40 149.0268828312222 105.04583736623971 118.18219551372783 138.72383585989525 137.2696790297565 923.7915149293871 1.432930228475901 2.362000633242669 0.903696294068221 0.9894242566039384 2.986458876281688e+42 1.5077645233515897e+42 0.20581286209017058 10.847923697076366 10.347191340293389 245.60624551322616 172.22646366099232 1.5083032092739015e+58 9.507157098962292e+57 1.5371115606346394e+42 1.2239322252019226e+42 3.1317933605110216e+41 1.510364160115681e+42 1.1630811776351883e+42 3.4728298304288038e+41 3.45931631151934e+42 1.95676790382089e+42 1.5025484101646098e+42 2.379260886545866e+57 1.6679885522504094e+57
599 0.99984 11.140657925922648 10.2766245867572 18.5102322101593 10.6208806 7.698113759999999 8.16526848 10.867918197199268 0.03265874395014269 0.04726644912226091 0.005423507684969787 0.03792759179382048 5.537840915389234 12.064873781007748 2.4396497783690276 834233.0 1117528.0 10.87499155167138 4.337957011257482 3.7805827849255476 9.425606040832122 0.17224665656674162 0.03152827754264236 0.00444106906740219 0.029437638542621235 54.97103454605418 60.63626021060924 8.889302921891428 9.437294564102912 7.7593873660684825 8.76113081279788 10.150309225328032 13.795306279687015 0.00016002560409678068 134.71851658044025 15.83922290802002 3.751598517230522 5.743146662601389 0.027236006597635774 0.019841658849224075 1.1808539633024007e+41 6.708836445693185e+40 1.558137516277365 0.00571190886287233 5.961088509851322e+40 4.825323576581024 0.006591172045274595 6.048193155939814e+40 149.01784517229817 128.51643866505174 99.15953378719509 137.52798730715082 138.782474014933 798.1315769279465 2.5473308889134207 1.411497863427896 0.9395067687206331 0.988851080182501 3.0602380184612315e+42 1.51069930419649e+42 0.06073752711496746 10.848122230794106 10.34624470254577 244.91858710051773 172.1367696360206 1.5062514080465407e+58 9.554585355120512e+57 1.510391631236032e+42 1.1592282551251486e+42 3.511633754679573e+41 1.5140039962825043e+42 1.2132242028127845e+42 3.0077979330858023e+41 3.2843133918532076e+42 2.2909493208669733e+42 9.933640706860905e+41 2.3563518024571097e+57 1.7163054832877487e+57
600 1.0 11.141537820957629 10.27823013978209 19.409112453460693 11.3139694 7.83119872 8.179907583999999 10.867334225632787 0.03264971550397974 0.047222881580219506 0.005379249488277196 0.03745885717383079 4.310899810066476 12.064873781007748 2.4395913262857336 829437.0 1118783.0 10.31483843956616 3.891238870265243 3.7126383630515813 9.345719163423597 0.16823917213952377 0.02900958992600423 0.004207936376000474 0.029954159409079795 55.23760068230231 60.60214649000819 8.881955509362877 9.441044580944897 7.7477663783685236 8.752336735948875 10.151977768834644 13.797615896896387 0.0 134.71680419060982 16.15375518798828 3.3692560833805656 5.657120044636478 0.02529013640360109 0.020161812968714696 1.0789496001064823e+41 6.566373639978149e+40 1.4938490134259286 0.0056242199317982555 5.751619394167847e+40 4.7144544998456634 0.006572990406363653 5.88833112756156e+40 149.0094571714396 0.0 0.0 0.0 0.0 0.0 0.0 0.0 0.0 0.0 0.0 0.0 0.0 nan nan 245.61480895360606 172.21439335703676 nan nan nan nan nan nan nan nan nan nan nan nan nan
